# 3ds Max Wavefront OBJ Exporter v0.97b - (c)2007 guruware
# File Created: 30.05.2016 15:54:54

mtllib Rock_02.mtl

#
# object Rock_002
#

v  -9.657250 3.709553 21.803608
v  -10.444374 4.529606 22.015049
v  -11.213441 3.934254 22.117214
v  -11.054501 3.279415 21.955845
v  -13.012875 3.817062 21.883465
v  -12.820978 4.652836 21.993153
v  -12.272476 5.615410 22.198093
v  -13.814426 40.936859 41.178150
v  -10.917749 41.905357 41.136196
v  -12.859616 44.867176 41.392094
v  -15.683580 43.236374 40.947887
v  -9.990357 47.907326 40.932980
v  -12.614410 47.788410 41.490627
v  -9.398328 45.366955 40.896824
v  -7.915142 42.773964 40.703007
v  -17.510691 44.832760 40.983646
v  -15.715879 46.185837 41.545910
v  -15.096163 48.087292 41.467136
v  36.223564 36.082424 28.060242
v  37.136055 37.685654 27.603088
v  35.849403 39.248810 29.332130
v  35.026863 36.581715 29.495220
v  33.900940 36.727722 30.966816
v  33.842438 39.181488 30.995113
v  33.474846 41.881214 31.255753
v  34.681679 42.149216 29.612240
v  38.490669 38.845955 26.855938
v  37.364120 40.591606 27.700096
v  36.223434 42.628410 28.049213
v  7.630832 63.547287 36.533199
v  5.916186 65.168365 35.330517
v  4.933071 63.573338 35.509136
v  6.911792 61.800438 36.619328
v  2.825360 65.542801 34.202702
v  3.389137 63.485016 34.896801
v  3.700815 66.318321 34.323292
v  4.734100 67.229767 34.252972
v  3.644488 61.618164 35.360752
v  5.029117 61.149620 35.785130
v  6.672584 60.206429 36.671139
v  34.776588 48.310547 26.111759
v  35.769890 47.568947 24.755337
v  35.999763 48.165779 25.321449
v  35.330750 49.081619 26.335167
v  37.223976 47.666656 23.966236
v  36.972923 48.500126 24.901215
v  36.330353 49.627769 26.285225
v  48.927902 42.426811 10.166761
v  49.345070 43.265881 8.229147
v  48.177475 46.360207 8.410030
v  47.823822 44.914486 10.897441
v  46.815300 46.999260 12.316157
v  47.233742 48.662056 10.515483
v  49.801788 43.453693 6.479787
v  48.953712 45.925316 6.025901
v  45.984528 49.635841 8.960278
v  47.305824 48.757713 7.168882
v  47.880058 47.992554 5.268835
v  22.942808 50.229458 -26.777199
v  23.883537 47.506218 -26.959415
v  23.441826 48.011368 -27.579136
v  22.449560 50.880131 -27.445648
v  22.633337 49.358589 -28.286545
v  22.193684 50.250523 -27.768547
v  23.685131 46.948048 -28.140316
v  21.800520 51.760193 -27.652702
v  5.413723 81.388809 -11.089075
v  3.093313 80.181808 -12.189248
v  1.026545 80.527504 -9.919894
v  4.452247 81.893776 -9.274402
v  3.858963 82.648445 -8.014382
v  0.748380 81.280243 -8.251425
v  -2.331658 80.894119 -7.463027
v  -2.440010 80.412872 -8.754295
v  1.221870 79.291542 -13.500039
v  -0.765721 79.585136 -11.687898
v  -3.099417 79.811417 -10.274974
v  9.842526 89.848099 -0.879234
v  11.489830 90.194839 2.168572
v  12.896428 88.380646 1.745214
v  10.850402 88.561218 -1.788752
v  12.351172 90.382217 5.256120
v  13.297465 88.870468 5.241541
v  11.654460 87.345665 -3.105412
v  14.031126 87.059311 -0.684564
v  15.889460 85.635803 1.204005
v  14.961027 86.595123 3.396390
v  14.725499 87.192795 5.711623
v  20.438726 0.000000 29.544109
v  20.931091 0.000000 30.927235
v  19.980946 0.000000 30.835522
v  19.565744 0.000000 29.966808
v  20.394640 0.000000 31.869999
v  19.395981 0.000000 31.488701
v  18.621277 0.000000 30.435131
v  11.120185 6.323463 29.108356
v  10.406272 7.645111 29.391277
v  9.954439 7.319775 28.435566
v  10.298789 6.333313 28.030949
v  9.144033 6.582731 27.108444
v  9.099686 7.891428 27.988209
v  9.155948 8.750483 29.210361
v  -32.482208 4.105682 0.024163
v  -32.370949 3.329361 1.699890
v  -33.780060 3.795715 1.728651
v  -34.313545 4.654438 0.513502
v  -33.035271 2.696774 3.416680
v  -34.761665 3.668007 2.866364
v  -35.929108 5.024761 1.749697
v  0.820159 0.832500 3.169997
v  2.134248 0.594604 5.550790
v  -0.024061 0.562691 6.605231
v  -0.703537 1.099663 3.787467
v  -2.601997 0.946144 4.114548
v  -2.801371 0.783718 6.362510
v  3.777219 0.000000 7.469935
v  2.396949 0.000000 8.588530
v  -3.273303 0.546318 8.567836
v  -1.042985 0.304859 8.988297
v  1.190613 0.000000 10.041167
v  -17.451496 48.157112 41.567455
v  -17.344543 46.865578 41.586353
v  -18.923573 46.279434 40.792042
v  -20.015511 47.523010 41.158634
v  29.444342 1.506481 -16.334656
v  30.835070 1.826225 -16.616547
v  32.604271 0.380840 -13.482584
v  29.866816 0.663239 -13.860032
v  34.882149 0.000000 -8.897170
v  32.241936 0.000000 -10.546332
v  35.440475 0.219917 -10.418168
v  36.197037 0.432446 -11.467323
v  33.923286 1.050224 -14.480115
v  32.016548 1.992413 -17.217945
v  29.896250 0.000000 -11.294800
v  16.642185 46.872688 31.311314
v  16.127077 48.416100 31.597317
v  13.537191 48.033737 33.297314
v  14.619796 45.818703 32.620098
v  9.532947 46.961102 35.525394
v  11.236561 45.653553 34.448185
v  11.168815 49.243629 34.675663
v  12.631769 43.932377 33.813221
v  16.760841 50.286259 32.079578
v  14.488959 50.828583 32.909344
v  12.352534 51.461548 34.416439
v  17.682871 48.764030 30.849377
v  18.738855 49.854561 30.955097
v  18.503544 47.899456 30.562248
v  20.110689 49.063980 30.436985
v  -15.068007 8.080740 -14.184877
v  -16.636038 8.393270 -13.773837
v  -16.957813 8.618574 -14.865755
v  -16.007734 8.607252 -15.475210
v  -18.113428 8.688837 -13.692529
v  -17.961191 9.040800 -15.041301
v  -17.275673 9.190186 -16.177345
v  30.137371 52.323288 30.741455
v  31.480146 49.377434 30.325031
v  33.133125 49.008659 28.205353
v  31.093172 52.325020 28.726616
v  32.567566 46.710487 29.838409
v  33.658722 46.383526 27.600742
v  35.180527 46.021893 25.760529
v  34.619759 47.294811 25.815659
v  32.302429 52.678177 27.613274
v  33.626747 50.172852 27.428940
v  -0.633228 62.406746 31.853756
v  -1.050694 63.401817 32.015522
v  -1.910276 63.251518 31.664459
v  -2.103515 62.583477 31.667435
v  -1.674177 64.476540 31.838810
v  -2.545647 63.995781 31.261211
v  -3.181056 63.267410 31.154690
v  17.296230 7.138630 -22.357468
v  17.403900 7.818924 -24.097134
v  18.570562 7.520275 -23.837460
v  18.634832 6.889925 -22.634804
v  20.052193 6.823261 -23.169510
v  19.070541 7.118210 -24.775406
v  17.722511 7.868896 -25.732666
v  -0.558246 64.986214 32.350811
v  0.354621 65.581329 32.962391
v  -0.292398 66.606415 32.855534
v  -1.398726 66.396347 32.593906
v  -1.457929 68.241455 32.028614
v  -0.098680 68.019623 33.198475
v  1.013819 66.589615 33.495556
v  2.059450 74.369431 30.330120
v  0.532444 74.041786 29.905994
v  0.510832 70.634354 32.500431
v  2.147598 71.778992 32.453335
v  2.899487 68.926346 33.664349
v  1.895659 67.899536 33.840466
v  -1.521447 70.497551 31.742496
v  -1.512241 72.637634 30.402546
v  2.315844 77.182602 28.526825
v  1.420721 77.137283 27.944798
v  0.590752 77.063301 27.146214
v  -0.519470 75.547745 28.732117
v  -1.883488 74.110519 29.311684
v  19.509146 10.862762 -31.256622
v  19.674709 12.541170 -31.953159
v  22.303127 11.634033 -31.076519
v  21.818520 9.477621 -30.381237
v  23.376051 16.239452 -31.926392
v  23.989515 12.585999 -30.559166
v  21.678440 15.675808 -32.456226
v  24.182186 7.206995 -28.440990
v  25.325144 8.690205 -28.846203
v  25.862906 9.773785 -28.371250
v  19.750099 15.501232 -32.594852
v  29.567245 42.307228 -22.368401
v  30.619242 42.872253 -21.468552
v  31.060595 41.336037 -21.249912
v  30.458538 40.676678 -21.554981
v  31.644701 42.839161 -20.294312
v  31.841482 40.911686 -20.321110
v  31.485428 39.587273 -20.660141
v  9.189678 29.164024 -37.782436
v  9.219083 30.505398 -39.057186
v  10.564878 30.299757 -39.118938
v  10.844359 29.230049 -38.481075
v  12.615428 30.002934 -38.933796
v  11.552601 31.515442 -39.465694
v  9.997566 32.369377 -39.423527
v  12.645355 81.716583 16.046848
v  14.001864 81.354889 15.670581
v  13.466440 82.585083 14.851592
v  12.676692 83.301559 15.126489
v  15.060672 81.326187 14.781188
v  13.951992 82.639221 14.097339
v  13.065989 83.978195 14.118182
v  21.597887 51.925232 -28.028698
v  21.377995 52.426346 -27.802769
v  27.333628 54.745747 -19.826031
v  29.024122 54.890499 -18.287949
v  29.762869 53.139526 -18.942333
v  28.753014 53.099243 -20.062626
v  31.626366 51.003029 -17.915909
v  30.011139 51.061939 -19.811584
v  31.903822 52.847713 -16.781143
v  17.659992 35.903999 -39.158764
v  18.306858 38.994278 -38.190968
v  20.667791 37.394245 -36.940380
v  19.159327 33.829220 -38.031673
v  19.752695 31.261465 -37.014507
v  21.610518 33.338291 -36.396580
v  23.343374 34.918091 -35.568104
v  22.462652 38.537800 -35.200039
v  18.065367 41.992332 -37.029720
v  20.255096 41.670334 -35.946896
v  21.590763 41.782482 -34.577419
v  -0.954241 44.191845 -38.309872
v  -0.116199 43.860409 -39.451397
v  -1.179056 42.812035 -39.430859
v  -2.013175 43.086304 -38.658733
v  1.197167 42.864780 -40.447262
v  -0.943258 42.010502 -40.328342
v  -2.428369 41.936592 -39.395855
v  3.119432 46.099476 -38.350323
v  3.472719 44.226982 -39.597126
v  1.161935 44.641369 -39.175648
v  0.735842 45.315208 -38.355770
v  19.137197 58.343506 -25.863468
v  19.213493 58.744156 -25.359962
v  20.486677 57.188141 -25.529251
v  20.811081 55.710152 -26.104523
v  19.513855 59.057693 -24.872494
v  21.243525 56.724251 -24.974663
v  22.142120 54.582451 -25.610264
v  1.600978 49.764309 -37.896122
v  3.347296 49.164131 -37.590260
v  2.565420 47.501038 -37.531857
v  0.737795 48.275131 -37.503460
v  5.426841 48.709167 -38.097477
v  5.594717 47.506855 -37.506252
v  -0.533227 46.532639 -37.736958
v  0.129397 46.025265 -37.852520
v  6.002840 46.212524 -38.328991
v  -11.894370 80.891174 -5.595627
v  -9.793405 82.217873 -4.347994
v  -8.036851 80.725418 -5.621383
v  -10.822073 79.862366 -6.603694
v  -8.184944 83.302925 -3.460115
v  -6.717902 82.273636 -4.760878
v  -5.308685 80.135506 -7.565435
v  -7.903112 79.848610 -7.066883
v  -5.135191 80.637375 -6.444295
v  -10.460393 79.616005 -7.411425
v  -4.853892 81.734283 -5.730900
v  -18.098345 67.422096 -36.484196
v  -17.801754 66.093620 -37.437527
v  -18.935810 66.108368 -37.495670
v  -19.599693 67.029312 -36.666615
v  -20.926607 66.061523 -36.953625
v  -19.668762 65.131668 -37.843082
v  -18.176434 64.836639 -38.345211
v  -1.754843 67.190002 -34.921032
v  0.146311 67.965988 -34.108337
v  0.701757 67.360443 -35.392681
v  -0.192805 66.645607 -36.496868
v  1.899510 67.765617 -33.834282
v  1.930454 66.886780 -35.378002
v  1.481014 65.545044 -36.684322
v  -2.896293 69.184418 -31.455986
v  -1.789111 68.894196 -31.231625
v  -2.397015 67.592026 -33.215565
v  -3.325667 67.371033 -32.832947
v  -3.099736 65.854012 -35.846165
v  -3.718424 65.884811 -34.643330
v  -0.205487 68.494781 -32.492588
v  -0.099790 68.993156 -31.064842
v  -3.985973 65.938225 -34.402515
v  -5.441442 66.593895 -35.865376
v  -6.008397 67.973862 -35.635639
v  -5.043579 67.569992 -34.634129
v  -4.671976 66.867638 -34.387310
v  -4.241520 68.267044 -33.326359
v  -4.929251 69.042938 -33.916794
v  -6.809456 69.569229 -34.681583
v  -5.421436 62.834885 -37.711826
v  -7.327850 61.240326 -38.664539
v  -9.279510 62.049282 -38.446415
v  -6.602612 63.449673 -37.313473
v  -13.952929 59.535713 -39.394550
v  -12.801974 61.697891 -39.219173
v  -11.354213 59.420204 -39.401707
v  -12.162450 63.552071 -38.784084
v  -9.265733 63.530415 -38.342030
v  -9.240762 59.226128 -39.572140
v  -6.961362 64.234856 -37.133533
v  24.731533 53.314392 -23.653301
v  24.061176 53.260689 -24.307819
v  23.606783 54.359955 -24.059021
v  23.744356 54.526878 -23.587067
v  39.108650 53.309509 24.317039
v  37.675087 53.974831 25.226986
v  37.978867 52.996689 25.596889
v  38.930023 52.386772 24.736347
v  38.410408 51.392212 25.368973
v  37.033791 52.618042 25.816135
v  36.292404 54.130371 25.818497
v  40.376419 54.935310 22.000904
v  39.565918 55.875389 21.226593
v  38.643791 55.760559 22.292084
v  38.835068 55.259712 23.060291
v  37.444427 55.736618 23.616928
v  37.936562 56.598389 22.513901
v  38.690399 56.460552 20.801163
v  37.893417 57.305782 18.682220
v  36.867569 58.384911 18.111778
v  34.846504 58.744469 20.949215
v  36.336578 58.000244 20.684181
v  35.446938 57.789909 22.889423
v  34.112831 58.201202 23.448559
v  36.037346 59.779110 16.913635
v  34.599274 60.437042 19.374104
v  32.605904 61.170097 21.508114
v  32.798233 59.492065 23.075008
v  32.571304 58.178062 24.559875
v  24.387619 58.588688 31.302715
v  24.424902 56.969547 32.215977
v  27.596914 55.183479 30.665897
v  26.938637 57.545609 29.718105
v  29.012194 56.992805 28.250950
v  29.862371 54.933525 28.793495
v  23.983332 55.672138 32.803028
v  26.960712 54.188889 32.638226
v  29.036734 51.924389 32.454380
v  46.090706 41.325184 -1.479755
v  46.960976 40.255768 -1.175120
v  46.466919 39.651524 -1.840240
v  45.737656 40.248035 -2.395422
v  45.181587 38.790436 -3.071976
v  46.176292 38.718060 -2.024668
v  47.257996 38.778179 -1.123347
v  7.386527 42.505173 -39.470089
v  4.990425 42.296341 -40.308468
v  6.663628 44.289585 -38.912693
v  2.318098 41.396835 -41.008495
v  3.654620 52.158703 -38.044788
v  4.418868 53.985741 -38.262638
v  5.736415 53.470070 -38.441357
v  5.744456 51.835964 -38.456715
v  7.772504 52.509632 -38.577572
v  7.013382 54.214333 -38.410534
v  5.562850 55.982193 -38.097729
v  21.077421 76.459732 -18.418415
v  20.452436 74.899452 -19.657936
v  19.264921 76.175545 -19.612343
v  19.193375 77.624229 -18.610085
v  18.808300 73.745575 -20.728970
v  17.590797 75.927597 -20.276672
v  16.868614 78.056587 -19.187450
v  8.825541 92.305618 7.082576
v  7.895509 91.660004 8.116022
v  8.585856 91.376923 9.294348
v  9.512815 91.873596 9.217876
v  9.368323 91.317131 10.874273
v  8.356621 91.256775 10.225356
v  7.490136 91.026039 9.019142
v  38.437843 32.035179 20.694012
v  38.369087 32.745773 21.351845
v  37.700134 32.967709 21.418552
v  37.521477 32.249748 21.355022
v  37.032211 32.600422 22.170746
v  37.387169 33.304688 21.943394
v  38.036644 33.618809 21.749695
v  -5.430051 83.335274 -4.439144
v  -4.496851 82.654755 -5.313950
v  -2.482149 81.756180 -6.710120
v  -2.775523 83.051399 -6.012496
v  -3.571772 84.382721 -5.065876
v  9.187900 67.518044 32.790043
v  9.976753 66.424370 33.138630
v  10.375587 66.704483 32.630024
v  10.216782 67.498199 32.071415
v  11.292232 65.526482 33.433628
v  11.447166 66.332214 32.439747
v  11.215664 67.049133 31.315189
v  37.198959 31.237099 22.828278
v  36.861374 31.488653 23.941418
v  37.253235 30.950924 24.242134
v  37.839890 30.758663 23.575123
v  37.981483 29.929119 24.705372
v  37.320671 30.701996 25.147144
v  36.961098 31.628189 25.201080
v  -10.037610 79.704849 -9.163294
v  -7.920324 80.231583 -8.649680
v  -7.849377 79.968330 -10.086333
v  -9.131508 79.831665 -10.923522
v  -7.537777 80.098465 -12.477600
v  -6.242170 79.993446 -10.765302
v  -5.571929 80.344551 -9.080440
v  -0.664485 76.838287 26.548382
v  -1.144253 76.024467 27.858303
v  -2.298822 75.097427 27.834583
v  -2.241642 76.054382 26.180737
v  -17.297480 25.245419 -32.701405
v  -18.476084 26.363037 -32.366371
v  -17.654665 26.854877 -32.772057
v  -16.632811 26.420374 -33.038437
v  -16.733030 27.602530 -33.515495
v  -18.153404 27.830654 -33.052341
v  -19.491968 27.566492 -32.278400
v  -4.436569 58.803280 34.419926
v  -3.088064 59.065910 34.005123
v  -3.397089 59.570541 33.424213
v  -4.452443 59.461864 33.432652
v  -4.398297 60.168869 32.716534
v  -3.075675 59.906036 33.122540
v  -2.244310 59.175926 33.425388
v  -13.045622 68.552467 27.938202
v  -13.560708 69.948822 26.202526
v  -16.325205 67.357765 27.356251
v  -14.889517 66.610779 29.401257
v  -16.231121 64.220909 30.817978
v  -17.643095 63.650719 29.411289
v  -19.444260 62.798359 28.390900
v  -18.932648 65.679871 26.406052
v  -13.922199 71.852783 24.094498
v  -16.206108 70.191330 24.479488
v  -18.551699 68.284264 24.363548
v  -33.724754 72.542198 9.070664
v  -32.410278 72.841637 10.848272
v  -31.678251 73.804596 9.514389
v  -32.152054 73.767052 8.026468
v  -30.589346 72.897797 11.873544
v  -30.295496 73.900543 10.094600
v  -30.280298 74.205505 8.129644
v  -27.726757 71.414246 -2.781866
v  -26.476183 72.065445 -3.220442
v  -26.763426 71.601128 -4.648694
v  -27.766407 71.069931 -4.728820
v  -27.378174 70.820969 -6.264861
v  -26.214714 71.802429 -5.382717
v  -25.290012 72.609642 -3.826807
v  50.638168 5.576193 2.781975
v  51.422691 6.629066 4.969412
v  50.669594 5.532833 5.029105
v  49.583473 4.626656 3.551126
v  51.475044 6.695332 7.031749
v  50.015747 4.991947 6.225281
v  18.257851 2.349293 -4.638612
v  19.663692 1.893047 -5.184981
v  19.976488 2.198696 -4.286175
v  19.181839 2.496815 -3.544960
v  20.551575 2.485714 -2.468311
v  21.239805 2.058739 -3.842070
v  21.488335 1.606216 -5.443424
v  -43.595146 50.160667 1.570503
v  -42.807503 50.358337 -0.331369
v  -44.155350 49.269833 -1.110379
v  -45.200195 48.692310 -0.224522
v  -42.960983 50.413414 -2.363662
v  -44.536758 48.861530 -2.579020
v  -45.891235 47.216629 -2.078764
v  30.077789 0.696064 24.418945
v  30.000830 0.603012 22.392555
v  33.197388 1.318493 20.813816
v  32.682068 1.673786 23.763641
v  29.393335 0.213131 20.450985
v  31.538755 0.782909 18.759304
v  33.610046 1.424171 16.576305
v  35.565742 1.893501 17.485561
v  37.689377 2.833820 17.975578
v  36.090698 2.877659 20.850086
v  35.151459 2.746254 23.535645
v  8.982110 5.637945 -15.922383
v  8.241828 5.736519 -18.114792
v  8.853886 6.130697 -18.704269
v  9.663083 5.666769 -16.009617
v  6.794912 6.290365 -19.604408
v  6.895134 6.482838 -20.336288
v  7.168804 6.883327 -21.628029
v  9.060029 6.284126 -21.043201
v  10.733424 5.374033 -16.100464
v  10.751946 5.877028 -18.391731
v  10.887847 5.990419 -20.606312
v  -41.244484 48.510559 -16.568436
v  -42.080902 48.175495 -18.264179
v  -42.963684 47.627193 -17.734310
v  -43.007790 47.853794 -16.319408
v  -43.331169 47.234241 -19.473343
v  -44.041519 46.579868 -18.086239
v  -44.333504 46.151241 -16.254372
v  6.513052 4.486267 -16.575397
v  6.519496 5.134926 -18.199402
v  7.657814 5.160530 -17.602409
v  7.809477 4.949409 -16.032091
v  8.493278 5.410915 -15.887036
v  7.913073 5.610617 -17.780464
v  6.642976 5.855452 -19.084118
v  -41.057228 48.999058 -18.955219
v  -39.907707 49.753563 -19.721222
v  -41.529144 49.381950 -22.840485
v  -42.589272 48.305588 -20.866859
v  -43.988808 46.472740 -22.287247
v  -43.451019 47.311432 -24.533607
v  -39.079376 51.171177 -20.135551
v  -39.979286 51.457996 -22.970383
v  -2.121251 5.229698 -16.897114
v  -2.454584 4.725742 -15.557625
v  -4.001820 4.693867 -16.013084
v  -4.139519 5.676193 -16.793991
v  -3.296063 4.145653 -14.397473
v  -5.003521 4.967064 -15.283804
v  -5.785276 6.099691 -16.205990
v  -10.751095 9.430277 -19.297699
v  -12.347507 9.749418 -18.982895
v  -13.815637 11.094900 -20.784943
v  -11.321064 10.126127 -21.108826
v  -13.327017 10.042210 -18.555023
v  -15.176172 10.868940 -19.984047
v  -11.532933 10.652588 -22.824291
v  -13.948489 11.093761 -22.745346
v  -17.350540 12.423332 -21.014153
v  -17.018087 12.145256 -21.686153
v  -49.460938 26.932156 -12.261843
v  -46.589546 24.516529 -12.243989
v  -47.768059 24.520023 -9.092874
v  -50.871010 27.554419 -9.163038
v  -52.150314 29.459202 -6.011742
v  -50.390945 27.095339 -5.588511
v  -43.298569 22.084530 -12.807645
v  -43.725609 21.501719 -10.997605
v  -49.121605 25.078962 -4.717794
v  -46.756538 22.879787 -7.361384
v  -43.910728 20.318752 -9.463833
v  -31.535131 20.151148 23.884399
v  -30.595604 20.811901 25.355801
v  -31.542135 21.510025 25.311401
v  -32.581268 21.535061 24.619690
v  -33.295197 23.237705 25.539845
v  -31.758467 22.772837 26.517784
v  -30.052074 22.144712 26.802551
v  -0.342273 15.736187 32.165974
v  -3.452696 16.848381 32.014408
v  -4.335922 15.563055 29.881016
v  -0.456373 14.675697 30.307117
v  -6.623169 18.459391 32.470356
v  -7.918451 17.642384 30.661972
v  -5.474214 12.993359 27.580879
v  -2.849871 13.656279 27.976635
v  -7.292264 14.842398 28.641918
v  -9.586429 16.756386 29.140247
v  0.036257 13.234436 28.972836
v  5.273901 1.971992 -4.591245
v  6.568032 2.310791 -6.578487
v  8.661952 2.851711 -4.739213
v  7.229449 1.997234 -2.880684
v  9.067763 1.453098 -1.131466
v  10.258387 2.203865 -1.878737
v  9.686319 3.343624 -8.142264
v  10.159190 2.765450 -5.136195
v  8.788709 3.381023 -8.283238
v  7.344306 2.974216 -8.991367
v  11.030033 2.451931 -2.539615
v  -13.501272 7.295061 -10.359661
v  -13.672801 7.862967 -11.420334
v  -11.192062 7.133228 -11.088952
v  -11.188033 6.660833 -10.003360
v  -8.943376 5.752707 -8.969110
v  -8.665578 5.971914 -9.462337
v  -8.110676 5.936508 -9.825845
v  -10.067905 6.893345 -11.488465
v  -14.336020 7.966127 -12.777324
v  -12.583147 7.886690 -13.017472
v  -11.499090 7.914783 -13.206888
v  -15.180410 1.469341 -5.168930
v  -14.907362 2.109589 -6.737016
v  -13.637300 1.885750 -6.379028
v  -13.299862 1.448547 -5.230470
v  -11.695202 2.235371 -5.425541
v  -12.577991 2.363102 -7.063291
v  -14.018681 2.823639 -7.914044
v  -27.308340 68.217407 -14.525615
v  -25.248009 70.412369 -13.660015
v  -24.643360 71.130798 -15.214077
v  -27.382435 68.710320 -15.866701
v  -23.125900 71.620041 -17.889683
v  -25.524679 70.589249 -17.726055
v  -21.814240 71.867165 -15.828769
v  -27.881439 69.098122 -18.093830
v  -23.488583 72.510429 -12.484637
v  -22.126677 72.840805 -13.511671
v  -20.517805 72.932938 -14.046844
v  45.889282 3.029549 10.810243
v  46.122284 2.298325 8.559271
v  48.520508 3.794952 8.364424
v  47.880478 4.283035 10.966316
v  49.717041 6.019365 11.381836
v  50.753250 6.159027 9.207020
v  45.904663 0.915154 6.224476
v  47.293312 2.373516 5.562060
v  48.363907 3.828754 4.465499
v  39.093513 0.000000 -2.240451
v  37.365097 0.000000 -2.228381
v  37.417084 0.000000 -3.566716
v  38.359543 0.000000 -4.139554
v  35.151482 0.002071 -2.400480
v  35.714661 0.000000 -4.095820
v  36.528877 0.000000 -5.687908
v  -41.024460 53.993355 6.530659
v  -43.229408 52.298096 5.280119
v  -44.610153 51.777824 8.503796
v  -41.922752 54.376808 9.257115
v  -41.879372 54.657448 12.028387
v  -43.369392 52.373642 12.082321
v  -44.837364 50.273476 12.566253
v  -46.204651 49.021980 9.743979
v  -47.716072 47.460617 6.826239
v  -46.633766 48.963745 5.427413
v  -45.105049 49.938385 3.368011
v  -10.758925 85.043159 3.658634
v  -10.774272 84.851593 1.787754
v  -13.870186 83.072830 1.297054
v  -13.447210 83.583221 3.998684
v  -10.182682 84.628876 -0.126395
v  -12.498528 83.481941 -1.079691
v  -15.653515 81.881371 4.709278
v  -16.180847 81.107262 2.447651
v  -32.655495 43.224766 30.757034
v  -32.903061 41.039509 30.564022
v  -29.388817 41.210266 33.384457
v  -29.856253 43.782486 33.158710
v  -33.383286 38.591053 29.865894
v  -30.964262 38.121716 32.067463
v  -28.567717 37.037846 33.801670
v  -26.802521 39.455513 35.227665
v  -24.225351 41.545021 36.299267
v  -26.022772 43.169624 35.984104
v  -27.154510 44.863834 35.778988
v  -23.481285 44.548508 38.175167
v  -24.546749 46.042000 37.915913
v  -25.204052 47.689476 37.456402
v  -27.538654 46.600861 35.321178
v  -29.987947 45.620522 32.812908
v  -27.338682 48.017021 34.532253
v  -29.763220 47.338226 32.282444
v  -32.234398 46.929306 30.124943
v  -32.450020 45.060734 30.555080
v  -34.931480 46.765316 27.980103
v  -35.517754 44.874275 28.620323
v  -35.684631 42.848881 28.736702
v  -35.797523 40.846058 28.411251
v  -38.206314 44.782307 26.208900
v  -38.516510 42.863194 26.179382
v  -38.574898 40.925270 25.820316
v  -36.246796 38.582870 28.198280
v  -38.885841 38.697800 25.612587
v  -40.997734 42.868851 23.566174
v  -40.844170 40.992088 23.063690
v  -40.790726 38.799683 22.783203
v  -38.787125 36.410301 24.971073
v  -40.411919 36.563023 22.381763
v  -43.196281 40.809570 20.940941
v  -42.936432 38.678802 20.699539
v  -42.896179 36.184963 20.602074
v  -40.729340 34.167259 22.430443
v  -42.604240 33.791039 20.246201
v  -44.966125 37.883934 18.304825
v  -44.240417 35.595486 17.855556
v  -44.114563 33.146866 17.885426
v  -42.521347 31.232239 20.163280
v  -43.810051 30.711975 17.890408
v  -45.989655 34.612221 15.554099
v  -45.315315 32.283504 15.387431
v  -45.176697 29.899784 15.713862
v  -43.738029 28.102076 18.258720
v  -44.872673 27.311935 16.060604
v  -46.573471 31.216625 13.091465
v  -45.997910 28.835985 13.432119
v  -45.337326 26.329075 13.852685
v  -43.888664 24.815060 16.379581
v  -44.363258 23.929214 14.386012
v  -46.825684 27.414524 11.320619
v  -45.740746 25.182617 11.823073
v  -44.902710 22.901186 12.701303
v  -42.890350 21.751904 14.813544
v  -43.500626 20.812183 13.446534
v  -46.357552 23.678059 9.906095
v  -45.461296 21.528219 10.936372
v  -44.152954 19.415428 11.938068
v  -42.292595 18.577583 14.285737
v  -42.771248 17.324310 12.959205
v  -45.723404 19.797400 9.046947
v  -44.434578 17.786667 10.157024
v  -42.923935 15.953560 11.265158
v  -41.292389 15.310427 13.984836
v  -41.293808 14.154371 12.403109
v  -44.138580 16.306673 8.250751
v  -42.831932 14.564201 9.503901
v  -41.233391 12.963428 10.747060
v  -39.838852 12.298357 13.690466
v  -39.373756 11.408722 11.965973
v  -42.155113 13.456020 7.571559
v  -41.109726 11.573601 8.896890
v  -39.417000 10.014338 10.333114
v  -37.420815 9.937872 13.142359
v  -37.552010 8.596010 11.584030
v  -40.558815 10.493343 7.141053
v  -39.213440 8.793343 8.641050
v  -37.246719 7.506554 9.794518
v  -35.548264 7.252657 12.664660
v  -35.320091 6.168282 10.915110
v  -38.917694 7.389454 6.913902
v  -37.132133 6.166534 8.156841
v  -35.200211 4.661007 9.262177
v  -33.336548 4.785686 11.919218
v  -32.981346 3.406376 10.138659
v  -36.791878 4.818821 6.327233
v  -34.780830 3.310337 7.431407
v  -32.339157 2.486378 8.040966
v  -30.672031 2.568436 10.489261
v  -30.005661 1.925346 8.288790
v  -33.899277 2.724396 5.428465
v  -31.597189 2.075848 5.921517
v  -29.291569 1.544174 6.169228
v  -27.688551 1.251350 8.407499
v  -26.975353 1.291397 6.192152
v  -31.012949 1.975697 3.705004
v  -28.705387 1.765865 3.999959
v  -26.547052 2.054962 4.185546
v  -24.808578 1.055897 6.100745
v  -24.382967 1.503815 3.933066
v  -28.385685 2.580727 1.928179
v  -26.339926 2.558254 2.100496
v  -24.219934 2.366196 2.024465
v  -22.267187 1.770763 3.783892
v  -22.280540 2.188210 1.762000
v  -26.278545 3.087185 0.090390
v  -24.227757 2.623844 -0.118366
v  -22.273285 2.633160 -0.297116
v  -20.613771 1.830364 1.385317
v  -20.524555 2.513092 -0.632038
v  -24.163004 3.172112 -2.305418
v  -22.399536 2.756290 -2.545295
v  -20.816999 2.063942 -2.889388
v  -19.350929 0.970413 -1.102519
v  -18.978178 1.845516 -3.072123
v  -22.420158 2.883865 -4.640409
v  -20.624723 2.340839 -5.017834
v  -18.907938 2.052559 -5.214605
v  -17.318722 0.761806 -3.421789
v  -17.061911 1.689724 -5.250252
v  -19.961515 3.581757 -6.541713
v  -18.453146 2.767960 -7.072258
v  -16.573050 2.209358 -7.038885
v  -17.468210 4.402573 -7.951670
v  -15.769682 3.417606 -8.262387
v  -16.689810 5.717054 -8.660500
v  -14.834813 4.828518 -8.849348
v  -12.989277 4.046913 -8.485329
v  -11.416376 3.585640 -7.320206
v  -14.275340 5.690525 -8.957096
v  -12.294861 4.985008 -8.664025
v  -10.398530 4.229881 -7.969182
v  -7.955404 3.912468 -7.023048
v  -8.855374 3.359570 -6.540747
v  -9.676108 4.871689 -8.286354
v  -10.163947 2.716465 -6.026776
v  -11.720830 5.694593 -8.972177
v  -9.261283 5.367788 -8.568926
v  -11.361814 6.227936 -9.385512
v  -13.840378 6.351244 -9.231306
v  -13.575878 6.845058 -9.670244
v  -15.843412 7.073999 -9.234156
v  -15.640043 7.452076 -9.650863
v  -15.592226 7.765720 -10.320409
v  -17.641581 7.906918 -9.420759
v  -17.587435 8.135233 -10.143869
v  -17.663952 8.257645 -11.192247
v  -15.731665 7.936470 -11.410772
v  -17.939516 8.380074 -12.387285
v  -16.134546 8.337805 -12.534041
v  -19.354443 8.672197 -10.961411
v  -19.320896 9.029148 -12.307064
v  -19.515341 9.285070 -13.701621
v  -20.954205 9.061754 -12.420523
v  -20.815664 9.726843 -13.820757
v  -20.748531 10.006458 -15.459971
v  -19.297916 9.688009 -15.238672
v  -20.512497 10.565388 -16.975735
v  -18.727749 10.111544 -16.625919
v  -19.815191 11.074295 -18.575428
v  -17.733631 10.599920 -17.911011
v  -16.202791 9.144867 -17.465096
v  -16.711374 10.611933 -19.110611
v  -14.905287 9.773623 -18.079342
v  -13.376945 8.844681 -16.686119
v  -14.682385 8.784718 -16.016216
v  -12.444510 8.546326 -14.923269
v  -13.618779 8.396530 -14.596752
v  -12.615990 9.449394 -16.849941
v  -11.624155 8.520332 -15.317804
v  -10.724811 7.653835 -13.462830
v  -10.926249 8.848591 -15.348643
v  -10.153736 7.380962 -13.851616
v  -8.739032 6.563408 -12.120783
v  -9.334898 6.827686 -11.754749
v  -6.975953 5.574371 -10.603538
v  -7.554769 5.841818 -10.167315
v  -5.089954 4.682522 -9.077684
v  -5.658079 5.022461 -8.591368
v  -6.150546 5.142359 -8.224042
v  -3.822915 4.293335 -6.932009
v  -4.339464 4.524273 -6.496875
v  -4.786807 4.542538 -6.177882
v  -6.602365 5.107542 -7.890979
v  -5.247144 4.424057 -5.882827
v  -6.968804 4.913433 -7.569633
v  -5.785997 3.917152 -5.656341
v  -7.409119 4.497200 -7.262480
v  -6.442762 3.251709 -5.379735
v  -4.349239 3.628242 -3.913509
v  -5.468008 3.038391 -3.438340
v  -6.888615 2.436096 -3.163176
v  -7.690195 2.454666 -5.128593
v  -8.705236 1.555294 -2.752111
v  -9.169788 1.951511 -4.531816
v  -10.595274 0.810936 -2.399807
v  -11.030530 1.392971 -4.012431
v  -12.784245 0.495487 -1.908948
v  -12.983476 0.959702 -3.652779
v  -15.010962 0.048691 -1.606476
v  -15.142555 0.511051 -3.539240
v  -17.213020 0.438835 -1.342018
v  -14.895630 0.123959 0.336066
v  -17.179853 0.001637 0.605307
v  -19.019236 0.915771 0.960522
v  -17.051483 0.000000 2.596517
v  -19.021786 0.546890 2.993520
v  -20.658335 1.471191 3.380313
v  -18.919239 0.105431 5.080586
v  -20.739267 0.738594 5.484391
v  -22.659496 0.966499 5.804051
v  -20.924801 0.000000 7.664300
v  -23.086113 0.222885 8.122590
v  -25.265285 0.978611 8.409808
v  -23.356827 0.000000 10.617743
v  -25.833349 0.974129 10.738819
v  -28.285734 1.753872 10.683055
v  -26.237320 1.698353 12.981097
v  -28.587536 2.950809 12.739080
v  -30.982687 3.801308 12.473350
v  -28.800463 4.048687 14.578673
v  -31.030279 5.143803 14.132121
v  -33.326309 6.071201 13.539147
v  -30.849472 6.251390 15.645133
v  -33.413712 6.895025 15.170325
v  -35.526810 8.427717 14.281034
v  -33.510460 7.517097 16.828896
v  -35.489296 9.341105 15.874015
v  -37.580025 10.835346 14.808982
v  -35.554993 9.888664 17.230423
v  -37.699142 11.545540 16.380836
v  -39.788307 13.349470 15.198310
v  -37.481865 12.227428 17.341751
v  -39.489471 14.253773 16.402802
v  -41.184502 16.282341 15.385362
v  -38.990173 15.031925 17.330223
v  -40.676498 17.109531 16.623074
v  -42.096558 19.359472 15.665523
v  -40.123192 17.661036 17.789131
v  -41.596992 19.954197 17.304493
v  -42.807426 22.280230 16.745899
v  -40.500969 20.530245 18.559917
v  -41.758484 22.912243 18.492115
v  -42.921532 25.425158 18.389317
v  -40.165085 23.527361 19.600445
v  -41.440842 25.953581 20.114117
v  -42.348305 28.531963 20.306889
v  -40.027954 26.185410 21.406689
v  -40.637825 28.794384 21.922119
v  -40.883316 31.532389 22.314804
v  -38.931999 28.930077 23.687603
v  -38.785606 31.582485 24.031052
v  -39.000572 34.123959 24.620018
v  -36.605011 31.496742 25.367126
v  -36.455429 33.894073 26.250351
v  -36.410049 36.247982 27.330593
v  -34.475327 33.492413 28.086136
v  -34.152374 36.025261 29.188534
v  -32.531616 32.850204 29.809704
v  -31.716429 35.440895 30.797981
v  -30.376431 31.856899 31.043079
v  -29.428179 34.526131 32.083294
v  -25.896713 35.687954 34.339779
v  -27.121893 33.252750 33.020588
v  -28.174879 30.597233 32.039051
v  -24.747580 31.811634 33.463406
v  -25.866631 29.467665 32.395634
v  -31.106936 29.311386 30.077347
v  -28.803925 28.375570 30.527821
v  -26.650486 27.246914 30.949169
v  -23.565823 28.218315 32.465763
v  -24.486118 26.359989 30.931458
v  -29.309734 26.176460 29.129131
v  -27.300148 25.293293 29.578354
v  -25.291031 24.346869 29.539829
v  -22.508526 24.982733 31.280869
v  -23.342312 23.246777 29.648621
v  -27.744802 23.374767 28.080559
v  -26.031811 22.439171 28.222050
v  -24.256866 21.393433 28.343998
v  -21.375937 22.072693 29.659267
v  -22.465014 20.357647 28.301609
v  -26.913237 20.447062 27.149483
v  -25.363327 19.330597 27.301258
v  -23.695757 18.334133 27.255001
v  -20.637083 19.204231 28.436611
v  -21.881699 17.298372 27.050877
v  -26.606863 17.500929 25.744881
v  -24.918575 16.558891 25.618378
v  -23.268185 15.425175 25.822140
v  -20.078829 16.298653 26.965080
v  -21.413538 14.519409 25.532333
v  -26.153055 15.185198 23.607388
v  -24.458321 14.179764 23.607800
v  -22.585003 13.082184 23.567780
v  -19.546738 13.377094 25.404869
v  -20.584358 12.201487 23.008289
v  -25.799412 12.706324 22.585526
v  -23.862429 11.665276 22.598476
v  -21.736649 10.902897 22.166756
v  -18.753225 11.513124 22.541260
v  -19.806038 10.122604 21.855305
v  -25.172569 10.022779 22.158306
v  -22.910198 9.164616 21.873798
v  -20.819180 8.353756 21.783344
v  -17.896994 9.014713 21.774883
v  -18.755644 7.485630 21.607224
v  -23.702641 7.986631 21.568336
v  -21.484388 7.183647 21.587360
v  -19.287868 6.406401 21.277676
v  -16.663589 6.600632 21.286148
v  -17.114326 5.660034 21.432224
v  -21.850670 6.393124 21.681747
v  -19.578634 5.653208 21.148281
v  -17.410311 4.823387 21.583515
v  -15.023561 4.799088 21.434513
v  -15.378557 3.803452 21.704399
v  -19.786163 4.999094 21.105354
v  -17.611544 3.905224 21.439102
v  -15.449692 3.243782 20.986935
v  -13.206267 2.899445 21.718494
v  -13.489092 1.950539 21.396965
v  -17.698515 3.457935 20.692333
v  -15.656633 2.659790 20.660854
v  -13.573900 1.436005 20.878063
v  -11.153075 1.139042 21.404545
v  -11.340584 0.265076 20.946743
v  -15.723572 2.334488 20.194000
v  -13.680511 0.939819 20.295570
v  -11.480132 0.000000 20.274040
v  -9.439215 0.149914 20.706501
v  -9.441090 0.000000 20.168819
v  -13.747298 0.597786 19.491959
v  -11.675827 0.000000 19.482998
v  -9.602606 0.000000 19.092949
v  -7.801254 0.000000 19.761955
v  -7.937843 0.000000 18.615276
v  -11.905961 0.000000 18.382015
v  -9.666777 0.000000 17.957359
v  -8.182184 0.000000 17.531807
v  -6.647099 0.226929 18.426250
v  -6.658467 0.066082 17.252007
v  -9.938302 0.000000 16.797806
v  -8.257635 0.000000 16.348911
v  -6.785195 0.210327 15.980800
v  -5.442976 0.403782 17.212524
v  -5.259763 0.448990 15.774352
v  -8.463612 0.000000 14.859073
v  -6.775811 0.221684 14.498748
v  -5.157114 0.614258 14.258349
v  -3.589360 0.649727 12.545616
v  -3.566386 0.775906 14.155883
v  -5.144779 0.774197 12.593139
v  -3.672918 0.950764 15.756640
v  -6.686059 0.000000 12.855384
v  -8.444544 0.000000 13.238180
v  -8.484902 0.000000 11.342648
v  -6.836330 0.253132 10.914071
v  -5.125368 0.601322 10.690179
v  -3.463947 0.718288 10.613107
v  -6.957964 0.472179 8.856973
v  -5.048785 0.584679 8.700032
v  -6.663990 0.086266 6.829939
v  -4.884235 0.680763 6.482469
v  -6.478985 0.344524 4.798323
v  -4.508142 0.741741 4.426318
v  -6.226508 0.571182 2.671370
v  -4.276291 1.149719 2.291600
v  -2.547334 1.639202 2.017147
v  -1.148831 2.058712 1.713278
v  -4.272763 1.778282 0.319816
v  -2.949427 2.327362 0.006864
v  -1.856384 2.802582 -0.265552
v  0.000175 2.006714 1.181352
v  -0.901995 2.949436 -0.660648
v  -3.450257 2.907227 -1.989877
v  -2.659753 3.541832 -2.163927
v  -1.927754 3.672943 -2.489022
v  0.075558 3.010193 -1.098427
v  -1.210862 3.624401 -2.885427
v  -3.658358 4.421101 -3.974878
v  -3.102588 4.170067 -4.333567
v  -2.686770 4.092091 -4.602866
v  -0.420835 3.273998 -3.448824
v  -2.125668 3.614819 -5.213583
v  2.307849 2.428490 -2.521845
v  1.134723 2.945923 -1.632477
v  0.541290 2.790573 -4.098563
v  -1.278868 3.394077 -5.815938
v  1.743430 2.290668 -5.008351
v  -0.218975 2.904915 -6.695213
v  -3.182480 3.924973 -7.461558
v  -2.426395 3.308907 -8.176733
v  0.960925 2.245270 -7.956640
v  -1.345604 2.768719 -9.439758
v  -4.321411 4.374981 -9.733036
v  -3.361536 3.960552 -10.728509
v  -0.072654 2.676605 -10.794023
v  -2.321135 3.533600 -12.046301
v  -6.384459 4.996367 -11.164665
v  -5.593137 4.362350 -12.120315
v  -4.373263 4.308861 -13.079294
v  -1.164568 3.861107 -13.441670
v  -7.154539 5.759254 -13.407005
v  -6.149618 5.183847 -14.385756
v  -8.367439 6.912268 -14.756957
v  -7.161231 6.553713 -15.467502
v  -6.447855 6.699514 -17.534847
v  -8.202900 7.026966 -16.881695
v  -9.252521 7.965317 -16.214302
v  -8.867977 7.709860 -18.428345
v  -10.075693 8.707359 -17.754799
v  -9.188669 7.457590 -14.173352
v  -10.158680 8.531744 -15.698603
v  -11.196893 9.201439 -17.305977
v  -12.050466 9.358177 -17.038391
v  -13.947154 10.202351 -18.368149
v  -15.759199 11.052361 -19.687374
v  -18.913755 11.436319 -20.128658
v  -17.979851 12.071527 -20.954105
v  -21.062119 12.788738 -20.244659
v  -20.247122 13.597721 -21.097366
v  -19.591015 14.106195 -21.454926
v  -22.784159 14.729919 -21.218388
v  -22.263269 15.287056 -21.875305
v  -21.844769 15.561443 -21.955841
v  -19.292234 14.070648 -21.863064
v  -21.660519 15.292391 -22.811764
v  -18.976534 14.074518 -22.854515
v  -16.527796 12.352381 -22.801899
v  -18.837246 13.800106 -23.896412
v  -16.268869 12.473907 -24.093052
v  -13.670932 11.699953 -24.082924
v  -11.384350 11.163462 -25.250282
v  -11.506245 10.866165 -24.264370
v  -13.668893 11.633730 -25.002228
v  -16.153221 12.524900 -24.941078
v  -18.512550 13.923277 -24.825474
v  -18.305817 13.935408 -25.848896
v  -15.952429 12.728973 -25.927212
v  -13.615225 11.821171 -26.051617
v  -11.479830 10.998983 -27.423122
v  -11.579623 10.593184 -26.175003
v  -13.596149 12.014708 -27.173969
v  -15.693388 13.233959 -26.891716
v  -18.125792 13.826904 -27.194920
v  -17.487516 14.880775 -27.700962
v  -15.376143 13.886526 -27.559647
v  -13.426599 12.626446 -28.136024
v  -10.886440 12.501921 -28.720207
v  -11.130687 11.884619 -28.289242
v  -13.042191 13.613825 -28.620331
v  -14.931435 14.629408 -27.898994
v  -12.650401 14.349312 -28.911282
v  -14.566421 15.114618 -28.806324
v  -17.061872 15.355572 -28.201878
v  -16.575460 15.874807 -29.018089
v  -14.009988 16.202894 -29.330635
v  -15.979097 16.815470 -29.836277
v  -19.232018 16.418936 -28.367332
v  -18.671860 17.028000 -29.163963
v  -18.083904 17.594906 -30.451164
v  -20.847595 17.900526 -29.709393
v  -19.971882 18.909481 -30.257191
v  -18.872828 20.349018 -30.884762
v  -17.020514 19.077126 -30.946037
v  -15.241888 18.022072 -30.956924
v  -12.595744 19.019735 -31.298729
v  -13.400454 17.369349 -30.622921
v  -14.291998 19.874357 -31.219898
v  -15.979342 20.838596 -31.163395
v  -13.468985 21.585808 -31.839680
v  -15.107155 22.301483 -31.890583
v  -17.776106 21.741783 -31.513004
v  -16.659576 23.224323 -31.765263
v  -19.615032 23.061863 -31.308044
v  -18.362379 24.200962 -32.077103
v  -15.841822 24.420506 -32.729809
v  -14.337840 23.793930 -32.666515
v  -12.447359 24.580851 -34.035530
v  -12.857939 23.120056 -32.905472
v  -13.966942 25.190132 -33.893696
v  -15.324015 25.809448 -33.396317
v  -13.728865 26.885525 -34.388912
v  -15.154078 27.306986 -33.927628
v  -12.186892 28.205639 -35.365284
v  -12.224042 26.241592 -34.891399
v  -13.518228 28.565987 -34.659527
v  -15.262123 28.605173 -34.601261
v  -17.197258 28.762917 -33.874390
v  -17.687099 30.310230 -34.701672
v  -15.448114 30.274885 -34.910091
v  -13.476788 30.027325 -34.998188
v  -15.800043 31.627346 -35.348049
v  -13.747884 31.180035 -35.533703
v  -11.807221 30.950710 -35.517979
v  -11.885476 29.627972 -35.141804
v  -10.205554 30.402485 -36.142178
v  -10.141938 28.996754 -35.662640
v  -10.132657 27.294096 -36.031078
v  -8.279136 28.200054 -36.040447
v  -8.245086 26.760489 -35.157795
v  -8.532688 25.182457 -34.413822
v  -10.277963 25.582882 -34.840588
v  -8.950799 23.584293 -33.979858
v  -10.668878 24.065094 -34.095062
v  -9.637353 21.644869 -33.470604
v  -11.313866 22.373768 -33.210232
v  -10.436158 19.743374 -32.662167
v  -11.961897 20.632994 -32.223946
v  -11.094975 18.003773 -31.792629
v  -8.718957 18.883537 -33.027340
v  -9.350488 16.982851 -32.319431
v  -9.817096 15.638685 -30.952881
v  -11.541971 16.716419 -30.413952
v  -10.342161 14.287495 -30.066730
v  -12.085822 15.483664 -29.209156
v  -10.745364 13.215071 -29.516499
v  -8.236214 13.498697 -29.940376
v  -8.498363 12.372787 -29.212799
v  -8.642482 11.923370 -28.337387
v  -6.321749 12.007299 -28.609932
v  -6.515996 11.053886 -28.438171
v  -6.687717 10.348392 -27.853031
v  -8.890065 11.163488 -28.010578
v  -6.936475 9.637466 -27.151844
v  -9.197578 10.263105 -27.333939
v  -7.148827 9.067375 -26.313564
v  -9.454561 9.858601 -26.319057
v  -7.182716 9.074274 -25.244209
v  -9.386730 10.087873 -25.278172
v  -7.203943 9.119337 -24.297264
v  -9.338476 10.105429 -24.344673
v  -7.362749 8.591791 -23.069878
v  -9.412016 9.786097 -22.985931
v  -7.234501 8.326536 -21.708309
v  -9.329807 9.327969 -21.370777
v  -7.089998 7.906784 -20.248829
v  -9.124352 8.593231 -19.889328
v  -6.782728 7.521729 -18.824001
v  -4.720572 6.811668 -20.777596
v  -4.651347 6.455626 -19.437168
v  -4.343421 6.347383 -17.958313
v  -1.989624 6.510090 -19.413132
v  -1.968075 6.144560 -18.036343
v  0.512714 6.171911 -19.382820
v  0.363802 5.263990 -18.243031
v  0.109966 4.561268 -16.603699
v  2.635420 4.724728 -17.835526
v  2.449205 4.248352 -16.022415
v  1.907863 3.468067 -14.336007
v  -0.393154 3.933350 -15.110934
v  1.022694 2.577484 -12.630622
v  4.201519 3.105286 -13.380782
v  3.413358 2.695774 -11.340151
v  2.247393 2.062038 -9.466634
v  5.521463 2.556274 -10.112827
v  4.452274 2.321342 -7.970470
v  3.171107 2.131142 -6.298364
v  3.751605 2.103123 -3.341384
v  5.619493 1.920300 -1.665805
v  3.955324 1.889359 -0.688757
v  7.367026 1.060856 -0.044283
v  5.456666 0.630920 0.821783
v  3.812466 0.887783 1.750607
v  2.488600 2.077209 0.069695
v  2.218255 0.848160 2.491897
v  1.177994 2.069145 0.687416
v  5.230161 0.000000 3.793353
v  3.646485 0.346428 4.705293
v  6.869769 0.000000 5.738196
v  5.175885 0.000000 6.689423
v  8.824972 0.000000 7.678326
v  6.991773 0.000000 8.706804
v  5.651276 0.000000 9.500489
v  9.112376 0.000000 10.777100
v  7.758719 0.000000 11.576156
v  6.597314 0.000000 12.477168
v  4.493391 0.000000 10.434747
v  5.531582 0.000000 13.332992
v  3.355889 0.000000 11.545391
v  4.629017 0.000000 14.361465
v  2.515506 0.000000 12.834092
v  0.396669 0.000000 11.597701
v  1.928059 0.000000 14.152587
v  -0.233279 0.000000 13.216640
v  -1.945261 0.480099 12.675132
v  -1.753035 0.125912 10.858064
v  -0.371732 0.064709 14.898601
v  -2.128743 0.618866 14.380143
v  -0.349888 0.727596 16.257191
v  -2.066763 0.750130 15.957517
v  -0.455778 0.737083 17.581551
v  -2.163277 0.997894 17.299599
v  -3.785560 0.740822 17.161713
v  -2.369633 1.171696 18.559013
v  -3.957505 0.903759 18.426888
v  -5.412616 0.553028 18.405273
v  -4.072218 1.948189 19.280647
v  -5.352491 1.421242 19.129936
v  -6.688066 0.700077 19.204487
v  -5.207694 2.335667 19.864418
v  -6.583954 1.531101 19.892799
v  -7.810724 0.605320 20.260159
v  -6.694880 2.867970 20.368374
v  -7.739809 1.894810 21.033592
v  -9.342781 1.248661 21.070896
v  -8.222288 3.341545 21.146622
v  -9.381494 2.584396 21.514530
v  -11.020395 2.276707 21.843235
v  -8.728209 4.368973 21.426876
v  -7.207978 4.238583 20.752926
v  -7.926564 5.165966 21.312576
v  -8.997998 6.363152 22.141830
v  -9.724644 5.415041 21.850952
v  -10.520623 7.685158 22.659775
v  -11.388679 6.606140 22.425888
v  -12.239265 8.867447 23.453880
v  -13.255926 8.000210 22.140301
v  -14.142096 6.675173 22.017670
v  -15.163633 9.251926 22.459385
v  -16.065794 7.777693 21.850201
v  -14.677378 5.544050 21.490879
v  -16.930815 10.290075 22.642181
v  -14.038533 10.133095 23.953625
v  -15.806627 11.194304 24.397797
v  -17.697742 12.273691 24.895882
v  -14.379602 12.727720 25.903481
v  -16.273594 13.862417 26.776321
v  -18.166403 15.276022 26.492107
v  -14.766984 15.629274 27.443268
v  -16.698891 17.068613 27.331364
v  -18.624561 18.038292 27.950943
v  -15.325895 18.464975 28.695724
v  -17.336100 19.820244 28.905796
v  -19.335531 21.104282 29.152184
v  -16.109289 21.311882 30.116589
v  -18.203777 22.504589 30.639881
v  -20.289154 23.792805 30.857319
v  -16.992344 24.019537 31.830669
v  -19.220581 25.467257 32.250622
v  -21.321772 27.078560 32.117130
v  -18.047003 26.973476 33.670841
v  -20.136713 28.816298 33.382381
v  -22.432051 30.253525 33.648464
v  -18.961737 30.233393 35.183430
v  -21.069185 32.286934 34.740734
v  -23.477392 34.068409 34.648739
v  -19.725567 33.851139 36.454922
v  -21.982365 36.005981 35.960644
v  -24.296139 37.824028 35.564220
v  -20.455650 37.525772 38.090420
v  -22.416880 39.693111 37.261654
v  -18.571396 38.998035 39.683857
v  -20.382776 41.128551 39.190235
v  -22.052383 43.010742 38.491123
v  -18.101398 42.185364 40.179821
v  -19.912931 43.818375 40.262531
v  -21.264671 45.485321 39.882381
v  -22.392633 46.845001 39.767384
v  -20.674234 49.462433 40.358440
v  -23.016020 48.504150 39.024845
v  -20.833082 50.871674 38.893841
v  -23.145805 49.920296 37.832989
v  -25.217939 48.863251 36.543369
v  -22.548477 51.051228 36.320087
v  -24.790646 50.308239 35.225193
v  -27.043924 49.537987 33.638409
v  -23.928062 51.812096 33.344662
v  -26.347082 51.319328 32.161022
v  -28.769073 50.916641 30.631954
v  -29.333723 48.930691 31.597569
v  -31.134821 50.571918 28.649315
v  -31.934759 48.816750 29.805515
v  -33.697998 50.261589 26.716915
v  -34.471565 48.488907 27.534130
v  -36.420349 50.000946 24.486023
v  -37.207405 48.368576 25.323460
v  -37.545013 46.496792 25.606487
v  -39.835899 48.062717 22.630024
v  -40.266861 46.565979 23.148239
v  -40.936104 44.895390 23.732769
v  -43.214645 46.585236 20.690071
v  -43.342316 44.713509 20.821606
v  -43.340446 42.809666 20.895168
v  -45.483978 44.337063 18.167339
v  -45.397804 42.392544 18.441139
v  -45.529945 40.256866 18.696014
v  -47.238426 41.517197 15.673194
v  -47.072144 39.222385 15.742042
v  -46.718086 36.998093 15.623124
v  -47.923637 38.223053 12.482718
v  -47.758850 36.034691 12.530513
v  -47.215538 33.576672 12.739785
v  -48.235901 34.793140 9.568131
v  -47.884293 32.383183 10.014344
v  -47.426895 29.881939 10.591509
v  -48.586487 30.616863 7.679299
v  -48.367500 28.158298 8.427987
v  -47.444321 25.846081 9.096262
v  -48.753395 26.152996 6.020856
v  -47.922523 24.045849 6.872233
v  -46.773941 21.873344 7.942381
v  -47.751030 22.119715 4.688881
v  -46.967514 19.877684 6.028208
v  -44.985550 18.382507 6.999696
v  -46.022026 18.331968 3.729420
v  -44.247253 17.064075 4.999837
v  -43.399208 15.112831 6.279839
v  -43.738647 15.582031 3.044803
v  -42.733604 13.875128 4.336099
v  -41.769577 12.074045 5.811374
v  -42.044647 12.613367 2.475453
v  -41.047859 10.960835 3.942755
v  -40.142448 9.206953 5.468286
v  -40.514626 9.523115 2.098197
v  -39.340950 7.945869 3.634491
v  -37.815987 6.686386 5.017983
v  -37.998383 7.200602 1.952940
v  -36.951820 5.760817 3.362906
v  -35.679222 4.221458 4.577710
v  -36.787086 6.183681 0.370491
v  -34.799782 5.864641 -0.809458
v  -39.233063 8.403633 0.306673
v  -37.418266 7.602705 -1.148711
v  -35.133713 7.120005 -2.304967
v  -32.606789 5.600195 -1.352454
v  -32.888092 6.373306 -3.135916
v  -37.799706 8.980057 -2.629369
v  -35.257622 8.542557 -3.641636
v  -32.843666 7.640265 -4.509157
v  -30.472706 5.985725 -3.415420
v  -30.426971 6.980078 -5.008427
v  -35.338348 9.618378 -5.031687
v  -32.752930 8.569366 -5.946622
v  -30.035759 7.760267 -6.383283
v  -27.877838 6.024506 -5.187179
v  -27.526052 6.432442 -6.879750
v  -32.656075 9.224190 -7.528327
v  -29.720434 8.005577 -8.078030
v  -26.926949 7.466948 -8.290798
v  -24.944452 6.125618 -6.633110
v  -24.378229 7.092861 -8.056840
v  -29.326876 8.753441 -9.444849
v  -26.356995 8.363354 -8.997699
v  -23.928804 8.132023 -8.638962
v  -22.283871 6.823383 -7.777793
v  -21.937109 7.681290 -8.421165
v  -26.041203 9.095566 -9.866043
v  -23.638102 8.674450 -9.303497
v  -21.683275 8.261137 -8.948603
v  -20.019463 7.316101 -8.430888
v  -19.750620 7.894754 -8.872222
v  -23.576223 8.952042 -9.450560
v  -21.529808 8.611362 -9.389145
v  -19.577421 8.268110 -9.358839
v  -17.817345 7.543732 -8.958256
v  -21.354698 8.827930 -10.047305
v  -19.456945 8.496624 -10.029762
v  -21.116837 9.041451 -10.874980
v  -23.360945 9.097656 -10.129306
v  -23.156868 9.196089 -11.029971
v  -22.871796 9.161419 -12.514615
v  -25.572088 9.312695 -11.303677
v  -25.233683 9.435764 -12.809321
v  -24.906223 9.899561 -14.413981
v  -22.645641 9.845293 -14.084824
v  -24.599966 10.818726 -15.894285
v  -22.508211 10.358381 -15.738042
v  -24.260002 11.904940 -17.403145
v  -22.141495 11.328308 -17.201527
v  -23.915289 12.787653 -19.165455
v  -21.742912 11.922853 -18.964050
v  -23.339386 14.056637 -20.311623
v  -26.255461 14.042137 -18.992702
v  -25.927853 15.032644 -20.220490
v  -25.425793 16.088001 -20.694942
v  -28.947149 15.808115 -19.876423
v  -28.693581 16.338818 -20.852627
v  -28.437452 16.938307 -21.297733
v  -25.036562 16.692390 -21.229103
v  -28.201418 16.876526 -21.836853
v  -24.748272 16.805023 -21.835464
v  -27.819296 16.684227 -22.772995
v  -24.507263 16.521322 -22.736427
v  -27.375360 16.223331 -23.737030
v  -24.210075 16.075279 -23.688782
v  -21.398993 15.222765 -23.779076
v  -23.801413 15.784248 -24.704399
v  -21.175564 15.018553 -24.697895
v  -23.343256 15.974268 -25.969479
v  -20.873358 14.997585 -25.846230
v  -22.722303 16.543959 -26.977734
v  -20.280674 15.521616 -26.830059
v  -22.101448 17.039680 -27.739445
v  -19.729265 16.010622 -27.589691
v  -21.601488 17.215023 -28.879223
v  -24.555964 17.759573 -28.084808
v  -23.793688 18.287853 -29.011635
v  -22.981352 19.146130 -29.739807
v  -26.266825 19.481287 -29.471790
v  -25.243933 20.386555 -30.383259
v  -24.104033 21.728273 -31.067520
v  -21.985649 20.223909 -30.574806
v  -22.795658 23.147476 -31.436943
v  -20.829458 21.749153 -31.009815
v  -21.367804 24.401731 -31.587959
v  -24.506769 24.647591 -31.548672
v  -22.891665 25.758205 -31.948048
v  -21.140333 26.866488 -32.355824
v  -19.906637 25.464470 -32.130863
v  -24.243402 27.418930 -32.190205
v  -22.349360 28.407387 -32.347275
v  -20.462252 28.996122 -32.271561
v  -23.460499 29.882597 -32.515511
v  -21.534433 30.302326 -32.780499
v  -19.628952 30.294743 -33.688007
v  -18.793386 29.013908 -32.977676
v  -22.396633 31.725899 -33.627975
v  -20.199087 31.988060 -34.280720
v  -18.035398 31.923645 -34.781368
v  -20.597265 33.670937 -34.747959
v  -18.397305 33.522293 -35.390125
v  -16.059710 33.202423 -36.012966
v  -18.577177 34.920666 -35.955227
v  -16.122963 34.742844 -35.995686
v  -13.964490 34.255966 -36.468075
v  -13.775497 32.820686 -35.842579
v  -12.061601 33.531780 -36.826283
v  -11.854069 32.367996 -35.984371
v  -9.938650 32.956001 -37.032825
v  -10.029979 31.859739 -36.518879
v  -7.997109 32.423805 -37.629864
v  -8.013564 31.371082 -37.082355
v  -8.253602 29.664223 -36.855183
v  -5.986237 30.691811 -37.656704
v  -6.126875 29.136280 -37.057896
v  -6.382879 27.449764 -36.448490
v  -3.948034 28.807655 -37.342655
v  -4.367023 26.883972 -36.601925
v  -4.714807 25.392567 -35.554134
v  -6.488242 26.099871 -35.184917
v  -5.056522 23.909920 -34.770473
v  -6.808580 24.602039 -34.424541
v  -5.667658 22.058537 -34.510830
v  -7.361422 22.900566 -34.144627
v  -6.353155 20.028917 -34.181759
v  -8.046776 20.920671 -34.052624
v  -6.954833 17.816095 -33.408154
v  -4.526603 18.939632 -34.592129
v  -5.161912 16.988770 -33.602310
v  -5.642539 15.466125 -32.446869
v  -7.478999 16.210630 -32.406994
v  -5.856199 14.206964 -30.898518
v  -7.894720 14.845533 -31.158783
v  -6.130511 12.830366 -29.716515
v  -3.889475 13.743876 -30.329536
v  -4.128041 12.375097 -29.351925
v  -4.247812 11.563705 -28.295528
v  -2.126044 11.998709 -29.286110
v  -2.240775 11.034996 -28.617165
v  -2.186214 9.991163 -28.148182
v  -4.385595 10.551741 -28.016293
v  -2.132313 9.145231 -27.526138
v  -4.448253 9.792799 -27.499065
v  -1.957573 8.424452 -26.876751
v  -4.504099 9.059950 -26.928284
v  -1.895329 7.997400 -25.808506
v  -4.584579 8.441584 -26.100849
v  -1.856891 7.775846 -24.864773
v  -4.766001 7.838324 -25.286400
v  -1.923149 7.335379 -23.848331
v  -4.649165 8.074852 -24.198837
v  -1.912149 7.626595 -22.847179
v  -4.738452 7.600533 -23.070282
v  -1.970431 7.063911 -21.842014
v  -4.694283 7.693138 -21.750099
v  -2.025464 6.503330 -20.728474
v  0.654313 7.369287 -21.432758
v  0.589206 6.602421 -20.506344
v  2.965514 7.341179 -20.896721
v  2.844953 6.582489 -20.229050
v  2.784229 5.698221 -19.239925
v  4.959827 6.203434 -19.833946
v  4.855514 5.362940 -18.740631
v  4.795169 4.409393 -17.349529
v  6.467909 3.907692 -14.563902
v  4.546110 4.102448 -15.285691
v  6.104369 3.485092 -12.351097
v  7.830311 4.500587 -13.933197
v  7.804090 3.657883 -11.608386
v  8.773843 4.956432 -13.588267
v  8.939236 4.060192 -11.139318
v  9.437259 5.061031 -13.528587
v  9.524752 4.038647 -11.034517
v  9.954396 5.031252 -13.609764
v  10.184726 4.053295 -11.134055
v  10.492599 3.484268 -8.274339
v  11.077056 4.067982 -11.229852
v  11.309615 3.368874 -8.586595
v  11.764975 2.579548 -6.028574
v  10.772729 2.956322 -5.464911
v  12.649863 1.887459 -3.713940
v  11.425964 2.229305 -2.954768
v  14.001493 1.240204 -1.692860
v  13.025731 1.842583 -0.776241
v  12.374458 2.038254 -0.295154
v  14.766852 2.111702 0.879893
v  14.072609 2.339664 1.504074
v  13.192930 1.901409 2.217191
v  11.666549 2.020699 0.293683
v  12.215514 1.286926 2.991280
v  10.717615 1.207237 0.890546
v  10.802942 0.411022 3.833083
v  9.124292 0.444668 1.726625
v  8.911342 0.000000 4.808286
v  7.162833 0.000000 2.705954
v  12.488346 0.480751 5.869728
v  10.884661 0.000000 6.652532
v  13.968204 0.919060 7.830515
v  12.780074 0.000000 8.689497
v  10.976144 0.000000 9.720036
v  14.593811 0.000000 10.409400
v  13.032882 0.000000 11.498815
v  11.271480 0.000000 12.739627
v  15.178976 0.000000 12.950280
v  13.480913 0.000000 14.219859
v  12.043449 0.000000 15.328826
v  9.887227 0.000000 13.703403
v  10.910867 0.000000 16.263214
v  8.779031 0.000000 14.539805
v  10.051902 0.000000 17.028530
v  7.826013 0.000000 15.295579
v  9.377796 0.000000 17.675049
v  7.012275 0.000000 16.074959
v  8.818834 0.000000 18.283932
v  6.212369 0.000000 16.935997
v  3.886346 0.000000 15.381412
v  5.735460 0.000000 17.756306
v  3.410555 0.000000 16.385242
v  1.632913 0.207802 15.408439
v  3.270430 0.032364 17.462803
v  1.243109 0.182072 16.871876
v  3.219994 0.584606 18.424648
v  1.285678 0.795265 17.974548
v  3.141874 1.255890 19.515526
v  1.149614 1.177811 19.286377
v  -0.594713 1.333595 18.881886
v  0.955580 2.112514 20.668911
v  -0.791715 2.191498 20.190220
v  -2.637714 2.168312 19.731030
v  -0.959877 3.696877 20.712887
v  -2.597566 3.691605 19.898670
v  -4.059705 3.236553 19.793781
v  -2.893004 5.008059 20.419586
v  -4.285087 4.588085 20.126095
v  -5.521554 3.786259 20.258495
v  -4.788630 5.773201 20.794575
v  -6.074169 5.001642 20.714432
v  -5.621284 6.983170 21.747383
v  -6.860820 6.196407 21.245300
v  -6.743415 8.237429 23.212711
v  -8.128645 7.307011 22.470982
v  -8.066534 9.597271 24.552055
v  -9.406148 8.561653 23.699188
v  -9.487301 11.122536 25.668358
v  -10.943686 10.049414 24.450672
v  -11.092257 12.825373 26.279312
v  -12.693109 11.406296 25.337543
v  -12.892776 14.288500 26.908974
v  -9.377968 13.945463 27.396748
v  -11.394110 15.474585 28.257114
v  -13.324855 16.929489 28.726681
v  -11.799713 18.300451 29.581367
v  -13.985807 19.786125 29.988342
v  -10.372244 19.301493 31.037552
v  -12.712609 20.818026 31.553307
v  -14.781359 22.617851 31.477779
v  -11.350161 21.899963 33.114796
v  -13.481390 23.541634 33.291073
v  -15.820362 25.007355 33.812275
v  -12.262958 24.289833 35.302326
v  -14.546519 26.005802 35.766842
v  -16.794512 28.197235 35.557346
v  -13.198976 27.087860 37.373402
v  -15.393526 29.381081 37.235950
v  -17.582005 31.631645 36.948681
v  -14.096383 30.137896 38.874126
v  -16.188272 32.745312 38.472958
v  -18.219801 35.237000 38.242672
v  -14.592627 33.752419 39.798069
v  -16.596989 36.460495 39.716152
v  -12.381092 34.945602 40.010601
v  -14.443599 37.399803 40.381252
v  -16.408197 40.005760 40.430355
v  -11.904108 38.297176 40.587811
v  -7.519913 37.180237 39.927387
v  -9.210202 39.357231 40.432240
v  -10.063763 35.975620 40.068211
v  -5.182331 38.349045 39.175678
v  -6.682331 40.569691 39.846737
v  -2.966026 39.458961 38.773403
v  -4.605963 41.640572 38.896877
v  -5.829701 43.754562 39.287533
v  -2.381581 42.679348 38.990803
v  -3.641973 44.637833 39.108616
v  -4.435754 46.898312 39.620823
v  -6.658276 46.080246 40.261143
v  -5.154523 49.270603 39.972134
v  -7.542063 48.470963 40.273647
v  -6.015360 51.848301 39.836262
v  -8.364185 50.774136 40.170795
v  -10.508766 50.227932 40.358845
v  -9.004392 52.477757 39.079540
v  -11.124955 52.074699 39.552387
v  -13.351039 51.769306 39.679119
v  -12.899440 50.025513 40.691624
v  -15.634180 51.686996 39.678967
v  -15.233633 50.010410 40.726101
v  -18.224438 51.669312 39.722424
v  -17.810198 49.996239 40.944851
v  -15.973389 53.167225 38.127193
v  -18.259794 52.733692 37.865505
v  -20.625494 52.149002 37.410580
v  -18.456417 54.966286 36.697689
v  -20.612293 54.256004 36.149914
v  -22.220863 52.999733 34.897800
v  -20.187757 56.580101 34.592113
v  -21.756533 55.424911 33.313305
v  -23.786177 54.417114 31.993031
v  -21.166832 58.194973 31.777969
v  -23.531103 57.230797 30.497032
v  -25.424091 56.025558 29.314949
v  -25.770777 53.554131 30.512341
v  -27.480268 55.130486 28.263126
v  -27.911461 52.991745 29.086475
v  -29.752197 54.534164 26.684055
v  -30.329445 52.512642 27.577667
v  -32.092232 53.952080 24.677986
v  -32.826241 52.019394 25.678944
v  -35.007935 53.771652 22.986271
v  -35.743027 51.928436 23.796352
v  -37.671967 53.399437 20.607578
v  -38.713600 51.657070 21.486191
v  -39.248680 49.785145 21.948368
v  -41.100014 51.282150 18.647438
v  -41.775414 49.569515 19.236839
v  -42.447937 48.092854 19.944321
v  -44.314224 49.433434 16.537098
v  -44.971413 47.772945 17.089954
v  -45.387924 46.087120 17.695087
v  -46.718513 46.768795 13.993085
v  -47.151093 45.195927 14.856439
v  -47.222794 43.381527 15.418422
v  -48.702385 44.037609 12.172590
v  -48.712387 42.199226 12.597253
v  -48.599747 40.250389 12.705329
v  -49.829971 40.620785 9.414780
v  -48.983948 38.976627 9.310322
v  -48.747337 36.809940 9.501480
v  -49.868149 37.208576 6.347320
v  -49.458588 35.225891 6.727996
v  -49.121193 33.007500 7.283269
v  -50.699463 32.856922 4.267702
v  -50.058311 30.575575 4.781607
v  -49.379471 28.439720 5.212101
v  -50.271889 28.118750 1.903097
v  -49.585831 26.176249 2.572767
v  -49.082733 24.050987 3.625787
v  -48.987572 23.976933 -0.116870
v  -48.088615 22.138268 1.107574
v  -46.918571 20.420650 2.452362
v  -46.277199 20.547760 -1.070889
v  -45.481750 18.969721 0.260647
v  -44.498764 17.344040 1.688807
v  -43.932747 17.622040 -1.665353
v  -43.576981 15.869484 -0.385205
v  -42.688622 14.335810 1.153281
v  -41.989799 14.536324 -2.166212
v  -41.354248 13.021170 -0.686305
v  -41.241570 11.234877 0.653602
v  -40.223946 11.436592 -2.544165
v  -39.997101 9.811523 -1.147573
v  -38.195251 10.062735 -4.224777
v  -40.449898 12.877172 -4.002563
v  -38.295784 11.345526 -5.669508
v  -35.544754 9.968405 -6.738482
v  -38.321732 12.251703 -6.961585
v  -35.331047 10.926455 -7.917594
v  -32.300156 9.793596 -8.661683
v  -35.360718 11.355663 -9.373062
v  -31.993505 10.413353 -9.807897
v  -29.032396 9.575594 -9.890841
v  -31.754015 10.895180 -10.689004
v  -28.832811 10.030714 -10.401343
v  -25.962944 9.424904 -9.966714
v  -28.630814 10.249050 -11.027085
v  -25.843409 9.397293 -10.464091
v  -28.394814 10.242245 -11.948668
v  -31.526445 11.327879 -11.320271
v  -31.361593 11.369583 -12.284625
v  -30.950933 11.614534 -13.607031
v  -28.026217 10.157879 -13.241053
v  -30.265432 12.486935 -14.710663
v  -27.533516 10.697655 -14.757756
v  -29.947073 12.967480 -16.188801
v  -27.156261 11.521353 -16.130276
v  -29.583807 13.965511 -17.653065
v  -26.681892 12.741707 -17.578217
v  -29.227835 15.077318 -19.003773
v  -32.656792 16.157887 -17.235962
v  -32.568268 16.574013 -18.398525
v  -32.588493 16.575012 -19.482513
v  -35.904579 18.479559 -17.897518
v  -35.842400 18.582932 -19.245201
v  -35.862793 18.291004 -20.731926
v  -32.424675 16.710619 -20.728973
v  -35.386497 18.344915 -22.281147
v  -32.064262 17.217550 -21.662418
v  -34.666649 18.478064 -23.554459
v  -31.657640 17.249584 -22.527611
v  -33.867592 18.624025 -24.328793
v  -31.085897 17.315180 -23.301903
v  -33.355179 18.234079 -25.405327
v  -30.541916 16.794628 -24.367706
v  -32.716309 17.965481 -26.890259
v  -29.782894 16.823652 -25.661911
v  -26.813381 15.851599 -25.000946
v  -29.010057 16.963848 -27.034206
v  -26.095125 16.453712 -26.259296
v  -28.142302 17.556164 -28.142513
v  -25.325472 16.955708 -27.292038
v  -27.211226 18.548309 -28.809505
v  -30.552284 19.145052 -28.917179
v  -29.468466 20.040882 -29.498779
v  -28.426325 20.943451 -30.074768
v  -31.578009 21.591791 -30.412388
v  -30.396774 22.499763 -31.123917
v  -29.080441 23.662523 -31.721478
v  -27.290579 21.963928 -30.956722
v  -27.660988 24.884472 -32.062576
v  -26.003880 23.342121 -31.302242
v  -26.054535 26.240726 -31.945225
v  -29.251297 26.642492 -32.794434
v  -27.400774 27.926790 -32.730339
v  -25.457989 29.062576 -32.531643
v  -28.632799 29.633556 -33.252796
v  -26.465185 30.576149 -33.114647
v  -24.322161 31.349787 -33.205555
v  -27.305492 32.285370 -33.953175
v  -25.048473 33.012596 -34.009243
v  -22.892015 33.510681 -34.330875
v  -25.470362 34.701248 -34.816967
v  -23.325607 34.975822 -35.018108
v  -20.876040 35.106274 -35.526493
v  -23.459671 36.333481 -35.762920
v  -21.030777 36.189980 -36.372616
v  -18.590250 36.134502 -36.660023
v  -21.027090 37.497391 -37.517239
v  -18.438097 37.045002 -37.916859
v  -15.982195 36.837452 -37.900112
v  -16.165997 35.833466 -37.053829
v  -13.767130 36.658897 -37.856075
v  -13.919720 35.335270 -37.124409
v  -11.704531 36.109810 -38.159954
v  -11.858185 34.955570 -37.137302
v  -9.899355 35.400833 -38.474689
v  -9.919076 34.316704 -37.738415
v  -7.884044 34.909416 -38.739285
v  -7.946267 33.701546 -38.025341
v  -6.169121 34.296879 -39.435246
v  -6.074068 33.014843 -38.781765
v  -5.906117 31.909805 -37.853207
v  -3.722778 32.595501 -39.146351
v  -3.645658 31.381062 -38.505436
v  -3.678570 30.155846 -37.478657
v  -1.513087 31.156353 -38.119900
v  -1.717817 29.992130 -37.020695
v  -1.946138 28.628984 -37.027103
v  0.075861 29.658684 -36.777637
v  0.024189 28.005301 -37.173588
v  -0.390360 26.020973 -36.391056
v  -2.435486 26.483377 -36.555248
v  -0.813501 24.017599 -36.145290
v  -2.889950 24.749807 -35.892406
v  -1.264341 22.115543 -35.394329
v  -3.265345 23.033905 -35.306110
v  -1.791177 20.002605 -35.073750
v  -3.853109 21.061180 -35.182133
v  -2.469227 18.017643 -34.578915
v  0.274995 19.053440 -34.868481
v  -0.384383 17.215353 -34.607090
v  -1.174511 15.688890 -33.635067
v  -3.303485 16.011108 -34.015850
v  -1.657421 14.292526 -31.902649
v  -3.859969 14.767279 -32.349533
v  -1.978008 13.084373 -30.415928
v  0.434447 14.033659 -31.619507
v  -0.039018 12.580046 -30.723381
v  -0.103189 11.564177 -29.583271
v  2.011827 12.082361 -31.264885
v  1.954579 10.868982 -30.454891
v  2.039212 9.681450 -29.796886
v  -0.173097 10.295561 -29.364273
v  2.397717 8.746336 -28.732655
v  0.023719 9.231913 -28.461281
v  2.750633 8.534914 -27.489685
v  0.343463 8.893913 -27.444500
v  2.964705 8.097811 -26.599464
v  0.572225 8.602840 -26.469402
v  3.083945 7.412630 -25.481808
v  0.672033 7.847950 -25.648605
v  3.135177 7.417454 -24.033546
v  0.672210 7.434744 -24.447548
v  3.057632 7.081106 -22.790916
v  0.691841 7.471233 -23.225918
v  3.043550 7.748167 -21.690643
v  0.752224 7.261158 -22.440151
v  5.252296 7.362280 -22.173752
v  5.124498 7.494251 -21.060074
v  4.978057 6.933418 -20.344234
v  7.326557 6.621361 -23.493610
v  5.376395 7.163023 -23.681149
v  9.490710 7.080784 -24.978668
v  9.262476 6.532154 -23.003029
v  7.543941 6.969509 -25.244972
v  5.356419 7.148561 -25.299686
v  7.537062 7.549429 -26.752403
v  5.284477 7.517399 -26.771458
v  9.721543 7.784266 -28.275333
v  9.625516 7.248808 -26.971458
v  7.536876 7.893803 -27.987759
v  5.151954 8.193285 -27.635612
v  7.396520 8.039574 -29.459702
v  4.821439 8.406897 -28.996265
v  9.845762 8.474669 -30.566689
v  9.877270 8.212055 -29.573082
v  7.112560 8.816288 -30.526665
v  4.452660 8.993227 -30.506638
v  6.860626 9.736229 -31.582645
v  4.273656 10.165920 -31.210331
v  9.812475 10.556515 -32.694809
v  9.724864 9.339024 -31.653419
v  6.996217 11.010052 -31.983120
v  4.399948 11.439703 -31.712143
v  7.345920 12.068020 -32.596020
v  4.685389 12.468430 -32.460007
v  2.343979 13.194672 -32.127834
v  5.307974 13.889988 -33.765381
v  3.047848 14.664131 -33.228600
v  0.917214 15.091164 -33.406700
v  3.731714 16.056992 -34.388851
v  1.692445 16.489990 -34.618679
v  6.608161 17.135197 -34.813839
v  6.073828 15.535633 -34.716251
v  4.396232 17.667885 -34.546978
v  2.425035 18.253185 -34.732197
v  4.948459 19.652954 -34.895359
v  2.919725 20.422363 -34.849621
v  0.780795 21.141024 -35.353901
v  3.275298 22.706694 -35.202579
v  1.256817 23.367870 -35.739666
v  5.603992 24.274269 -35.808453
v  5.302073 22.054218 -35.248051
v  3.575990 24.817654 -35.922115
v  1.600812 25.454456 -36.117382
v  3.763567 26.721943 -36.330845
v  1.818620 27.355536 -36.438229
v  5.799562 27.951246 -36.623692
v  5.713817 26.220209 -35.998531
v  3.891031 28.429314 -36.650417
v  1.944856 28.896778 -37.122295
v  4.128551 29.984320 -37.712704
v  2.239399 30.517897 -37.836742
v  0.313366 30.947805 -37.838833
v  2.414429 31.715401 -38.992283
v  0.337204 32.082958 -39.131939
v  -1.497990 32.544487 -38.970753
v  0.538575 33.669376 -39.892506
v  -1.523777 33.727959 -39.720554
v  -3.936530 33.831219 -39.774601
v  -1.685500 35.249115 -40.467854
v  -3.985839 35.374519 -40.158306
v  -6.133492 35.560337 -39.927799
v  -4.035006 36.908573 -40.511768
v  -5.833415 37.263611 -40.030376
v  -7.823833 36.272251 -39.436626
v  -7.521654 37.663326 -39.699650
v  -9.533220 36.851448 -38.991093
v  -9.117941 38.440304 -39.192410
v  -8.621324 39.703915 -39.406628
v  -7.188221 39.132839 -39.774311
v  -5.558568 38.619476 -40.223942
v  -6.529492 40.560417 -39.452236
v  -5.130661 40.084488 -39.666187
v  -3.819337 39.682590 -39.997623
v  -3.954166 38.298584 -40.277470
v  -2.109470 39.401237 -40.700718
v  -1.823113 38.027866 -40.751713
v  -1.747204 36.703056 -41.061459
v  0.722280 37.933674 -41.161602
v  0.856401 36.643013 -40.806446
v  0.736699 35.191338 -40.628231
v  3.303926 36.755993 -40.287426
v  3.076955 35.192471 -40.420887
v  2.699835 33.315201 -40.050709
v  5.280061 35.032959 -40.411495
v  4.821370 32.970749 -40.023380
v  4.427288 31.327581 -38.746243
v  6.803097 32.845543 -39.514027
v  6.188495 31.074068 -38.608753
v  5.908898 29.637383 -37.470127
v  7.800807 30.694473 -38.841785
v  7.589222 29.218462 -37.735294
v  7.546290 27.680161 -36.494328
v  9.235627 27.528650 -37.046955
v  9.253796 25.673845 -36.544094
v  7.482484 25.859715 -36.130383
v  9.481805 23.670334 -35.752071
v  7.488922 23.901917 -35.680904
v  9.487471 21.402340 -35.150356
v  7.382372 21.683601 -34.872944
v  9.252879 18.787397 -35.244732
v  7.025500 19.079805 -35.038960
v  8.912790 16.747349 -34.972012
v  11.644610 18.812584 -35.242970
v  11.359197 16.714777 -34.472271
v  11.023187 14.856394 -33.882401
v  8.489489 15.047752 -34.195911
v  10.652693 13.189791 -33.591068
v  7.910678 13.239128 -34.039063
v  10.118671 11.930607 -32.635311
v  13.110205 13.284817 -32.701134
v  12.926045 11.875490 -32.771694
v  12.733913 10.449995 -32.212112
v  15.260283 11.753336 -32.496223
v  14.921188 10.437704 -31.768127
v  14.637425 9.685411 -30.828758
v  12.535309 9.513716 -31.340408
v  14.373803 9.223751 -29.938084
v  12.249095 9.081141 -30.205276
v  14.174775 8.740574 -29.090096
v  12.112110 8.732571 -29.444954
v  14.093293 7.927223 -28.065212
v  12.011867 8.013084 -28.370655
v  14.054358 7.726908 -26.651520
v  11.781455 7.641171 -26.749298
v  13.771785 7.015789 -24.769745
v  11.563844 6.898619 -24.938438
v  13.365293 6.538975 -22.640469
v  11.243917 6.252970 -22.841068
v  12.892067 6.143877 -20.460426
v  15.423516 6.973345 -22.467022
v  14.996913 6.194952 -20.483391
v  14.707883 5.260054 -18.347870
v  12.523983 5.588560 -18.326702
v  14.434993 4.625237 -16.256443
v  12.364566 4.839680 -16.209534
v  14.260206 4.135094 -13.964343
v  12.397864 4.586075 -13.825739
v  10.895857 5.024918 -13.678456
v  12.529121 4.101837 -11.369423
v  14.194745 3.654873 -11.688366
v  14.306564 2.871994 -9.543797
v  12.668311 2.937183 -9.081345
v  14.861358 2.353539 -7.403282
v  13.199176 2.323441 -6.734702
v  15.766970 1.843143 -5.544302
v  14.171808 1.729729 -4.670276
v  17.136189 1.521358 -3.966520
v  15.550850 1.451359 -2.880219
v  18.289322 2.009220 -2.557801
v  17.179461 1.286217 -1.393475
v  15.779670 1.554562 -0.050735
v  18.663315 1.629341 0.177491
v  17.382593 1.311947 1.456770
v  16.385553 2.083687 2.419584
v  19.006861 0.911278 2.953454
v  17.833279 1.299969 4.166152
v  17.023930 1.857006 5.082614
v  15.652302 1.992397 3.133382
v  16.039663 1.934555 6.067323
v  14.754571 1.676056 4.060578
v  15.140237 1.397289 6.901150
v  13.722692 1.255001 4.991647
v  17.693913 1.939541 7.904444
v  16.795380 1.670898 8.650654
v  15.877443 0.603798 9.433957
v  19.017464 1.693604 10.159284
v  18.034885 0.565208 10.976624
v  16.711176 0.000000 11.853763
v  20.471432 0.787403 12.445288
v  19.209822 0.000000 13.250113
v  17.666643 0.000000 14.277297
v  21.577656 0.000000 14.869161
v  20.068607 0.000000 15.890544
v  18.327511 0.000000 17.181320
v  15.936059 0.000000 15.673896
v  16.768970 0.000000 18.366211
v  14.399855 0.000000 16.924469
v  15.557941 0.000000 19.340084
v  13.221644 0.000000 17.931927
v  14.680039 0.000000 20.132805
v  12.338005 0.000000 18.701214
v  14.033685 0.000000 20.802895
v  11.703036 0.000000 19.345253
v  13.481956 0.000000 21.421059
v  11.145886 0.000000 19.933754
v  12.925683 0.000000 22.054050
v  10.652436 0.000000 20.504589
v  8.285157 0.000000 19.012081
v  10.220796 0.000000 21.003899
v  8.069847 0.054867 19.393555
v  5.544470 0.000000 18.411331
v  7.741645 0.481861 20.035210
v  5.460665 0.478649 19.122845
v  7.568326 1.198231 20.551865
v  5.176453 1.020462 20.189514
v  7.235389 2.114178 21.248966
v  5.156358 2.214115 20.698261
v  2.935961 1.895859 21.056435
v  4.786497 3.327053 21.621441
v  2.624963 3.404305 21.654831
v  0.939473 3.742638 21.015083
v  2.297322 5.124550 22.253178
v  0.478450 5.246902 21.845654
v  -1.260767 5.279720 21.046238
v  -0.029495 6.803207 22.690075
v  -1.773049 6.587564 21.951038
v  -3.421919 6.357265 21.137093
v  -2.493408 7.915379 23.367737
v  -4.193347 7.536203 22.472557
v  -3.361206 9.392673 25.000530
v  -5.164493 8.774075 24.239025
v  -4.310836 11.196453 26.511837
v  -6.337462 10.459370 25.729424
v  -7.664332 12.019524 26.943703
v  -1.242794 9.642607 25.919304
v  -1.943105 11.626215 27.184460
v  1.270535 10.005074 26.265339
v  0.713405 11.767300 27.629517
v  3.660628 9.998625 26.468479
v  3.407643 11.377779 27.978943
v  3.035909 12.514828 29.551411
v  5.816008 10.869015 28.313869
v  5.623241 11.710751 30.112118
v  5.420851 12.430679 31.796474
v  2.714854 13.484970 31.212883
v  5.300071 12.955458 33.297077
v  2.589723 14.390974 32.785320
v  5.359876 13.454910 34.623974
v  2.750878 15.104101 34.111866
v  0.040139 16.670952 33.522877
v  3.087573 15.653202 35.314465
v  0.595606 17.142780 34.932323
v  -1.953873 18.598248 35.000843
v  -2.679302 17.907249 33.396221
v  -4.368806 20.237490 35.264782
v  -5.466983 19.398930 34.003216
v  -6.663526 21.508617 36.004139
v  -7.932859 20.896238 34.749622
v  -9.133880 20.101103 32.907841
v  -10.146992 22.603931 34.951283
v  -8.908946 23.198881 36.498646
v  -11.057530 25.059307 37.029789
v  -7.578344 24.029022 37.439816
v  -9.765525 25.934532 38.055225
v  -11.809586 27.943439 38.483479
v  -8.108043 26.962543 38.452465
v  -10.197815 28.917526 39.051441
v  -12.402526 31.090576 39.626354
v  -8.211950 30.051394 39.348774
v  -10.183706 32.316620 40.015301
v  -5.983987 31.323784 39.377750
v  -8.032429 33.606873 39.749149
v  -3.643168 32.652534 38.765430
v  -5.641074 34.865181 39.380955
v  -1.779992 33.985943 38.037357
v  -3.404641 36.139862 39.030514
v  0.556715 35.401882 38.160419
v  -1.195400 37.467747 38.761883
v  2.781049 37.202728 38.071499
v  1.252263 38.767788 38.600239
v  -0.622573 40.606731 38.958614
v  3.731350 40.448009 38.544674
v  1.840453 42.005814 38.649334
v  0.079033 44.060745 38.898785
v  4.177488 43.815384 38.383999
v  2.273639 45.663670 38.622730
v  0.778053 47.428226 38.727444
v  -1.320440 45.966454 39.155735
v  -0.471276 49.382236 38.557804
v  -2.231582 48.106262 39.267109
v  -1.514112 51.368668 39.003536
v  -2.999776 50.458138 39.389057
v  -2.635435 53.180790 38.420315
v  -4.173197 52.424316 38.873386
v  -3.462405 54.556240 37.492954
v  -5.053710 53.805328 37.854214
v  -6.902121 53.083382 38.451160
v  -5.595353 55.281822 36.770435
v  -7.358027 54.893131 37.590313
v  -9.561168 54.208702 38.041721
v  -7.775509 56.650799 36.362492
v  -9.969369 56.108589 36.613712
v  -12.120076 55.514931 36.674625
v  -11.718295 53.857346 38.252918
v  -13.924181 55.457680 37.098057
v  -13.806293 53.497902 38.173428
v  -16.088327 55.042892 36.847347
v  -13.830332 57.152374 35.756138
v  -16.039583 57.171959 35.697514
v  -18.318987 57.164989 35.303967
v  -15.815561 59.471252 34.397633
v  -17.932699 59.632317 33.953037
v  -19.390284 58.981247 32.838963
v  -17.234003 61.808697 32.429264
v  -18.595129 61.139839 31.191448
v  -20.139410 60.449745 29.917698
v  -21.548168 61.718277 27.304176
v  -22.428856 59.477245 28.802048
v  -23.760017 60.827118 26.723221
v  -24.603868 58.469139 28.184032
v  -26.688223 59.843224 26.161987
v  -27.067171 57.368416 27.152069
v  -29.078218 58.808620 24.892197
v  -29.287106 56.557945 25.736893
v  -31.477339 58.192535 23.411926
v  -31.639479 55.879753 24.022694
v  -33.779938 57.576225 21.397549
v  -34.218864 55.569656 22.134602
v  -36.127861 57.345497 19.268986
v  -36.884857 55.169083 19.907543
v  -38.193352 56.920414 16.782623
v  -39.255821 54.989616 17.349754
v  -40.167984 53.149559 17.858364
v  -40.667946 54.618244 14.758380
v  -41.794785 52.774921 15.123111
v  -43.402466 51.240826 15.891147
v  -45.849251 48.435303 13.167872
v  -47.035583 47.088058 10.581389
v  -48.002319 45.733093 11.296726
v  -48.578484 45.836124 7.916997
v  -49.443436 44.490940 8.680545
v  -50.294670 42.669872 9.328671
v  -51.069008 42.657455 5.471763
v  -51.482475 40.661743 6.234822
v  -50.622383 38.961327 6.324227
v  -52.194351 38.530392 3.052818
v  -52.193481 36.760311 3.638420
v  -51.359383 34.866241 4.011007
v  -53.042755 34.251484 0.322755
v  -52.380363 32.108021 0.827637
v  -51.272385 30.031569 1.373572
v  -52.111069 29.491550 -2.553586
v  -50.726608 27.418449 -1.746019
v  -49.590874 25.784943 -1.031827
v  -48.339249 23.502201 -3.777427
v  -47.308052 21.942741 -2.412335
v  -46.176674 21.397837 -6.017115
v  -45.552109 19.868433 -4.427178
v  -44.328224 19.035452 -2.925768
v  -43.184639 18.089781 -6.227924
v  -42.550995 17.232346 -4.786950
v  -42.296333 15.924997 -3.537134
v  -40.364937 14.303904 -5.253690
v  -40.588547 15.237705 -6.610274
v  -38.087975 13.402262 -8.133797
v  -40.998253 15.992338 -8.010292
v  -38.004120 14.094482 -9.389451
v  -35.123116 11.950115 -10.411152
v  -41.123108 16.804251 -9.539684
v  -37.996429 14.636700 -10.700804
v  -34.966835 12.409328 -11.508575
v  -37.644615 15.519287 -12.145059
v  -34.632164 12.993912 -12.761805
v  -36.827209 16.514944 -13.021159
v  -34.084221 13.729153 -13.837756
v  -36.496124 17.150381 -14.380202
v  -33.291611 14.632477 -14.737391
v  -36.036629 17.981815 -15.479192
v  -33.004044 15.279062 -16.010727
v  -35.735619 18.600380 -16.621189
v  -39.523293 20.106789 -15.034391
v  -39.175529 20.412508 -16.509464
v  -38.900902 20.615578 -18.101280
v  -42.433487 22.573601 -16.592346
v  -41.414017 23.245914 -18.152790
v  -40.991951 23.008144 -19.910339
v  -38.403946 21.031883 -19.498619
v  -40.444412 22.997375 -21.553749
v  -38.066322 20.995987 -20.965672
v  -39.666283 23.028149 -23.141338
v  -37.726563 20.673477 -22.691509
v  -39.268044 22.427143 -24.692455
v  -36.842621 20.658007 -24.117626
v  -38.575394 21.888281 -26.131470
v  -36.024025 20.441681 -25.319633
v  -37.702759 21.695805 -27.317284
v  -35.222839 20.357494 -26.274818
v  -36.688545 21.945816 -28.725128
v  -34.613716 20.170914 -27.587315
v  -35.712425 22.409264 -29.617691
v  -33.839737 20.208790 -29.044525
v  -31.663893 18.358181 -28.162418
v  -32.741264 20.773119 -29.975330
v  -34.871628 22.574585 -30.760147
v  -33.662163 23.337542 -31.560379
v  -37.372185 24.514919 -32.246082
v  -36.016685 25.327705 -32.618740
v  -34.366081 26.348469 -33.018097
v  -32.389374 24.335209 -32.102367
v  -32.679108 27.359833 -33.448563
v  -30.909906 25.572792 -32.330383
v  -30.686834 28.516792 -33.515198
v  -34.067902 29.565712 -33.597290
v  -31.944361 30.268322 -34.299656
v  -29.596466 31.295277 -34.286358
v  -32.782654 32.274902 -34.571346
v  -30.326616 33.115402 -34.879398
v  -27.884109 34.060860 -34.907330
v  -30.774771 34.953445 -35.555149
v  -28.222651 35.585487 -35.593250
v  -25.825907 36.099846 -35.501255
v  -28.537804 37.139347 -36.561947
v  -25.990398 37.623264 -36.618229
v  -23.535336 37.783649 -37.087223
v  -25.936947 39.465782 -37.538265
v  -23.430191 39.367989 -37.973522
v  -20.762558 38.997780 -38.588940
v  -23.072685 40.854698 -39.156673
v  -20.192133 40.667427 -39.671879
v  -17.438242 40.338352 -39.679272
v  -18.063625 38.796703 -38.711292
v  -14.908079 39.894592 -39.539974
v  -15.581003 38.269558 -38.942974
v  -12.800629 39.502903 -39.332539
v  -13.400968 37.935036 -38.961010
v  -10.905153 38.978367 -39.326359
v  -11.449388 37.414585 -38.996334
v  -12.051149 40.893475 -39.536221
v  -10.252189 40.269573 -39.477848
v  -11.235312 42.298302 -39.738880
v  -9.419184 41.776535 -39.609600
v  -7.910984 41.056438 -39.530025
v  -8.452672 43.062588 -39.659870
v  -6.919931 42.405731 -39.389370
v  -5.691178 41.865067 -38.873432
v  -5.820898 43.464832 -38.987621
v  -4.564607 42.909111 -38.435726
v  -3.961108 42.626503 -38.116169
v  -4.604475 41.522789 -39.046162
v  -3.249714 42.252419 -38.481113
v  -3.624335 40.972813 -39.462765
v  -2.278813 40.690506 -40.147938
v  -0.315090 40.667225 -41.000393
v  0.329264 39.364777 -41.311306
v  3.038956 39.627232 -41.229557
v  3.354492 38.051487 -40.873035
v  5.750920 40.257240 -40.477261
v  5.827586 38.344154 -40.476582
v  5.590209 36.787685 -40.307362
v  7.819321 38.579895 -39.924503
v  7.688468 36.707249 -39.865757
v  7.389743 34.873669 -40.002346
v  9.734549 36.307419 -39.701504
v  9.225875 34.556053 -39.693340
v  8.497427 32.711052 -39.212589
v  10.966517 34.026367 -39.664661
v  14.025131 34.847149 -39.866894
v  12.715807 33.051529 -39.397854
v  11.852452 35.741089 -39.772884
v  16.026825 33.260082 -39.256283
v  14.291138 31.490711 -38.928188
v  17.264620 31.394604 -38.171658
v  15.336113 29.734890 -38.217228
v  13.253207 28.451939 -38.322208
v  15.861131 27.762882 -37.438061
v  13.667734 26.614822 -37.348515
v  11.389974 25.852375 -37.209240
v  11.220070 27.844292 -37.564381
v  13.917773 24.279264 -36.696262
v  11.566898 23.691065 -36.395039
v  14.072464 21.741680 -35.938198
v  11.723275 21.374508 -35.647823
v  13.973500 19.522045 -34.582905
v  16.271887 22.644556 -36.033855
v  16.116972 20.174095 -34.749516
v  15.886445 17.646942 -33.784039
v  13.639555 17.103214 -34.043453
v  15.626024 15.051361 -33.059414
v  13.353473 14.952553 -33.239685
v  15.404505 13.185127 -32.277214
v  17.728674 15.296444 -32.896004
v  17.506224 12.915049 -32.292145
v  17.416216 11.512264 -31.801056
v  19.260494 9.564581 -30.644058
v  17.128103 10.184130 -31.484264
v  18.846371 8.602861 -29.933670
v  16.758657 9.275372 -30.573399
v  18.534321 8.416092 -28.845779
v  16.494320 8.491714 -29.780293
v  18.298922 8.044483 -28.073009
v  16.349659 8.315689 -28.743687
v  18.007442 7.910250 -26.952454
v  16.183632 7.901510 -27.582378
v  15.939340 8.096310 -26.115532
v  15.702415 7.863443 -24.421242
v  20.174314 7.283110 -26.810158
v  19.609423 7.338394 -25.762936
v  21.807594 6.018295 -25.098083
v  20.766392 6.220093 -23.994446
v  23.252642 4.963736 -22.831814
v  21.975767 5.436937 -21.923336
v  20.557976 5.944342 -21.042980
v  22.283310 3.727760 -19.824299
v  20.738758 4.698044 -18.952480
v  18.971752 5.328453 -18.364620
v  18.758108 5.977861 -20.662579
v  16.799084 5.397938 -18.215408
v  17.031322 6.223080 -20.528984
v  18.949823 4.479485 -16.348774
v  16.791494 4.486519 -16.373062
v  18.937937 3.384430 -14.494724
v  16.513113 3.742809 -14.216618
v  18.752495 2.570896 -12.611790
v  16.220211 2.904663 -12.234646
v  18.505711 1.918537 -10.623229
v  16.195229 2.584225 -9.992097
v  18.503719 1.414085 -8.637491
v  16.555372 2.138992 -8.010353
v  19.042376 1.406044 -6.699781
v  17.257399 1.873138 -6.159834
v  21.202246 0.902157 -9.174984
v  21.415815 0.973183 -7.034388
v  23.658297 0.612373 -9.309828
v  23.563574 0.959030 -7.041723
v  23.361149 1.648140 -5.052998
v  25.460072 0.561287 -6.704607
v  25.029198 1.520851 -4.422066
v  24.410471 2.123638 -2.224233
v  22.958233 2.054535 -3.073704
v  23.784254 2.797596 -0.216949
v  22.157553 2.322918 -1.356251
v  22.986326 2.224396 1.667717
v  21.312798 1.879372 0.162794
v  19.767561 1.980251 -1.182200
v  20.281628 1.361485 1.613350
v  22.077639 1.292622 3.217481
v  20.892197 0.914978 4.611183
v  23.987577 1.279072 4.414611
v  23.119381 0.957035 5.935369
v  22.026266 1.234936 7.358920
v  19.708626 1.096027 5.837343
v  20.945726 1.837692 8.385947
v  18.726204 1.871368 6.879123
v  19.917305 2.217171 9.367198
v  23.653713 2.013977 9.588589
v  22.596245 2.189693 10.654024
v  21.553999 1.783455 11.613902
v  25.291325 2.530575 11.945773
v  24.162281 1.766117 12.974755
v  22.895990 1.034660 13.969794
v  26.536205 1.630627 14.389710
v  25.266581 0.886528 15.400817
v  23.803656 0.070618 16.386166
v  27.062325 0.604851 16.956226
v  25.467827 0.000000 17.968491
v  23.707691 0.000000 19.133961
v  22.223793 0.000000 17.443546
v  21.970678 0.000000 20.155098
v  20.423298 0.000000 18.655796
v  20.497923 0.000000 21.064365
v  18.860201 0.000000 19.698578
v  19.304409 0.000000 21.941391
v  17.633251 0.000000 20.592220
v  18.412340 0.000000 22.715397
v  16.732445 0.000000 21.410233
v  17.693800 0.000000 23.385319
v  16.058405 0.000000 22.096821
v  17.016737 0.000000 24.005222
v  15.480871 0.000000 22.730171
v  16.376575 0.000000 24.537670
v  14.915102 0.000000 23.293934
v  15.809310 0.000000 25.002529
v  14.335016 0.000000 23.815296
v  12.417181 0.000000 22.566998
v  13.700403 0.000000 24.393772
v  11.931482 0.000000 22.949783
v  9.807899 0.000000 21.513622
v  11.493897 0.419243 23.280830
v  9.387966 0.531166 22.033562
v  11.019534 1.352085 23.731266
v  9.076062 1.557697 22.461544
v  10.557674 2.522301 24.311905
v  8.696432 2.675411 23.069618
v  6.798250 3.110352 22.025204
v  8.103063 3.935715 24.189060
v  6.300795 4.493359 23.132259
v  4.269024 4.803379 22.745258
v  6.011056 6.151075 24.257023
v  3.955909 6.601398 23.793324
v  1.937896 6.681219 23.368561
v  3.790274 8.217981 25.205662
v  1.571667 8.291859 24.818581
v  -0.570088 8.276567 24.108391
v  5.791529 7.777103 25.701313
v  5.875765 9.523973 26.774105
v  7.777464 7.371222 25.995541
v  7.771041 8.843925 27.213531
v  7.693745 9.936398 28.795010
v  9.233973 9.471836 30.590488
v  7.693250 10.812944 30.351505
v  9.405861 9.994328 31.879528
v  7.647404 11.434959 31.844868
v  9.721292 10.536123 32.779896
v  7.487037 11.710131 33.101658
v  9.680924 10.671366 33.837193
v  7.656205 12.139017 34.352261
v  10.005542 11.077122 34.813671
v  7.933602 12.526031 35.375607
v  5.633959 13.944162 35.748661
v  8.436928 13.269098 35.906239
v  6.083705 14.680498 36.538227
v  3.614254 16.383780 36.378658
v  6.856452 15.864334 36.313320
v  4.414097 17.439356 36.529057
v  2.194232 18.705418 36.561848
v  1.280505 17.803211 36.153362
v  -0.030555 19.967646 37.001270
v  -1.124834 19.068939 36.493221
v  -2.128403 21.597511 36.988171
v  -3.451191 20.753923 36.531178
v  -4.116201 23.203743 37.486835
v  -5.561809 22.048357 37.291752
v  -6.015041 25.033836 37.791584
v  -2.449915 24.487415 37.218365
v  -4.300190 26.122597 37.833073
v  -6.251761 28.083851 38.484905
v  -2.345232 27.475983 37.491421
v  -4.086383 29.358570 38.293636
v  -0.736537 29.066326 36.775570
v  -2.153655 30.855066 37.685261
v  1.218705 30.671082 36.530949
v  -0.215992 32.135090 37.373478
v  3.297190 32.083569 36.670757
v  1.865729 33.749813 37.203014
v  5.720367 34.004341 36.650799
v  4.325268 35.518536 37.666813
v  7.906058 36.118912 35.905987
v  6.576527 37.527088 37.079952
v  5.241091 39.004200 38.083126
v  8.778749 39.670063 35.791996
v  7.224547 41.098511 36.947155
v  5.826625 42.346043 37.916050
v  9.322464 43.247311 35.803188
v  7.768962 44.498512 36.985203
v  6.078131 45.824207 37.964100
v  7.737718 48.013790 37.088139
v  5.566559 49.333561 37.751682
v  3.885062 47.328270 37.856960
v  3.725028 50.783970 37.963184
v  2.404861 49.053699 38.229733
v  2.441221 52.289661 37.819248
v  0.988857 50.737698 38.478741
v  1.300613 53.986740 38.061207
v  -0.149631 52.511013 38.467716
v  0.428656 55.517036 37.775928
v  -1.118105 54.247395 38.147396
v  -0.522527 56.984077 36.936848
v  -2.005609 55.817123 37.441601
v  -1.226456 58.269241 35.743862
v  -2.544492 57.284164 36.184376
v  -4.032532 56.156322 36.488049
v  -2.895454 58.479721 35.165440
v  -4.296004 57.684185 35.383297
v  -5.995093 57.032608 35.859310
v  -6.104195 58.346581 34.646351
v  -7.902241 58.165169 35.096722
v  -6.065632 59.470139 33.696629
v  -7.957940 59.619949 34.008411
v  -9.838412 59.457218 34.067410
v  -10.033749 57.776653 35.265102
v  -11.656498 59.414505 34.446026
v  -11.971313 57.367889 35.569530
v  -13.629324 59.394325 34.730251
v  -11.241838 61.256382 33.286877
v  -13.182760 61.826893 33.860607
v  -15.349356 61.875515 33.269344
v  -12.466511 63.817093 32.420094
v  -14.464284 64.202713 31.871624
v  -11.937852 65.000679 31.371231
v  -13.602572 65.923218 30.726589
v  -11.207629 66.455429 30.706295
v  -12.331465 67.600449 29.625946
v  -10.139502 67.909119 30.131096
v  -10.863762 69.069595 28.791512
v  -11.240823 70.231087 27.170757
v  -9.204780 70.434296 28.198685
v  -9.241923 71.419418 26.451450
v  -9.144953 72.511475 24.647621
v  -11.366359 71.454689 25.348961
v  -9.166460 73.674324 22.516609
v  -11.384168 72.624619 23.091961
v  -9.283525 75.441833 20.461796
v  -11.463604 74.147430 20.850864
v  -13.854872 73.196503 21.745022
v  -11.695302 75.969330 18.936710
v  -14.012346 74.841064 19.536594
v  -16.495121 74.097122 20.506794
v  -16.213570 72.257545 22.374077
v  -18.776999 72.797874 20.834450
v  -18.500906 70.664108 22.525742
v  -21.550962 70.789383 20.763180
v  -20.972252 68.755966 22.142143
v  -20.716347 66.614204 23.955448
v  -21.074196 64.245865 25.694843
v  -23.293236 66.931091 21.082401
v  -23.397753 65.375107 23.367729
v  -23.407784 63.154190 25.212715
v  -25.678360 64.506042 22.999069
v  -26.030502 62.177299 24.589855
v  -28.636160 63.548401 22.588497
v  -28.863644 61.119415 23.981976
v  -31.086683 62.587784 21.179279
v  -31.234205 60.049923 22.452473
v  -33.117767 61.587898 19.250496
v  -33.281326 59.383644 20.367599
v  -34.696899 61.003197 17.275005
v  -35.151703 59.073364 18.210205
v  -36.424339 61.249458 15.110209
v  -37.190727 59.022240 16.051674
v  -37.653427 61.199898 12.514484
v  -38.734413 59.233154 13.601183
v  -39.522484 56.808704 14.282943
v  -38.979332 58.905556 10.915895
v  -40.494377 56.963417 11.620533
v  -38.368683 58.115211 8.639877
v  -40.107857 56.416985 9.135414
v  -37.686462 57.238190 6.151889
v  -39.138077 55.594540 6.681548
v  -37.102646 56.567230 3.435412
v  -38.320557 54.918877 3.906446
v  -40.086418 53.533779 3.691378
v  -41.779770 51.888580 2.948195
v  -37.749344 54.412243 1.092827
v  -39.307037 53.112946 1.041586
v  -41.068169 51.708797 0.594850
v  -39.050560 53.086082 -1.640051
v  -41.024895 51.979580 -1.966074
v  -38.795830 52.330200 -4.007341
v  -40.763039 51.527088 -4.306768
v  -42.972786 50.179859 -4.419611
v  -44.834084 48.283329 -4.326645
v  -40.821342 51.240135 -6.467861
v  -43.133095 49.881344 -6.557537
v  -45.226494 47.882637 -6.398940
v  -46.344170 46.196671 -4.009910
v  -46.995728 45.578865 -6.026515
v  -43.208549 49.339111 -8.666474
v  -45.301498 47.283356 -8.438438
v  -46.978806 44.854347 -8.135395
v  -48.580627 43.260597 -5.582000
v  -48.664101 42.554298 -7.761024
v  -45.214417 46.768440 -10.453653
v  -46.627136 44.270805 -10.153306
v  -48.584274 42.076881 -10.037704
v  -50.294746 40.595032 -7.479035
v  -50.085228 39.911053 -9.995730
v  -46.339676 44.018177 -12.211263
v  -48.197083 41.782085 -12.207002
v  -49.715652 39.582550 -12.368535
v  -51.744186 37.834270 -10.066106
v  -51.148483 37.294590 -12.708801
v  -47.528481 41.747284 -14.391875
v  -48.980133 39.333420 -14.614702
v  -50.185486 37.045380 -15.014923
v  -51.763512 34.677624 -12.536600
v  -50.893570 34.512833 -15.103127
v  -48.182716 39.665211 -16.774876
v  -49.262817 37.317211 -17.238876
v  -49.901161 34.893024 -17.720974
v  -51.579201 31.902014 -15.272956
v  -49.943581 32.116734 -17.868561
v  -47.966721 37.750454 -19.503551
v  -48.394310 35.335712 -19.983955
v  -48.395355 32.635979 -20.229668
v  -49.024940 29.628124 -17.574562
v  -47.544731 29.969940 -19.726341
v  -47.385490 35.794952 -22.116467
v  -47.232399 33.076706 -22.073208
v  -46.208755 30.481579 -21.519753
v  -45.821198 27.972710 -18.867081
v  -45.049454 27.930483 -20.872486
v  -46.646454 33.269974 -23.891590
v  -45.659706 30.523762 -23.395729
v  -44.231194 27.968426 -22.779457
v  -43.306595 25.435600 -20.343582
v  -42.624298 25.272110 -22.233597
v  -45.257935 30.403944 -25.058651
v  -43.729286 27.806293 -24.497978
v  -41.897552 25.192659 -23.822651
v  -43.333694 27.530172 -26.104092
v  -41.293266 24.885792 -25.369678
v  -42.927376 27.157545 -27.426086
v  -40.952957 24.333700 -26.830647
v  -42.513748 26.744558 -29.037979
v  -40.307953 23.914806 -28.322514
v  -41.370461 26.778606 -30.566517
v  -39.363792 23.876879 -29.879082
v  -40.371735 26.904583 -31.796600
v  -38.413208 24.084133 -31.168507
v  -39.328835 27.049469 -32.860291
v  -42.005821 29.620422 -32.458054
v  -40.873360 29.492977 -33.592678
v  -39.161514 29.974880 -33.949406
v  -37.846191 27.626862 -33.158390
v  -37.215080 30.689194 -34.070351
v  -36.011940 28.616426 -33.453114
v  -35.030006 31.392673 -34.262421
v  -37.971809 32.918308 -34.570866
v  -35.722000 33.338787 -35.116474
v  -33.358177 34.217228 -35.285542
v  -36.088936 35.507957 -35.802250
v  -33.626854 36.220882 -36.028675
v  -31.150122 36.778080 -36.319057
v  -33.656860 38.172680 -36.912899
v  -31.253111 38.684505 -37.123829
v  -28.666624 39.197128 -37.553631
v  -31.057302 40.445599 -37.988728
v  -28.508636 40.995380 -37.831249
v  -25.745617 40.690094 -38.582806
v  -28.357237 42.626038 -39.352009
v  -25.175430 42.779778 -39.666332
v  -22.320625 42.914688 -39.874004
v  -24.429834 44.462200 -40.275501
v  -21.498011 44.302143 -40.084843
v  -18.659456 44.001480 -40.130398
v  -19.442575 42.632942 -40.011478
v  -15.889132 43.530918 -40.239910
v  -16.696108 42.060028 -39.978397
v  -13.320607 42.885170 -40.108990
v  -14.178671 41.513630 -39.707966
v  -14.873839 44.826145 -40.805042
v  -12.349588 44.379517 -40.194935
v  -10.213167 43.772385 -39.766888
v  -11.338449 45.924114 -40.551495
v  -9.262084 45.160416 -39.946644
v  -7.428761 44.337208 -39.408588
v  -8.181387 46.821507 -40.469013
v  -6.233860 45.849174 -39.717495
v  -4.714945 44.830910 -38.723446
v  -5.384626 47.538807 -39.623196
v  -3.801721 46.499977 -38.765087
v  -2.742448 45.505314 -37.890446
v  -3.732491 43.962948 -37.848499
v  -2.009227 44.779888 -37.672306
v  -3.166066 43.503105 -37.643185
v  -1.516930 44.442677 -37.635754
v  -2.611897 43.281807 -37.806973
v  -1.668974 47.402317 -38.130131
v  -2.971238 48.247517 -38.781918
v  -2.198991 49.946976 -38.751202
v  -0.668275 49.025482 -38.269077
v  -1.553319 51.633400 -38.524487
v  0.107284 50.627872 -38.231678
v  -0.749661 53.294632 -38.520077
v  0.833772 52.274487 -38.071438
v  2.326971 51.453766 -37.735210
v  1.417794 53.938622 -37.968693
v  2.750643 52.923035 -37.863216
v  3.610500 50.757202 -37.669811
v  5.604829 50.262589 -37.976383
v  8.021484 50.550774 -38.574627
v  8.248707 48.961205 -38.303928
v  10.330241 51.411221 -38.191471
v  10.870715 49.584717 -38.191906
v  11.454527 47.949123 -37.912685
v  8.533154 47.563366 -37.499187
v  12.027849 46.191544 -37.990330
v  8.988950 46.097870 -38.331066
v  12.545777 44.664215 -38.222454
v  9.497790 44.359932 -38.734409
v  12.933490 42.688564 -38.862751
v  9.910599 42.650467 -39.151318
v  12.989276 40.362610 -39.328197
v  10.182788 40.654449 -39.554462
v  7.776119 40.484272 -39.366444
v  10.110360 38.457787 -40.236164
v  12.687573 37.988876 -39.884853
v  15.816931 39.899601 -38.941341
v  15.270931 37.272297 -39.819805
v  15.667391 42.416557 -37.834217
v  17.607462 44.624844 -36.625484
v  15.177552 44.564178 -37.103428
v  18.775307 47.281715 -35.215237
v  19.505371 44.544189 -35.269909
v  16.722670 46.788227 -35.788486
v  14.683940 46.434322 -37.137005
v  16.062960 49.103340 -36.081234
v  14.116382 48.482731 -37.375309
v  16.535885 51.826298 -34.961201
v  17.802826 49.647533 -35.196560
v  15.174182 51.188435 -36.135288
v  13.307955 50.382889 -37.469433
v  14.062345 53.317383 -36.200848
v  12.284778 52.415436 -37.518658
v  13.954382 55.800644 -35.030720
v  15.272470 53.814686 -35.001659
v  12.829202 55.202137 -36.308033
v  11.197763 54.338448 -37.455563
v  11.734879 57.051094 -36.331669
v  10.171436 56.259285 -37.509525
v  9.605299 53.404018 -38.164547
v  8.497909 55.361729 -38.246128
v  8.272875 58.636997 -37.103977
v  6.738858 57.450481 -37.221615
v  8.498911 60.449326 -35.546597
v  10.219104 59.208672 -36.092739
v  6.839275 59.484375 -35.902126
v  5.545620 58.445335 -36.344906
v  5.715586 60.271431 -35.569386
v  4.682055 59.111977 -36.294315
v  4.467068 57.169830 -37.341183
v  3.425883 57.849167 -37.315891
v  3.546145 59.902767 -36.580006
v  2.178749 58.404427 -37.654911
v  3.196124 54.698933 -37.980396
v  2.028533 55.673557 -37.835995
v  0.883958 56.682503 -38.082767
v  -1.691667 55.996811 -38.575603
v  -0.557808 57.679871 -38.445080
v  -0.080422 54.961472 -38.126019
v  0.599857 59.258888 -37.715977
v  -2.097954 58.557404 -38.733944
v  -0.683274 60.187225 -38.139385
v  0.714096 61.624016 -37.524670
v  2.072170 60.820988 -37.134670
v  1.944290 62.989944 -36.843845
v  3.246123 62.134521 -36.345776
v  4.608682 61.143097 -36.096470
v  4.351699 63.594322 -36.109386
v  5.900926 62.572849 -35.785198
v  7.110515 61.591587 -35.556080
v  7.105537 64.179611 -34.935268
v  8.600565 62.870098 -34.785900
v  10.061239 61.334202 -34.742283
v  9.457533 63.708019 -33.481937
v  11.005302 61.965073 -33.574509
v  12.505943 60.150299 -33.854046
v  11.432211 59.606949 -34.870022
v  13.826242 58.251846 -33.917088
v  12.807801 57.672695 -35.158710
v  14.916956 56.150131 -33.738689
v  14.745522 58.759518 -32.697079
v  16.059158 56.614594 -32.800777
v  17.318125 54.683830 -33.053215
v  16.338226 54.286766 -33.916000
v  18.602043 52.470657 -33.241737
v  17.556667 52.152748 -33.937622
v  19.954826 50.191628 -33.382805
v  18.885754 49.879177 -34.113075
v  21.197598 47.622749 -33.442272
v  20.195326 47.400574 -34.373669
v  22.042324 44.889713 -33.393555
v  20.898397 44.626991 -34.193039
v  22.698660 42.180088 -33.571777
v  23.027544 45.214272 -32.489433
v  23.738161 42.604546 -32.569481
v  24.535046 39.951653 -32.894848
v  23.598198 39.339043 -34.056252
v  25.502295 36.792007 -33.081161
v  24.640366 36.000751 -34.394878
v  26.217499 33.125217 -32.897366
v  25.361273 32.204044 -34.346745
v  23.863775 31.125174 -35.229031
v  25.355944 28.286491 -33.580807
v  23.827314 27.335861 -34.454723
v  22.271650 26.289055 -35.218327
v  22.191751 29.742815 -36.180653
v  20.453188 25.230343 -35.591709
v  20.295828 28.318626 -36.440632
v  18.524780 23.792330 -36.221317
v  18.285362 26.819195 -36.699490
v  17.865171 29.360950 -37.265347
v  16.164114 25.309540 -36.944263
v  20.399113 21.932850 -34.872211
v  18.224432 20.944878 -34.975750
v  20.070015 18.633226 -34.042976
v  17.966061 18.069376 -34.031647
v  22.171606 22.952860 -34.356411
v  21.823242 19.354805 -33.458462
v  23.478539 23.747290 -33.659973
v  23.240578 20.081936 -32.642067
v  25.024338 24.479992 -32.799442
v  24.712343 20.720034 -31.803574
v  24.500700 17.168411 -30.694305
v  25.640633 21.595404 -30.655293
v  25.112217 18.174133 -29.505974
v  25.824080 14.647961 -28.715565
v  25.095533 13.567904 -29.737656
v  26.456444 11.624630 -27.115856
v  26.164894 10.642984 -27.829865
v  28.450649 9.249201 -25.462551
v  28.227070 8.450565 -25.783798
v  28.111460 7.518454 -26.146488
v  30.767141 6.463125 -23.881718
v  30.177048 5.293392 -23.921707
v  29.335045 4.677601 -23.434818
v  27.878811 6.348894 -26.365517
v  28.543839 3.995167 -23.033096
v  26.753538 5.313557 -25.752541
v  27.875523 3.635170 -22.514931
v  25.916317 5.309938 -24.924801
v  23.361876 6.737747 -27.247593
v  21.391285 8.167440 -29.608318
v  25.260792 5.084488 -24.353149
v  23.134212 6.729969 -26.540722
v  21.008259 7.652884 -28.485443
v  22.596088 6.296383 -25.998905
v  20.543638 7.381189 -27.587387
v  24.522293 4.859322 -23.747509
v  26.979156 3.262627 -22.020527
v  25.850439 3.235126 -21.378036
v  24.303421 3.169170 -20.783146
v  27.025496 2.330845 -18.453690
v  25.275970 2.269234 -18.177711
v  23.149395 3.152344 -17.269691
v  25.651936 1.865971 -15.539707
v  23.365477 2.325912 -15.010775
v  21.276394 2.950821 -14.709291
v  20.875528 3.648197 -16.675312
v  23.344042 1.673363 -13.238921
v  21.344795 2.533398 -12.743872
v  23.531940 0.628864 -11.786301
v  21.188208 1.510048 -11.166286
v  25.841888 1.179176 -13.690382
v  25.754568 0.229763 -11.714842
v  25.655018 0.093559 -9.211382
v  27.962387 0.315056 -11.526632
v  27.668459 0.031349 -8.938312
v  27.316206 0.355160 -6.357984
v  29.462883 0.000000 -8.656146
v  29.009634 0.222561 -5.823113
v  28.612654 1.092228 -3.407626
v  26.726698 1.101261 -3.849549
v  27.952236 1.917881 -1.211399
v  26.142670 2.317951 -1.480240
v  27.208302 2.238716 0.915313
v  25.502151 3.233799 0.658897
v  26.727098 1.927837 3.107832
v  24.788729 2.515312 2.710050
v  26.193916 1.033562 5.073838
v  29.033653 0.649433 3.361097
v  28.700966 0.575253 5.512611
v  28.175983 1.320076 7.558186
v  25.503668 1.391705 6.913926
v  27.292290 1.781651 9.357841
v  24.591148 1.757462 8.405270
v  26.371246 2.575554 10.684870
v  29.876692 1.434975 10.102612
v  28.888708 2.229877 11.687423
v  27.745098 1.947990 13.071486
v  31.208006 1.585232 12.580602
v  29.994936 1.257442 14.201308
v  28.581411 1.235111 15.826018
v  31.930382 1.259468 15.487498
v  30.239344 0.872990 17.337875
v  28.544640 0.000000 18.562565
v  27.239197 0.000000 21.643085
v  26.540138 0.000000 19.760174
v  25.281494 0.000000 22.633724
v  24.654207 0.000000 20.715103
v  23.636833 0.000000 23.458138
v  22.948566 0.000000 21.699684
v  22.409937 0.000000 24.244884
v  21.664547 0.000000 22.598091
v  21.533770 0.000000 25.040985
v  20.581682 0.000000 23.435307
v  20.653126 0.000000 25.732208
v  19.694191 0.000000 24.169495
v  19.821047 0.000000 26.299641
v  18.880081 0.000000 24.792877
v  19.024525 0.000000 26.719696
v  18.192097 0.000000 25.296421
v  18.211639 0.000000 27.166271
v  17.488413 0.000000 25.799595
v  17.546864 0.000000 27.610973
v  16.705706 0.000000 26.358101
v  16.806858 0.000000 28.121033
v  16.084919 0.000000 26.834461
v  15.117677 0.000000 25.567932
v  15.345928 0.175335 27.476509
v  14.348310 0.174358 26.233788
v  13.036869 0.122307 24.910442
v  13.840318 1.185825 26.732403
v  12.452391 1.107029 25.393055
v  13.184811 2.238724 27.361393
v  11.958173 2.271832 25.922291
v  12.692991 3.650715 27.868950
v  11.358665 3.583019 26.580227
v  9.970376 3.758732 25.220585
v  11.101246 5.102558 27.050774
v  9.534458 5.198788 26.088615
v  7.932969 5.706144 24.903095
v  12.241657 5.130098 28.241577
v  13.580054 3.777290 29.067616
v  12.748268 5.172466 29.641449
v  11.816293 6.589502 30.201153
v  13.284263 5.336489 30.771000
v  12.194945 6.799314 31.196877
v  11.039575 8.424938 31.544262
v  10.873808 8.156952 30.429600
v  12.778113 7.219242 32.015171
v  11.238820 8.775393 32.516064
v  12.996966 7.390102 32.882191
v  11.467248 9.037804 33.446888
v  13.386528 7.739363 33.549892
v  11.868935 9.454098 34.103825
v  13.828844 8.112911 34.009907
v  12.305398 9.884958 34.639797
v  10.472358 11.663342 35.208691
v  12.821555 10.495323 34.674320
v  11.060021 12.429216 35.343914
v  9.076155 14.242884 35.901112
v  11.596828 13.220396 35.438068
v  9.591986 15.105986 35.660366
v  7.607208 16.912148 36.118832
v  10.294749 16.146599 35.394306
v  8.363131 17.988615 35.741764
v  6.283299 19.615376 35.641911
v  5.285657 18.463461 36.152508
v  4.410179 21.129580 35.948185
v  3.190449 19.757084 36.457432
v  2.577049 22.652128 36.119373
v  1.267167 21.206528 36.826550
v  0.698564 24.204132 36.285389
v  -0.665560 22.876705 36.979137
v  -0.909239 25.794369 36.605816
v  2.396539 25.740883 35.711445
v  0.766582 27.327721 36.166286
v  4.293782 27.414474 35.441875
v  2.758271 28.972614 35.892010
v  6.298924 29.065414 35.292065
v  4.727692 30.661259 35.867107
v  8.577943 30.905819 35.568714
v  6.999527 32.654293 35.830692
v  10.503848 33.111393 35.069820
v  9.048010 34.716846 35.084347
v  12.535208 35.182014 34.513409
v  11.064576 36.825611 34.602261
v  9.893356 38.324284 34.997143
v  13.085103 38.918072 33.963909
v  11.656891 40.363998 33.734554
v  10.530508 41.777668 34.539288
v  13.680466 42.421967 33.353695
v  17.263662 42.519947 32.706104
v  15.782095 44.213791 32.534779
v  15.071402 40.791637 33.288517
v  19.126627 43.836807 31.812145
v  17.750402 45.417675 31.410580
v  21.361622 45.209476 31.428783
v  19.705376 46.705788 30.638081
v  23.595438 46.428474 31.373501
v  21.698900 48.026688 30.850128
v  25.239193 47.383625 32.113552
v  23.458038 48.887375 31.847927
v  21.835260 50.387947 31.251717
v  25.238441 49.863411 32.900021
v  23.375465 51.181629 32.428013
v  21.204098 52.237648 32.209492
v  20.062290 51.107269 31.510456
v  18.902239 52.891830 32.882542
v  17.857910 51.791878 32.331768
v  16.192520 53.902607 33.600536
v  15.474249 52.659111 33.025005
v  14.140100 54.875977 34.603184
v  13.408493 53.410004 34.381184
v  11.953796 55.832531 35.131588
v  11.180089 54.434769 35.004108
v  10.403276 52.549408 35.381451
v  9.346667 55.440224 35.803127
v  8.403968 53.635239 36.204586
v  7.071684 51.509216 36.854710
v  9.326308 50.394409 36.290180
v  6.533440 54.774673 36.785114
v  5.262650 52.775307 37.451771
v  4.964583 55.940758 37.039341
v  3.830426 54.123539 37.400478
v  3.712292 56.966339 37.053631
v  2.617201 55.540970 37.346424
v  2.515391 57.972786 36.478741
v  1.642345 56.791508 36.993801
v  1.536442 58.804321 35.489582
v  0.709989 58.047489 36.150127
v  0.644068 59.206604 34.330700
v  -0.110261 58.811337 34.974834
v  -0.391794 59.844959 33.575558
v  -0.858093 59.348457 33.931194
v  -1.726971 58.862049 34.461575
v  -1.646611 59.706848 32.937237
v  -1.280914 60.386040 32.639118
v  -2.405904 60.813274 31.783176
v  -2.720471 60.500881 32.433208
v  -3.921816 61.377811 31.232746
v  -4.127035 61.000839 32.017498
v  -5.634837 62.235260 31.213123
v  -5.871433 61.418480 32.055393
v  -6.015386 60.502457 32.829357
v  -7.738817 61.897118 32.128696
v  -7.937223 60.540794 32.841351
v  -9.398521 62.297958 32.266315
v  -9.617661 60.892342 33.061771
v  -10.895936 62.898499 32.193661
v  -9.103316 63.290878 31.362072
v  -10.651161 63.993172 31.269413
v  -8.732697 63.968697 31.148766
v  -10.140498 65.174530 31.036633
v  -8.068861 65.146744 31.047070
v  -9.220841 66.505524 30.582066
v  -7.096529 66.315880 30.931343
v  -8.006855 67.823647 30.502270
v  -8.799291 69.243073 29.809490
v  -6.433339 68.995346 30.178928
v  -7.117775 70.754837 29.732311
v  -7.296595 71.856064 27.916122
v  -5.111318 71.807899 29.246784
v  -5.234078 72.792358 27.672256
v  -5.445950 73.853012 25.946491
v  -7.177431 72.507935 26.059513
v  -5.366619 74.719826 24.071480
v  -7.186779 73.665062 24.264126
v  -5.332516 76.151672 22.062057
v  -7.221796 74.944290 22.224762
v  -5.180933 77.419357 19.708862
v  -7.200575 76.428085 19.940418
v  -5.213232 78.739822 17.534111
v  -7.314743 77.981171 17.783623
v  -9.388586 76.995743 18.271500
v  -7.576089 79.417923 15.582431
v  -9.673470 78.696274 16.170479
v  -12.048987 77.773270 16.903091
v  -10.244786 80.203140 13.907611
v  -12.552383 79.350906 14.697246
v  -14.807867 78.013687 15.272750
v  -14.332291 76.503799 17.488300
v  -17.287521 77.313278 16.583630
v  -16.755398 75.515633 18.406750
v  -20.057360 76.554474 17.813816
v  -19.382832 74.752678 19.460526
v  -22.615965 74.303528 18.050499
v  -21.940292 72.559586 18.962009
v  -24.605694 72.500435 17.413380
v  -23.983355 70.558220 18.598259
v  -23.569094 68.595253 19.699711
v  -26.204714 69.474266 18.421791
v  -25.696716 67.780998 19.761604
v  -25.323721 66.033463 20.975994
v  -28.393591 67.238426 19.314022
v  -28.324545 65.219421 20.676941
v  -30.777258 66.194092 18.091156
v  -30.566208 64.202293 19.386715
v  -32.410980 65.500427 16.496407
v  -32.589073 63.552750 18.048191
v  -34.585060 65.254074 15.020480
v  -34.543953 63.095589 16.141754
v  -36.077736 64.718384 12.915607
v  -35.946281 62.942375 13.822276
v  -36.509071 64.055908 10.599845
v  -36.469933 62.555229 11.566874
v  -36.875824 63.665039 8.117160
v  -36.985092 62.069519 9.263863
v  -37.913124 60.675430 10.100121
v  -36.612785 61.296635 6.706456
v  -37.341057 59.642578 7.766007
v  -36.161697 60.654419 4.240026
v  -36.906479 58.877235 5.218261
v  -36.063004 60.078468 1.839633
v  -36.357040 58.266529 2.678430
v  -35.711830 59.519634 -0.580655
v  -35.785057 57.703587 0.178685
v  -36.722008 56.121269 0.731334
v  -35.686234 57.237560 -2.369643
v  -36.519180 55.612846 -1.866832
v  -37.580269 54.150600 -1.579552
v  -36.709450 55.227680 -4.306270
v  -37.569420 53.718601 -4.025985
v  -36.827240 54.503929 -6.615421
v  -37.825905 53.222893 -6.364408
v  -38.886688 51.917953 -6.302691
v  -37.905418 52.524212 -8.566644
v  -39.122261 51.522144 -8.495537
v  -40.908195 50.604080 -8.667480
v  -39.246689 50.842869 -10.655628
v  -40.855247 49.704838 -10.522874
v  -42.989586 48.527916 -10.515515
v  -41.020142 49.477417 -12.659418
v  -42.988235 48.114349 -12.451288
v  -44.763641 46.201500 -12.312243
v  -43.006622 47.951195 -14.446014
v  -44.464127 45.959366 -14.254612
v  -45.707176 43.779102 -14.189934
v  -45.570930 44.116955 -16.298019
v  -46.804115 41.913879 -16.485100
v  -45.429199 44.848145 -18.444622
v  -46.247139 42.499691 -18.722744
v  -47.267372 40.207859 -19.060074
v  -45.821228 43.397564 -21.051189
v  -46.465088 40.976223 -21.430515
v  -47.397141 38.397182 -21.936417
v  -45.623909 41.649460 -23.687656
v  -46.350006 39.009140 -23.987213
v  -46.664917 36.222279 -23.997612
v  -45.507996 39.393963 -25.813450
v  -45.716667 36.545559 -25.662048
v  -46.356438 33.396999 -25.511784
v  -45.874550 36.788116 -27.435749
v  -45.815720 33.543663 -27.063461
v  -44.699265 30.322119 -26.574097
v  -45.407066 33.421013 -28.665760
v  -44.394302 30.167309 -28.007931
v  -45.060745 33.107780 -30.422638
v  -43.777466 29.991631 -29.588203
v  -44.063057 32.829418 -31.877552
v  -42.944557 29.828789 -31.103962
v  -43.182854 32.462738 -33.286655
v  -44.524101 35.815224 -32.703953
v  -43.541603 35.425816 -34.152794
v  -42.176315 35.131149 -35.059902
v  -41.841095 32.263584 -34.314587
v  -40.387199 35.011211 -35.375912
v  -40.147362 32.372139 -34.733776
v  -38.356300 35.137245 -35.487591
v  -40.267838 37.304638 -36.125401
v  -38.380859 37.354702 -36.479336
v  -36.100800 37.632412 -36.835995
v  -38.107162 39.804005 -37.368198
v  -36.042664 39.839157 -37.728092
v  -33.632195 39.912189 -37.917805
v  -35.901772 42.092201 -38.631176
v  -33.575935 42.155174 -38.949909
v  -30.941984 42.377113 -39.152805
v  -33.199951 44.743950 -39.463291
v  -30.608070 44.887383 -39.489506
v  -27.811769 44.665565 -40.232647
v  -29.977436 46.857838 -40.180859
v  -26.892895 46.446564 -40.454441
v  -23.601231 46.249699 -40.524723
v  -25.694836 48.463295 -41.151569
v  -22.531248 48.120071 -40.778873
v  -19.661854 47.656982 -41.252499
v  -20.674072 45.850067 -40.558529
v  -16.664867 47.096069 -41.109898
v  -17.684275 45.420349 -40.619831
v  -13.811750 46.539639 -40.987118
v  -15.659170 48.717831 -41.217495
v  -12.922029 48.255692 -40.908657
v  -10.488371 47.650669 -40.665272
v  -12.121298 49.979996 -40.856876
v  -9.669250 49.417389 -40.791988
v  -7.340372 48.652134 -40.460972
v  -9.001504 51.192444 -40.775806
v  -6.728466 50.330467 -40.241261
v  -4.661084 49.342209 -39.539875
v  -6.148077 51.990051 -40.083630
v  -4.005543 51.033630 -39.443600
v  -5.398851 53.645744 -39.847736
v  -3.257698 52.635513 -39.355328
v  -4.429360 55.377010 -39.710178
v  -2.427333 54.336552 -39.184605
v  -3.298883 57.055679 -39.186642
v  -6.689641 56.235409 -39.827229
v  -5.317937 58.111862 -39.613186
v  -3.844128 59.749084 -39.076519
v  -7.230494 58.798065 -39.531803
v  -5.512518 60.612148 -38.906445
v  -3.909508 62.213921 -38.163227
v  -2.141567 61.223869 -38.386326
v  -2.420502 63.751644 -37.758266
v  -0.648414 62.458878 -37.725048
v  -1.345481 65.242172 -37.437412
v  0.652079 63.901409 -37.284557
v  2.872655 64.591629 -36.713291
v  3.456670 66.196999 -35.226696
v  5.454532 65.355415 -35.250637
v  3.683494 67.126991 -33.688862
v  5.839119 66.439171 -33.590126
v  7.704268 65.185928 -33.465858
v  5.914983 66.992020 -32.178772
v  8.021158 65.852783 -32.248959
v  9.988552 64.334038 -32.286194
v  8.302270 66.343994 -31.093204
v  10.343502 64.752563 -31.006733
v  12.126571 62.921143 -31.132050
v  11.701648 62.519005 -32.248898
v  13.828259 61.105194 -31.285179
v  13.237462 60.735336 -32.469158
v  15.340919 59.087204 -31.535965
v  14.195871 61.275852 -30.281013
v  15.785857 59.319878 -30.571278
v  17.320145 57.236679 -30.861614
v  16.781666 57.044456 -31.838272
v  18.556417 55.046890 -30.987766
v  18.038279 54.935127 -32.063507
v  19.960148 52.766510 -31.307030
v  19.350847 52.666275 -32.310562
v  21.358515 50.533691 -31.400169
v  20.757856 50.402390 -32.504581
v  22.682730 48.091534 -31.358643
v  22.018291 47.876385 -32.493790
v  23.730928 45.562557 -31.304932
v  22.861544 48.293228 -30.288250
v  23.907578 45.818745 -30.212727
v  24.881657 43.391808 -30.286171
v  24.526688 43.058208 -31.422356
v  25.698626 40.681469 -30.264107
v  25.245977 40.351776 -31.592403
v  26.655312 37.813320 -30.354733
v  26.083385 37.371876 -31.621979
v  27.492355 34.581005 -30.201561
v  27.134348 33.926247 -31.657646
v  27.858740 31.091534 -29.824711
v  27.278957 30.138462 -31.115906
v  26.496159 29.213360 -32.418549
v  27.127033 26.419312 -30.440536
v  26.418165 25.292595 -31.741989
v  26.633240 22.675211 -29.674599
v  28.064283 27.555466 -29.266911
v  27.767618 23.948265 -28.643940
v  27.443281 20.488716 -27.797737
v  26.171097 19.184658 -28.688885
v  27.440472 17.277369 -26.791271
v  26.439615 15.919952 -27.637306
v  28.116573 14.319221 -25.688591
v  27.066534 12.858614 -26.363697
v  29.560881 11.784557 -24.321068
v  28.814074 10.297068 -24.957756
v  31.265469 9.787989 -22.421654
v  30.893990 8.402128 -23.018593
v  30.823845 7.427347 -23.466785
v  33.158234 6.749144 -21.125259
v  32.901756 5.857590 -21.207458
v  32.849113 4.789806 -21.555771
v  35.363129 4.680107 -19.228279
v  34.936943 3.040184 -19.312031
v  33.996819 1.923176 -18.764565
v  32.423912 3.325062 -21.668507
v  32.890335 1.680138 -17.902855
v  31.333193 2.236973 -21.069954
v  30.308958 2.270184 -20.153988
v  29.505299 2.354221 -19.524754
v  28.461533 2.054321 -18.956860
v  27.732128 1.318279 -15.981542
v  27.931351 1.165504 -13.693935
v  35.734428 1.542961 -15.765020
v  34.957680 1.156025 -15.336649
v  37.943665 0.949600 -12.810387
v  37.034935 0.730827 -12.159294
v  40.616104 0.569855 -10.100798
v  39.716461 0.248600 -9.339892
v  38.925453 0.006676 -8.697501
v  42.557274 0.000000 -6.432308
v  41.729317 0.000000 -6.024512
v  40.495140 0.000000 -5.439775
v  38.169067 0.206280 -7.919426
v  39.422386 0.000000 -4.808254
v  37.376099 0.028610 -6.954753
v  34.095924 0.000000 -6.936987
v  33.338997 0.072559 -4.727465
v  31.023512 0.101803 -5.275036
v  31.657333 0.000000 -7.945380
v  32.830299 0.568619 -2.702479
v  30.563358 0.871235 -3.063302
v  32.434944 0.653385 -0.928595
v  30.056143 1.245510 -1.155821
v  31.990618 0.291870 1.286697
v  29.450338 1.034878 1.051478
v  31.596384 0.000000 3.714598
v  34.355293 0.000000 1.756277
v  33.936172 0.000000 4.133939
v  33.682198 0.289982 6.309787
v  31.353216 0.125679 5.823434
v  33.238220 1.165539 8.492863
v  30.783575 0.835926 8.095917
v  32.360306 1.410751 10.711787
v  35.366226 1.304379 9.058635
v  34.536118 1.506592 11.260707
v  33.409569 1.574585 13.413105
v  36.530945 1.618149 11.849034
v  35.287674 1.980804 14.192325
v  38.519089 1.710213 12.473874
v  37.305275 2.000313 14.884572
v  40.663849 1.772125 13.035339
v  39.248558 2.516777 15.447450
v  42.841866 2.455482 13.331221
v  41.436714 2.867130 15.927012
v  39.909477 3.261162 18.273396
v  43.583008 3.920837 16.018898
v  42.061440 4.255856 18.304585
v  40.982986 3.945946 20.897736
v  38.507278 3.597034 20.860264
v  40.212112 3.850368 23.791454
v  37.714951 3.061337 23.601017
v  39.464317 4.567173 26.414635
v  37.125671 3.690769 26.179005
v  34.793297 2.818535 26.051800
v  36.351730 4.324230 28.709705
v  34.220421 3.866096 28.299118
v  32.184311 2.746040 28.499226
v  32.536720 1.793106 26.199154
v  29.977419 1.959373 28.825291
v  30.205553 0.943737 26.509811
v  27.576050 1.778316 28.875927
v  27.744135 0.860565 26.914490
v  27.688610 0.645267 24.998760
v  27.714535 0.000000 23.608547
v  25.918941 0.887081 27.406136
v  25.838324 0.296597 25.811481
v  25.739840 0.000000 24.464790
v  24.472973 0.042606 26.587112
v  24.170086 0.000000 25.196579
v  23.463211 0.000000 27.226280
v  23.029757 0.000000 25.873108
v  22.869461 0.000000 27.957951
v  22.170485 0.000000 26.544743
v  22.073277 0.000000 28.548588
v  21.326954 0.000000 27.179314
v  21.282381 0.000000 29.115055
v  20.530149 0.000000 27.673801
v  19.783869 0.000000 28.134796
v  18.981056 0.000000 28.545773
v  18.064650 0.000000 29.042194
v  17.917448 0.000000 30.834713
v  17.441154 0.000000 29.405357
v  17.296644 0.633141 30.981792
v  16.738016 0.519699 29.828716
v  16.185076 0.439102 28.615841
v  16.001955 1.443642 30.290886
v  15.512513 1.387665 29.161457
v  14.812435 1.299423 27.977673
v  14.879836 2.527878 29.672283
v  14.104438 2.356606 28.625385
v  14.181012 3.907555 30.124668
v  15.292612 2.609486 30.778545
v  14.522128 3.997990 31.199749
v  13.901690 5.632702 31.520607
v  14.926865 4.144535 32.151760
v  14.268385 5.837288 32.350201
v  15.506944 4.411747 32.897457
v  14.645248 6.075369 33.008739
v  16.111563 4.705421 33.554867
v  15.107627 6.345453 33.637150
v  16.891680 5.136871 33.749874
v  15.666998 6.741859 33.943981
v  14.335687 8.645523 34.163570
v  16.257786 7.301985 33.849316
v  14.866617 9.215475 34.064739
v  13.372701 11.204472 34.672573
v  15.465178 9.891752 33.909397
v  13.969095 11.972897 34.680111
v  12.199932 14.148514 35.174854
v  14.715370 13.055159 34.387157
v  12.991458 15.318602 34.916386
v  11.163966 17.425257 35.184200
v  14.065475 16.685659 34.763103
v  12.283258 18.937420 34.836430
v  10.612209 20.970314 34.871799
v  9.381934 19.370102 35.244595
v  8.946195 22.724550 34.817577
v  7.541229 21.082088 35.265278
v  7.420318 24.423717 34.636379
v  5.839830 22.719172 35.287052
v  5.872355 25.925678 34.837749
v  4.091812 24.153088 35.492199
v  9.144174 26.279591 34.133640
v  7.799118 27.645092 34.534977
v  11.038148 27.880390 34.198360
v  9.784875 29.311745 34.947643
v  13.292732 29.762154 34.189198
v  11.916543 31.442741 34.637371
v  15.123253 31.566772 33.831219
v  13.872206 33.440651 34.314068
v  17.132948 33.404419 33.797092
v  15.859719 35.449764 33.969189
v  14.517121 37.256718 34.095608
v  17.829901 37.177452 33.147022
v  16.562811 38.979031 33.412975
v  19.753904 38.663799 32.376377
v  18.665554 40.641087 32.909458
v  21.887997 40.084419 32.046619
v  20.672615 42.063484 32.196590
v  24.229870 41.349735 31.834240
v  23.003668 43.370071 31.956921
v  26.049398 42.375031 32.433193
v  24.985903 44.380825 31.785591
v  27.683720 43.049286 33.281445
v  26.439125 45.204575 32.673901
v  29.206276 43.537270 33.905674
v  27.968945 45.880962 33.592503
v  26.828234 48.068188 33.130245
v  29.570389 46.578247 34.345745
v  28.324833 48.895134 34.242870
v  27.019152 50.887180 33.699657
v  29.825975 49.421841 34.368809
v  28.184137 51.447910 33.613636
v  26.163561 53.172321 33.533566
v  24.970703 52.134827 33.485355
v  23.396235 54.520496 33.316784
v  22.381741 53.110748 33.253849
v  20.467836 55.392639 33.740696
v  19.833845 54.036972 33.690113
v  17.707960 56.143055 34.812084
v  16.913509 55.124100 34.226933
v  15.034360 57.219948 35.027790
v  14.567656 56.138226 34.657162
v  13.017909 58.393970 35.400509
v  12.611986 57.205864 35.279507
v  11.227788 59.301407 36.039417
v  10.638999 58.146832 35.670689
v  10.036789 56.804234 35.739925
v  8.656410 59.104816 36.113415
v  8.135033 57.690384 36.341160
v  7.486262 56.467400 36.287052
v  6.398275 58.650677 36.524250
v  5.837335 57.413300 36.590549
v  4.832704 59.646873 36.144436
v  4.460662 58.238659 36.740734
v  3.487755 60.302719 35.740116
v  3.060838 59.165771 36.229511
v  2.374932 60.627338 34.866352
v  2.003240 59.616901 35.064289
v  1.265624 60.872803 33.935322
v  1.082772 59.961388 34.052929
v  0.449940 60.845474 32.782429
v  0.201952 60.186874 32.960888
v  -0.827290 61.014076 32.046070
v  -1.121965 60.761116 32.436825
v  -2.375079 61.211571 31.614017
v  -2.374639 61.079552 31.635044
v  -3.848723 61.882149 30.933002
v  -3.907037 61.618210 31.025311
v  -5.338782 62.752968 30.666172
v  -5.578900 62.278763 30.853615
v  -6.793212 63.764774 31.070835
v  -7.188831 62.967171 30.907543
v  -7.426392 62.666039 31.297832
v  -4.922683 63.558685 30.640652
v  -6.038710 64.842102 31.012280
v  -4.314640 64.430038 30.846848
v  -5.031449 65.930573 30.847912
v  -5.792630 67.466354 30.673412
v  -3.992994 66.878716 30.736546
v  -4.460337 68.546593 30.802910
v  -4.751697 70.201569 30.165157
v  -3.129362 69.657898 31.187382
v  -3.132535 71.410126 30.337475
v  -3.336816 72.885834 29.178364
v  -3.712760 74.032135 27.719402
v  -3.693689 74.812973 25.959148
v  -2.022088 77.220879 24.420139
v  -3.554955 75.808167 24.014210
v  -1.791931 78.321030 22.287659
v  -3.623897 77.283020 21.996941
v  -1.730893 79.496719 20.027256
v  -3.459006 78.407669 19.671509
v  -1.560423 80.440765 17.775070
v  -3.222389 79.372948 17.389095
v  -1.776340 81.973022 15.744777
v  -3.543833 81.106659 15.342212
v  -5.602805 80.551697 15.546058
v  -4.032491 82.772446 13.112302
v  -5.983150 81.863235 12.959949
v  -7.997169 80.998322 13.299592
v  -6.429159 83.095169 10.640861
v  -8.481568 82.451950 11.079831
v  -10.786654 81.259399 11.610199
v  -9.056769 83.536301 9.218513
v  -11.510942 82.429749 9.896175
v  -13.752597 81.085434 10.494339
v  -13.057945 80.250900 12.360108
v  -15.929533 80.055771 11.355296
v  -15.377884 79.204697 13.243531
v  -18.273378 78.790741 12.396688
v  -17.874947 78.318596 14.347808
v  -20.757690 78.141823 13.580923
v  -20.269871 77.119164 15.397315
v  -23.331253 76.543732 13.860984
v  -22.945313 75.704361 16.020233
v  -25.153154 74.804840 13.705234
v  -25.040960 73.955383 15.619708
v  -27.187485 73.939354 13.285236
v  -27.348463 73.148438 15.349202
v  -26.920254 71.490532 17.227745
v  -29.403702 72.399353 14.586314
v  -29.329409 70.697655 16.601357
v  -28.674934 68.736298 17.824093
v  -31.194433 69.988190 15.345283
v  -30.740360 67.952415 16.622147
v  -32.968391 69.447983 13.787921
v  -32.757263 67.496552 15.399295
v  -34.195946 68.893127 11.901184
v  -34.776619 67.165359 13.805413
v  -35.545441 68.759933 10.191524
v  -35.556938 66.695786 11.527038
v  -36.337753 68.371590 8.006945
v  -36.541069 66.201675 9.321361
v  -36.559265 67.819275 5.674166
v  -36.944160 65.714943 6.882464
v  -36.403252 67.181831 3.735986
v  -36.930962 65.171844 4.487504
v  -36.763603 63.116920 5.517573
v  -36.577263 64.559921 2.296935
v  -36.431595 62.520889 3.232104
v  -36.263206 63.963142 0.055199
v  -36.310890 61.921562 0.938236
v  -36.217659 63.455383 -2.293507
v  -36.104172 61.377617 -1.449546
v  -35.979111 62.902966 -4.697439
v  -36.056282 60.779408 -3.732262
v  -35.725441 58.933151 -3.029661
v  -36.082626 60.236580 -6.040648
v  -35.928452 58.391590 -5.213203
v  -36.106720 56.782196 -4.687288
v  -36.200462 57.812241 -7.417919
v  -36.898499 56.105236 -6.842932
v  -36.961731 56.915806 -9.565681
v  -36.941422 55.085869 -9.216959
v  -37.166504 53.687340 -8.852385
v  -36.834663 54.086201 -11.338600
v  -36.798752 52.718330 -11.004599
v  -37.886055 51.917385 -10.930428
v  -37.058311 51.824547 -13.181411
v  -37.588181 50.734337 -13.014257
v  -39.245216 50.209923 -12.884479
v  -38.126274 50.352028 -15.213529
v  -39.312546 49.404934 -14.962658
v  -40.938065 48.828461 -14.693168
v  -39.904716 49.080582 -16.950024
v  -38.911377 50.009537 -17.379459
v  -37.384003 51.259514 -15.447709
v  -38.242050 51.096428 -17.640186
v  -37.359161 52.693935 -15.570748
v  -38.210983 52.373482 -17.724716
v  -38.785133 52.503220 -20.354099
v  -38.023041 54.237923 -18.025471
v  -38.440712 54.109779 -20.647907
v  -38.495689 54.488426 -23.371277
v  -38.656876 52.763741 -23.207615
v  -38.314301 55.172371 -26.314026
v  -39.456734 53.634609 -26.241062
v  -40.557426 51.930412 -26.378090
v  -41.860214 49.755207 -26.623798
v  -39.424911 54.354538 -29.470123
v  -40.584053 52.205902 -29.818386
v  -41.745148 50.066475 -30.164745
v  -42.963829 47.590271 -27.287170
v  -42.497765 47.622421 -30.291626
v  -40.114662 52.393879 -32.591476
v  -41.225273 50.110199 -32.912109
v  -42.179840 47.606255 -32.962746
v  -43.256432 45.136692 -30.388542
v  -43.131104 44.846882 -32.781387
v  -40.382858 49.889191 -35.064548
v  -41.846947 47.258419 -35.265011
v  -42.615662 44.361130 -34.791698
v  -43.682762 42.266834 -32.286869
v  -43.165504 41.733864 -34.046890
v  -41.179619 46.807865 -36.841290
v  -42.117439 43.835411 -36.190876
v  -42.449997 41.059010 -35.384678
v  -44.259010 38.951813 -33.551308
v  -43.231018 38.237915 -34.938519
v  -41.058693 43.100090 -37.528316
v  -41.379135 40.306561 -36.570011
v  -41.829216 37.715672 -35.592762
v  -39.823303 39.923935 -37.109921
v  -39.418709 42.500702 -38.303875
v  -37.803596 42.234406 -38.493542
v  -38.769585 45.474697 -39.476490
v  -37.209297 45.104126 -39.209194
v  -35.546677 44.815742 -39.742962
v  -36.061859 47.935013 -39.847149
v  -34.526115 47.527950 -39.784756
v  -32.433350 47.296856 -39.761341
v  -33.076363 49.664772 -39.720547
v  -31.280287 49.377193 -39.763348
v  -28.995945 48.987431 -40.689510
v  -29.814581 51.161015 -40.099751
v  -27.333065 50.906673 -40.727871
v  -24.335836 50.349800 -41.403858
v  -25.714046 52.546463 -41.107922
v  -22.972736 51.864578 -41.460033
v  -20.176413 51.382561 -41.394924
v  -21.444696 49.737514 -41.149952
v  -17.504354 51.081467 -41.574596
v  -18.633490 49.199776 -41.494869
v  -14.720744 50.514206 -41.428234
v  -16.412432 52.767635 -41.117229
v  -13.842496 52.298164 -41.106358
v  -11.361071 51.791672 -40.865406
v  -12.979888 54.009792 -39.938824
v  -10.653380 53.598282 -40.310741
v  -8.389188 52.915279 -40.370922
v  -9.942874 55.154087 -39.829243
v  -7.692051 54.535542 -40.076008
v  -8.850289 56.833065 -39.700390
v  -12.063512 55.445133 -39.263393
v  -10.896427 57.211613 -39.281536
v  -14.184715 55.699715 -39.488537
v  -12.913907 57.409622 -38.927387
v  -16.557884 56.057270 -39.851093
v  -15.186674 57.641136 -39.581791
v  -18.848448 56.606453 -40.555996
v  -17.764288 57.980362 -39.955807
v  -16.567074 59.729469 -39.991657
v  -20.096008 58.632969 -39.845264
v  -18.952925 60.131065 -39.440441
v  -17.881355 61.638138 -38.858555
v  -15.494938 61.650375 -39.577572
v  -17.079861 63.278580 -38.888500
v  -14.752921 63.386787 -38.946033
v  -16.424715 64.837563 -38.496807
v  -14.373717 64.774216 -38.160473
v  -12.055310 65.048111 -38.340702
v  -14.329391 66.213280 -37.479244
v  -12.231835 66.531853 -37.481510
v  -10.094469 66.584290 -37.471279
v  -9.698588 65.140106 -38.141888
v  -7.647285 66.502098 -37.097485
v  -7.051950 65.104523 -37.235676
v  -5.401928 65.709419 -35.780514
v  -5.168940 65.028831 -35.774754
v  -4.398276 66.432671 -34.336155
v  -4.802867 64.664200 -36.016560
v  -3.933763 64.320953 -36.746532
v  -3.901542 67.801117 -33.075508
v  -4.626845 69.939667 -31.910854
v  -3.717465 69.583832 -31.730774
v  -5.430031 71.094345 -30.304371
v  -4.098546 70.713654 -30.140877
v  -2.866921 70.227730 -30.146255
v  -4.543545 71.323990 -28.870808
v  -3.024961 70.920105 -28.926525
v  -1.384981 70.490608 -28.936810
v  -1.602047 69.680450 -29.923992
v  0.267724 69.877289 -28.748669
v  0.075715 69.534531 -29.998905
v  2.227198 69.576096 -28.866756
v  2.006433 69.161324 -29.914364
v  1.780653 68.683022 -30.946938
v  4.063299 68.574417 -29.814953
v  3.887177 68.307396 -31.007885
v  3.804185 67.805237 -32.219212
v  1.758983 68.238388 -32.276104
v  6.072360 67.429108 -31.012981
v  6.299400 67.730347 -29.912117
v  8.496430 66.603165 -29.936623
v  6.489652 67.970665 -28.828903
v  8.653220 66.726288 -28.923931
v  10.792859 65.226189 -29.076115
v  10.551583 64.958878 -30.001720
v  12.710438 63.424885 -29.282272
v  12.507336 63.277096 -30.118431
v  14.489214 61.466888 -29.461048
v  12.899132 63.565540 -28.508415
v  14.699698 61.597137 -28.742676
v  16.398060 59.547810 -28.905563
v  16.199808 59.493774 -29.760780
v  18.003849 57.453518 -29.282219
v  17.736767 57.360466 -30.018536
v  19.140011 55.125549 -29.412510
v  18.723227 54.942070 -30.061615
v  20.496870 52.959663 -29.529488
v  20.345274 52.880196 -30.350945
v  21.732351 50.761955 -29.483337
v  21.658350 50.630936 -30.335930
v  22.805719 48.479065 -29.518623
v  21.700371 50.993103 -28.895557
v  22.796419 48.836258 -28.889717
v  23.876560 46.452049 -28.725197
v  23.931885 46.080673 -29.430748
v  24.936636 43.871002 -28.463089
v  25.129412 43.696442 -29.322086
v  25.895134 41.161850 -28.227432
v  25.886646 40.920643 -29.173847
v  26.859915 38.442646 -28.090855
v  26.938982 38.190796 -29.081303
v  27.710737 35.615921 -27.817471
v  27.877270 35.222446 -28.940666
v  28.322039 32.685417 -27.319096
v  28.317707 31.946280 -28.495773
v  28.602295 29.622772 -26.731045
v  28.420326 28.645428 -27.939758
v  28.634371 26.533154 -26.014385
v  28.211105 25.315708 -27.284477
v  29.291645 23.385166 -25.371151
v  28.556143 22.009398 -26.664951
v  29.614712 20.540071 -24.467968
v  28.739262 18.894323 -25.812447
v  30.397234 17.917292 -23.586422
v  29.574574 16.018841 -25.037273
v  31.558258 15.542631 -22.455349
v  30.666290 13.577408 -23.538921
v  32.760361 13.473978 -20.969501
v  31.949970 11.580442 -21.699718
v  34.592010 11.852211 -19.708355
v  33.835564 9.853420 -20.127434
v  33.388687 8.026308 -20.724689
v  36.180420 8.161734 -18.320927
v  35.653336 6.738258 -18.603771
v  35.392731 5.622150 -18.898129
v  37.848396 5.766779 -16.130917
v  37.480011 4.628792 -16.113846
v  37.535851 3.492405 -16.485622
v  39.478302 3.777336 -13.138535
v  39.100685 2.962906 -13.102151
v  38.863739 1.838638 -13.178379
v  36.810875 2.098160 -16.377117
v  41.253174 2.499935 -10.182374
v  41.117325 1.557896 -10.290106
v  44.064850 2.022758 -7.789047
v  43.894836 0.887012 -7.568089
v  43.305222 0.099106 -6.990657
v  45.887810 0.886356 -3.975334
v  45.029114 0.339874 -3.404588
v  44.304787 0.000000 -3.037755
v  45.783669 0.799305 -0.073527
v  44.949280 0.000000 0.263060
v  44.039459 0.000000 0.364206
v  43.347336 0.000000 -2.846033
v  42.337517 0.000000 0.323847
v  41.995338 0.000000 -2.642860
v  40.761345 0.000000 0.231534
v  40.574570 0.000000 -2.432157
v  39.139244 0.000000 0.085841
v  40.659103 0.000000 3.171297
v  38.876450 0.000000 2.779574
v  36.633591 0.000000 2.311099
v  37.031013 0.000000 -0.142057
v  34.694664 0.000000 -0.513602
v  38.435349 0.000000 5.227344
v  36.188919 0.000000 4.732733
v  37.984482 0.374115 7.470984
v  35.803703 0.389847 6.971478
v  37.378471 1.364582 9.617126
v  40.060989 0.358681 7.956841
v  39.399300 1.177887 10.191298
v  42.042717 0.753494 8.359607
v  41.547188 1.373375 10.564389
v  44.080742 1.337479 8.579573
v  43.823875 1.802277 10.861301
v  44.968826 3.450226 13.393884
v  46.895042 4.681721 13.515112
v  45.249611 5.479818 15.849809
v  48.662033 6.116848 13.841346
v  46.807831 6.856239 15.908614
v  45.595398 6.812840 18.166409
v  44.070396 5.422968 18.216270
v  44.962440 6.348072 20.905373
v  43.221451 4.952965 20.934597
v  44.005928 6.516291 23.762352
v  42.317108 5.065712 23.845299
v  43.143745 6.947264 26.478821
v  41.447945 5.574602 26.585285
v  42.216972 7.767933 29.243984
v  40.464981 6.246220 29.345581
v  38.620522 5.378080 28.977783
v  38.906578 8.214045 31.286194
v  37.122398 6.883478 31.365685
v  35.028915 6.089676 30.562752
v  35.527817 9.308786 32.248890
v  33.619385 8.295273 31.786800
v  31.751036 7.159895 31.301365
v  33.088150 5.361828 29.946873
v  30.364149 6.406944 30.856316
v  31.272387 4.879707 29.648510
v  28.424662 5.369707 30.832527
v  29.278067 3.939461 30.025570
v  26.534361 4.579193 30.997829
v  27.174282 3.269714 30.068211
v  24.964508 3.963333 31.256199
v  25.529263 2.768959 30.291706
v  25.827637 1.836750 28.840420
v  24.221735 2.551510 30.345776
v  24.641005 1.543400 29.337154
v  24.674423 0.502777 28.038223
v  23.562969 1.373077 29.722897
v  23.822807 0.273670 28.618378
v  22.771019 1.026394 30.361359
v  22.875790 0.259563 29.230286
v  22.155115 0.693977 31.021694
v  22.171597 0.000000 29.809380
v  21.415903 0.147236 31.766422
v  21.735226 0.000000 30.494682
v  21.329052 1.517757 31.666744
v  20.584295 1.099319 32.284771
v  19.626406 0.674274 32.033039
v  19.656883 1.818329 32.701954
v  18.831442 1.384766 32.440296
v  18.003521 0.947330 31.927372
v  18.732321 0.182732 31.695080
v  17.968939 2.293282 32.726902
v  17.225611 1.931881 32.151623
v  16.540863 1.587296 31.330566
v  16.441282 3.101246 32.399914
v  15.747969 2.805470 31.755222
v  17.048473 3.382938 33.109150
v  18.752312 2.701771 32.709110
v  17.817949 3.752220 33.409679
v  19.635838 3.041111 33.112461
v  18.558491 4.085308 33.451229
v  17.434898 5.501493 33.624615
v  19.310421 4.451046 33.375126
v  18.154383 6.073885 33.673000
v  16.863882 7.883162 33.768780
v  18.970474 6.797733 33.643085
v  17.643297 8.687460 33.364758
v  16.205116 10.780170 33.933163
v  18.625402 9.697313 33.465801
v  17.247028 11.944965 33.821690
v  15.705970 14.319603 34.136372
v  18.461975 13.354641 33.752102
v  16.950796 15.815901 34.251629
v  15.399226 18.296904 34.497356
v  18.331223 17.434015 34.121738
v  16.831951 19.911213 34.321140
v  15.305196 22.417543 34.347103
v  13.676812 20.637030 34.591015
v  13.860529 24.425446 33.723133
v  12.213579 22.714605 34.387203
v  12.561015 26.234213 34.199856
v  10.707119 24.509504 34.455677
v  15.544235 26.123404 33.825275
v  14.358155 28.060005 33.841511
v  17.416649 27.736229 33.392963
v  16.183924 29.808792 33.762966
v  19.264851 29.313683 33.482929
v  18.081310 31.515127 33.549953
v  21.073776 30.812389 33.516949
v  19.984411 33.051296 33.018162
v  19.003582 35.158768 33.122822
v  21.898413 34.537930 32.982655
v  20.868279 36.647293 32.517750
v  23.856056 35.818409 32.969311
v  22.915531 38.002914 32.275951
v  26.128391 37.024818 33.369144
v  25.198278 39.323505 32.579334
v  28.141537 37.851048 33.919346
v  27.096365 40.160248 33.270275
v  29.540588 38.233253 34.241764
v  28.587116 40.695877 34.011662
v  30.690601 38.574478 34.413418
v  30.034311 41.089943 34.628735
v  31.657444 38.767269 33.352169
v  31.389278 41.345200 34.105145
v  30.590183 43.958328 34.229641
v  32.544121 41.642563 32.768353
v  31.751678 44.205860 33.153866
v  31.067678 46.951744 34.151112
v  32.529770 44.327286 31.569370
v  32.069595 46.933979 32.399044
v  30.670637 49.476807 32.597683
v  33.484154 44.395176 29.615303
v  34.529663 44.331112 27.530674
v  36.290138 44.693516 26.115639
v  37.527214 43.107063 26.463112
v  37.327652 44.654137 24.550728
v  38.594711 43.455910 25.087658
v  38.896545 41.337242 26.755611
v  40.163597 41.916451 25.599983
v  39.992744 44.310806 23.951923
v  41.678352 42.605099 23.985439
v  39.689949 39.614189 25.912285
v  41.088715 40.089607 24.716686
v  42.169052 40.771275 22.960285
v  42.577919 43.201698 22.081722
v  43.114876 41.493114 21.169865
v  41.335205 38.668087 23.391731
v  42.712578 39.410870 22.134621
v  43.763283 40.120464 20.243923
v  44.026749 42.318459 19.081470
v  44.552917 40.795773 18.050755
v  42.900024 37.857967 20.690788
v  44.145752 38.367149 18.911839
v  44.620911 39.035576 16.768158
v  45.225510 41.627571 16.036991
v  45.778374 39.737034 14.872705
v  44.457794 36.854668 17.760555
v  45.362877 37.190525 15.807372
v  46.056610 37.789116 13.894586
v  46.647423 40.433926 13.183641
v  46.978691 38.554810 12.180155
v  45.326393 35.514587 15.004706
v  46.108040 36.132511 13.328649
v  47.366119 36.670071 11.752898
v  48.143814 39.241310 10.719433
v  48.493607 37.049706 10.304129
v  46.261917 34.500320 13.110886
v  47.663666 34.851612 11.639313
v  48.536812 35.110863 9.989127
v  49.596428 37.378521 9.051316
v  49.496040 35.143871 8.674527
v  47.803612 33.147751 11.749863
v  48.960274 33.113190 10.219715
v  49.769371 32.958618 8.939659
v  50.219566 35.064915 7.425982
v  50.652214 32.736404 7.614102
v  49.396873 31.062702 10.670451
v  49.937653 30.863056 9.195726
v  50.279839 30.528572 7.670089
v  50.895508 32.416138 5.968887
v  50.529907 30.246916 6.164844
v  50.125793 28.822102 9.790268
v  50.413551 28.433926 7.973192
v  50.463394 28.164789 6.430406
v  50.219536 30.135780 4.624273
v  50.230713 27.991283 4.828087
v  50.818474 26.493317 8.459021
v  50.403389 26.157433 6.779246
v  50.539810 25.978657 5.027408
v  49.977066 27.915676 3.150763
v  50.352310 25.804993 3.088284
v  51.428955 24.299248 7.011834
v  51.272438 24.015089 5.079933
v  50.826729 23.804564 2.981302
v  49.582130 25.654671 1.277349
v  49.730965 23.650078 1.035659
v  51.753876 21.981688 5.208129
v  51.307762 21.696175 2.992145
v  49.795570 21.389187 0.976866
v  48.294678 23.470739 -0.616629
v  48.448883 21.235456 -0.962487
v  51.483444 19.542261 2.977398
v  50.058449 19.163687 0.761149
v  48.522270 18.889139 -1.262406
v  46.846687 21.122908 -2.470517
v  47.124321 18.707939 -2.962694
v  50.076118 16.999928 0.648489
v  48.626022 16.628159 -1.502318
v  46.888885 16.357119 -3.113074
v  45.765610 18.746229 -4.755203
v  45.440079 16.253498 -4.889122
v  48.408463 14.520485 -1.426227
v  46.202759 14.026188 -2.872934
v  45.425034 13.860224 -5.046545
v  44.444443 16.415720 -7.024857
v  44.234512 13.983618 -7.290741
v  45.792191 11.939779 -2.822660
v  44.935799 11.477831 -4.884751
v  44.163940 11.513945 -7.431768
v  42.939957 14.340469 -9.688617
v  42.656105 12.049192 -9.919024
v  44.729843 9.508137 -5.053728
v  43.793404 9.301409 -7.317924
v  42.714706 9.727184 -10.116054
v  41.103416 12.762199 -12.084286
v  40.859604 10.505568 -12.570485
v  43.506516 7.452044 -7.350672
v  42.401695 7.692017 -10.058626
v  40.779137 8.417727 -13.065071
v  39.323799 11.393461 -14.951678
v  38.857681 9.233458 -15.579805
v  42.221352 5.901968 -10.228309
v  40.399849 6.407305 -13.274381
v  38.274773 7.194294 -15.955993
v  37.060501 10.272198 -18.036030
v  40.175117 4.814171 -13.498031
v  41.798706 4.392113 -10.201644
v  41.633415 3.307922 -10.297647
v  44.035248 4.257450 -7.764355
v  43.905533 3.106075 -7.622895
v  46.592018 4.382042 -5.558432
v  46.571983 3.060642 -5.135270
v  46.218201 1.958149 -4.510308
v  48.148361 3.547825 -2.139349
v  47.376846 2.476284 -1.246826
v  46.576050 1.603500 -0.591162
v  48.380135 3.381634 1.404432
v  47.155632 2.660431 2.160230
v  46.189331 1.461933 2.886404
v  45.308838 0.214748 3.337599
v  44.369720 0.000000 6.516812
v  44.061623 0.000000 3.556643
v  42.288307 0.000000 6.272102
v  42.301826 0.000000 3.484568
v  40.450752 0.000000 5.707761
v  49.427650 4.274586 0.484945
v  48.232681 5.111073 -3.017617
v  49.884705 5.872644 -0.671895
v  51.112724 7.081465 1.903851
v  49.648315 7.481033 -1.291613
v  51.485703 8.569944 0.961528
v  52.646561 9.426218 3.833534
v  52.364876 7.753555 4.512067
v  53.209015 9.757710 6.832091
v  52.335037 8.214401 7.150928
v  53.241272 9.590330 9.459602
v  52.230507 7.958736 9.483716
v  52.487930 9.574198 12.042027
v  51.506981 7.777914 11.851068
v  51.166794 9.581785 14.517289
v  50.283554 7.705877 14.494277
v  49.277969 9.593063 16.603489
v  48.277939 8.064632 16.403126
v  47.898079 9.821335 18.328789
v  46.883354 8.202679 18.195278
v  46.846512 9.787283 20.810410
v  46.307907 7.907946 20.943481
v  46.122299 9.892300 23.321831
v  45.301704 8.107010 23.616383
v  45.733253 10.285185 25.845222
v  44.371208 8.641624 26.135010
v  45.366966 11.200054 28.591499
v  43.734467 9.325424 28.983582
v  43.599663 12.626575 30.890144
v  42.180084 10.852598 31.406311
v  40.683556 9.407608 31.584217
v  40.280815 12.862312 33.354847
v  38.692642 11.548317 33.204189
v  37.099289 10.372377 32.871082
v  36.831421 13.810675 33.696712
v  35.524391 12.621904 33.765377
v  34.001526 11.308275 33.863567
v  33.809158 14.734983 35.233341
v  31.992033 13.784481 34.807796
v  30.208435 12.618231 34.700497
v  32.055527 10.136663 33.240604
v  28.597073 11.473261 34.183201
v  30.579023 9.216486 32.982212
v  26.797596 10.141560 34.067440
v  28.900585 7.682377 33.057072
v  25.286329 8.995735 33.319233
v  26.963451 6.712656 32.525478
v  23.830292 7.860096 33.030598
v  25.353157 5.883335 32.343510
v  22.594624 6.894863 32.841068
v  23.854465 5.251551 32.114651
v  21.339403 6.000557 33.007969
v  22.537207 4.565102 32.421902
v  23.601252 3.489395 31.505344
v  21.390173 3.941299 32.619274
v  22.358095 3.059307 31.636864
v  23.077036 2.262253 30.682766
v  21.387720 2.611961 32.104374
v  22.292618 1.833862 31.433605
v  20.505325 2.233227 32.410999
v  20.373741 3.380489 32.903652
v  20.182339 5.203516 33.212765
v  20.014997 7.709236 33.037449
v  21.239574 8.858896 32.953594
v  19.879503 11.059221 33.066784
v  22.509012 10.044535 33.109478
v  21.210581 12.413795 33.469418
v  19.820539 14.852522 33.692623
v  22.529818 13.895243 33.440434
v  21.186380 16.357258 33.916882
v  19.811836 18.952848 34.305653
v  22.629725 17.934174 34.297649
v  21.324026 20.489784 34.051662
v  19.953697 23.130234 34.385792
v  18.340658 21.559277 34.267200
v  18.633135 25.587292 33.846416
v  16.948975 24.036427 34.122471
v  21.486300 24.551735 34.235294
v  20.329365 27.031923 33.644329
v  23.089787 25.895927 34.567471
v  22.101706 28.405823 33.634182
v  24.913977 27.211245 34.840885
v  23.917336 29.839199 34.104420
v  22.958132 32.202759 33.511425
v  25.893661 30.928486 33.928303
v  24.894001 33.469418 33.882923
v  27.880838 32.121391 34.748341
v  27.094717 34.543159 34.021946
v  29.756174 32.846882 34.908382
v  28.962233 35.362137 34.583340
v  31.099667 33.360535 35.031300
v  30.232744 35.887196 35.010860
v  32.124733 33.762608 34.913967
v  31.340784 36.196121 34.696980
v  33.149612 34.070335 33.976727
v  32.281502 36.419609 33.500500
v  33.785103 34.317333 32.995525
v  33.077225 36.677589 32.430408
v  32.711716 38.979027 32.268368
v  34.654861 34.520298 31.527889
v  36.119171 32.479454 30.077648
v  35.416138 34.501297 29.902981
v  35.404900 32.179104 31.611568
v  34.541534 31.847717 32.880001
v  35.952881 29.950855 31.119953
v  35.306297 29.549129 32.275936
v  33.856163 31.576584 33.695744
v  34.781693 29.274342 33.352009
v  36.708786 27.646439 32.075390
v  36.073608 27.146309 33.254498
v  32.897133 31.210348 34.570980
v  33.711815 28.727875 34.072071
v  34.754898 26.449844 34.027325
v  37.414047 24.868752 33.006733
v  35.985748 23.894943 33.729473
v  32.659286 28.276459 34.639835
v  33.492050 25.715170 34.284985
v  34.718742 23.118954 34.218426
v  37.218605 21.680683 33.516834
v  35.911591 20.638687 33.921749
v  32.204208 24.926487 34.517262
v  33.377068 22.276094 34.537579
v  34.800797 19.677814 34.673962
v  37.775528 18.540539 34.165371
v  36.495911 17.178984 34.662304
v  31.916271 21.357065 35.060658
v  33.381615 18.583447 35.259640
v  35.090218 15.818293 34.896038
v  38.095665 15.011894 33.760731
v  31.727808 17.526434 35.395771
v  30.249332 20.292681 34.991337
v  28.584303 19.225311 34.729839
v  30.111856 16.479826 34.789631
v  27.151148 18.059225 34.014233
v  28.503262 15.366491 34.825245
v  25.453716 16.806091 34.174007
v  26.899134 14.088673 34.375820
v  23.853062 15.288961 33.895519
v  25.247169 12.719124 33.896259
v  23.850615 11.417208 33.213451
v  24.202589 19.358229 34.090977
v  25.796711 20.616650 34.148022
v  24.482531 23.106998 34.707661
v  22.930288 21.822578 34.403904
v  27.438377 21.825336 34.378742
v  26.082546 24.307493 35.212681
v  29.085775 22.952066 34.612278
v  27.976480 25.625702 35.379620
v  26.881807 28.400028 34.784069
v  29.726183 26.755144 35.009869
v  28.724295 29.370518 34.643269
v  31.290089 27.616840 34.918903
v  30.434605 30.266754 34.877323
v  31.799868 30.813412 34.798992
v  30.709154 23.998367 34.751774
v  41.573128 14.436836 32.418583
v  39.446815 16.426258 33.292530
v  42.751801 16.099182 31.601269
v  40.496567 17.764645 32.371235
v  38.886650 19.657991 33.054066
v  41.033272 19.001856 30.972260
v  39.419441 20.662722 31.683376
v  38.481628 22.715084 32.429127
v  39.520821 21.605051 30.184376
v  38.527122 23.332033 30.993370
v  37.546295 25.411011 31.592930
v  39.155014 24.640068 29.963100
v  37.869942 26.287848 30.312527
v  36.769821 28.022011 30.646839
v  38.502518 27.522942 29.116409
v  37.446686 28.837856 29.506016
v  36.604454 30.444019 29.828777
v  37.774971 29.478743 28.172752
v  36.875694 30.905134 28.392292
v  36.271988 32.583038 28.459229
v  37.047203 31.382767 26.780849
v  36.455200 32.663525 26.858749
v  36.323761 33.962749 26.755489
v  35.964462 34.278473 28.356522
v  36.745605 35.384991 26.353355
v  36.813118 33.558533 25.142124
v  37.101273 34.695679 24.732262
v  37.912651 35.396988 24.377918
v  37.744232 36.532013 25.947243
v  38.820572 37.278469 25.320496
v  38.919144 36.272331 23.804707
v  40.022636 38.067757 24.394115
v  40.244736 36.741272 23.162899
v  37.742035 34.745739 22.679367
v  39.077080 34.893253 22.603622
v  40.630188 35.330669 22.026756
v  41.834351 37.156265 22.370739
v  42.320717 35.758385 21.237843
v  39.301903 33.524178 21.472328
v  40.766068 33.900078 20.888336
v  42.358742 34.399220 20.318779
v  43.515465 36.267639 19.785702
v  43.966606 34.864761 18.978146
v  40.824272 33.016792 20.426411
v  42.708817 33.318558 19.845306
v  44.207047 33.316040 18.243153
v  44.566147 35.204082 16.800331
v  44.771301 33.681641 16.391388
v  43.017006 32.161839 19.451920
v  43.940384 32.079910 17.736172
v  44.993683 32.343063 16.553619
v  45.605652 34.323864 14.765944
v  45.833313 32.491241 14.721288
v  44.421822 30.744324 18.204086
v  45.387611 30.707676 16.755260
v  46.239571 30.758097 15.050328
v  46.748894 32.818634 13.224695
v  47.083992 31.126228 13.787799
v  45.305824 28.787634 16.963093
v  46.303711 28.871935 15.706965
v  47.581017 29.143887 14.466573
v  48.370049 31.241814 12.228572
v  48.431641 28.974241 12.620671
v  46.731041 27.161846 16.514683
v  47.750847 26.976830 15.104545
v  48.810783 26.928146 13.502397
v  49.420593 28.928640 11.223197
v  49.731903 26.946596 12.058041
v  48.029846 24.770210 15.952764
v  49.352539 24.782349 14.491933
v  50.240448 24.691828 12.855638
v  50.480179 26.796846 10.364637
v  51.238869 24.684322 11.140903
v  49.274147 22.571915 15.077847
v  50.454468 22.540583 13.396759
v  51.366486 22.639078 11.676528
v  51.446198 24.507532 9.021058
v  52.171547 22.499231 9.461992
v  50.664314 20.512604 14.077453
v  51.642006 20.583698 12.100711
v  52.309196 20.437698 9.754270
v  52.077637 22.202427 7.283191
v  52.212883 20.202019 7.572826
v  51.965302 18.723255 12.738197
v  52.484726 18.476042 10.128671
v  52.299988 18.170361 7.900609
v  51.969460 19.870993 5.388229
v  52.202995 17.882446 5.528463
v  52.889587 16.653027 10.503501
v  52.728600 16.362316 8.160489
v  52.446304 16.082865 5.681890
v  51.509590 17.452454 3.035508
v  51.471207 15.680332 3.100915
v  52.954865 14.664398 8.425625
v  52.749168 14.383686 5.851205
v  51.799805 13.959538 3.058462
v  50.004150 15.063681 0.664310
v  50.363029 13.276432 0.478456
v  53.107704 12.839365 6.081889
v  52.343346 12.382927 3.020751
v  51.068069 11.584654 0.200924
v  48.224022 12.570618 -1.433239
v  48.687408 10.611370 -1.619461
v  52.628342 10.849747 3.309517
v  51.376404 10.068367 0.389441
v  49.471931 9.029240 -1.831374
v  46.385536 10.048454 -3.245975
v  47.346504 8.109562 -3.488701
v  48.243324 6.496162 -3.592732
v  45.204132 7.628374 -5.390244
v  46.046158 5.927490 -5.603105
v  43.865852 5.738020 -7.601234
v  53.603531 11.355900 6.342376
v  53.411530 13.094549 8.748279
v  53.756630 11.384775 9.173461
v  53.527992 13.171434 11.497831
v  53.440445 11.354500 11.946720
v  51.942543 13.305981 14.121200
v  51.785568 11.413923 14.437045
v  50.053436 13.322227 15.874541
v  50.202812 11.512827 16.786552
v  48.637360 13.228775 17.948227
v  48.431488 11.578800 18.370937
v  47.204041 13.367401 19.919666
v  47.029160 11.766537 20.459625
v  46.155968 13.601471 22.146744
v  46.313301 11.980505 22.765392
v  45.494293 14.256647 24.388931
v  45.616142 12.322695 25.147202
v  44.936234 15.018578 26.428082
v  45.540550 13.252363 27.704517
v  44.473732 16.144089 28.615150
v  44.589912 14.493824 29.926380
v  43.017456 17.480812 30.160069
v  44.161507 17.896055 27.326107
v  42.997757 19.050924 28.848804
v  40.946938 20.152567 29.409756
v  42.747223 20.805365 27.314606
v  41.247765 21.791067 28.147144
v  40.159561 23.120346 29.109673
v  41.955986 23.653105 27.137302
v  41.075775 24.913837 28.074413
v  39.892159 26.257444 28.754208
v  40.632729 26.212093 26.432102
v  39.534500 27.399330 27.161980
v  38.397881 28.229982 27.644348
v  39.253639 28.324200 25.648479
v  38.280022 29.099506 26.163754
v  37.420013 30.088436 26.510281
v  38.837990 29.208153 24.057213
v  39.233788 29.379274 22.275280
v  38.497101 29.938450 22.909122
v  39.838593 28.647469 23.570709
v  40.291870 27.493446 25.011173
v  41.169533 27.950489 23.066486
v  41.527985 26.617582 24.250385
v  41.699333 25.121216 25.541393
v  42.645752 25.682503 23.349804
v  42.559410 24.182259 24.515526
v  42.775772 22.609045 26.002644
v  43.601273 23.216658 23.372650
v  43.927628 21.544216 24.646732
v  44.002258 19.777443 26.014156
v  44.570244 20.527887 23.026543
v  44.818008 18.784781 24.189472
v  44.734810 16.829727 25.286381
v  45.599777 18.052885 22.528019
v  45.507492 16.119226 23.617218
v  46.318253 19.156303 19.570366
v  45.353981 19.712265 21.314285
v  46.588310 17.586685 20.509159
v  46.600670 15.455000 21.538273
v  47.658012 17.126657 18.435432
v  48.025024 15.092180 19.465290
v  48.919868 18.509726 16.209698
v  47.348534 18.669601 17.619606
v  48.739243 16.837881 16.680988
v  48.882996 14.993752 17.392078
v  50.322212 16.646988 14.843310
v  50.281570 14.842726 15.429946
v  50.606972 18.444435 14.576072
v  51.913750 16.755470 13.188260
v  52.010544 14.984842 13.739690
v  53.110069 14.909170 10.942292
v  49.290359 20.396559 15.744468
v  48.287796 22.771736 16.758270
v  47.880295 20.578140 17.301319
v  46.781647 22.963678 18.119465
v  46.618195 20.945107 18.888737
v  45.778030 23.432011 19.679745
v  45.564468 21.581852 20.438137
v  44.765709 24.083393 21.065502
v  44.485352 22.261765 21.899158
v  43.459892 24.837473 22.252457
v  44.606392 25.914524 20.070526
v  43.343346 26.359943 21.084801
v  42.222153 27.042957 22.118515
v  43.096054 27.792791 20.121708
v  41.942047 28.354137 21.092266
v  40.665588 29.132660 21.831913
v  41.673874 29.751768 20.490482
v  40.204712 29.993967 20.919067
v  38.951530 30.107906 21.333183
v  40.026192 31.167263 20.619308
v  38.700928 31.283237 20.932003
v  37.449036 31.432446 21.383980
v  38.059654 30.735922 21.994942
v  36.703728 31.794893 22.321331
v  36.767578 33.074001 23.420364
v  36.612595 32.090160 23.669548
v  36.403519 32.402023 25.217972
v  37.471764 33.886139 23.218651
v  39.814751 32.042431 20.213509
v  39.613991 32.932762 20.716080
v  40.838379 31.989235 20.153946
v  41.267967 30.981171 20.548576
v  43.345963 30.846947 19.668468
v  43.223915 29.383894 19.661884
v  44.358116 28.983746 18.408489
v  44.437721 27.557579 19.099884
v  45.468994 27.219204 17.716640
v  45.775551 25.330978 18.695660
v  46.899979 25.023008 17.390175
v  35.377266 13.981951 -18.819050
v  37.403160 12.612812 -17.013020
v  36.133240 16.028814 -17.638653
v  37.740456 14.907063 -16.044456
v  39.321007 13.684090 -13.969995
v  37.868126 16.922823 -14.916846
v  39.533714 15.822212 -13.148350
v  41.113991 15.027567 -11.480994
v  40.014130 17.666836 -12.706432
v  41.740837 17.114471 -11.175297
v  43.311897 16.704285 -9.278150
v  42.449409 19.533697 -10.515680
v  43.720627 19.190117 -8.656151
v  44.821678 18.917919 -6.740732
v  43.885574 21.772148 -7.888929
v  44.709572 21.410986 -6.134979
v  45.538765 21.177650 -4.155776
v  44.846352 23.884600 -5.456176
v  45.853539 23.641489 -3.824187
v  46.912056 23.478001 -2.171129
v  45.867325 25.976593 -3.201919
v  46.963417 25.782751 -1.844944
v  48.441399 25.662159 -0.510607
v  46.937592 27.875708 -1.368321
v  48.267296 27.782038 -0.047660
v  49.511932 27.821377 1.397527
v  48.693329 29.921709 0.079097
v  49.776855 29.977442 1.512468
v  49.986870 30.043259 3.119861
v  49.515007 32.300602 1.838074
v  50.303299 32.245541 3.013361
v  50.460808 32.337349 4.519767
v  50.535767 34.680000 3.200913
v  51.116547 34.747631 4.574709
v  51.106163 34.918316 6.070931
v  51.127937 37.588413 4.915805
v  50.702950 37.639786 6.172500
v  50.521271 37.567509 7.711514
v  50.386894 40.566219 6.417382
v  49.847374 40.377720 7.897239
v  49.059692 39.894413 9.365928
v  47.849274 41.294655 11.709930
v  46.997429 43.519180 12.829259
v  46.161179 42.375320 14.515061
v  45.903061 45.413277 14.000636
v  45.029610 44.143612 15.444482
v  44.448051 43.237419 16.967968
v  44.064011 45.838703 16.381199
v  43.819450 44.957218 17.911167
v  43.364090 43.998589 19.977043
v  42.781670 46.423264 18.597054
v  42.262978 45.621105 20.456024
v  41.247719 44.850262 22.328888
v  40.752190 46.588501 20.300755
v  39.913589 46.094421 22.005890
v  38.664787 45.241825 23.422363
v  38.959320 46.883698 21.734463
v  37.982246 46.345047 23.459625
v  36.270287 45.755844 24.231094
v  37.502296 46.804665 23.547398
v  35.887787 46.803017 24.435165
v  38.488510 48.223118 23.076126
v  38.553429 47.467655 22.049347
v  39.008568 50.181595 23.619675
v  38.146713 49.198517 24.328674
v  39.508644 49.294312 22.137905
v  39.423599 48.527809 20.956764
v  40.125145 50.507267 21.452831
v  40.451920 49.715786 20.381153
v  39.751289 47.504272 20.335823
v  41.147934 48.662640 19.941616
v  41.304787 50.819309 19.582798
v  41.898003 50.232086 18.757156
v  41.694885 47.462166 19.095455
v  42.643097 48.831921 17.957977
v  42.291054 51.269104 17.977623
v  43.064926 50.105141 16.948845
v  43.263779 47.377251 17.244419
v  43.808189 48.736626 16.080811
v  43.407669 51.314751 16.102531
v  44.286530 50.074593 14.973481
v  44.784866 47.207024 15.182376
v  45.483337 48.864872 13.843192
v  44.390739 51.180355 13.700248
v  45.636856 50.033142 12.218573
v  42.859482 53.245419 13.951413
v  43.291931 52.324226 15.174926
v  43.507790 51.824043 12.330594
v  44.851967 50.903263 10.708199
v  42.739708 52.793945 11.077346
v  43.703308 51.771542 9.268723
v  44.655457 51.025681 7.485169
v  42.571175 52.778316 7.872212
v  43.247704 52.048351 6.112140
v  45.469757 50.216431 5.752445
v  44.154907 51.523468 4.367604
v  42.285721 53.457329 4.810373
v  43.038712 52.809868 3.082631
v  46.143471 49.539997 4.023240
v  44.582863 50.790039 2.691635
v  43.710052 52.268566 1.306279
v  41.952782 54.368774 1.794982
v  42.538239 53.655479 -0.176851
v  45.179764 50.293373 1.007377
v  43.988327 51.548401 -0.568194
v  42.542030 52.773010 -2.039990
v  41.642395 55.498566 -1.646736
v  41.682022 54.292923 -3.702565
v  43.717766 50.457222 -2.192369
v  42.179504 51.613453 -3.460099
v  41.146431 52.996490 -5.143976
v  40.167061 55.788563 -4.991429
v  39.884789 54.507656 -6.698658
v  41.740799 50.432278 -4.651314
v  40.576698 51.782688 -6.361087
v  39.168297 53.124699 -7.914267
v  38.484665 55.973888 -8.019674
v  37.769379 54.469231 -9.547228
v  40.377220 50.514175 -7.667281
v  38.618019 51.710922 -9.236489
v  36.935616 52.883125 -10.811346
v  36.188042 55.870270 -11.052121
v  35.378281 54.342690 -12.601950
v  38.608391 50.311657 -10.836197
v  36.628334 51.366886 -12.325069
v  34.760254 52.787666 -14.059111
v  33.275124 55.915604 -13.946395
v  32.404724 54.485962 -15.425483
v  36.219124 49.555664 -13.333933
v  34.361305 51.063274 -15.183206
v  35.886131 47.715607 -13.883544
v  34.353836 49.209530 -15.910066
v  36.124664 45.892746 -14.538982
v  34.380783 47.122673 -16.067097
v  32.728394 48.330315 -17.972649
v  30.816481 48.802074 -19.376266
v  34.872070 45.055206 -16.478626
v  33.371483 46.098907 -17.986115
v  31.797371 46.714428 -19.446815
v  29.642471 48.985271 -20.737583
v  30.303883 46.952831 -20.577534
v  34.040466 43.924114 -18.305676
v  32.510612 44.598770 -19.397869
v  30.957201 44.877331 -20.339298
v  32.826477 42.259613 -19.295750
v  29.824198 44.829742 -21.556782
v  28.962454 46.739273 -21.439655
v  28.590849 48.803383 -21.730000
v  28.697336 44.330708 -22.704048
v  28.044176 46.382652 -22.593014
v  27.801523 48.424545 -22.639656
v  27.902578 50.666512 -21.598328
v  27.266233 50.368248 -22.446541
v  27.233889 45.914398 -23.577869
v  27.071575 48.000797 -23.503727
v  26.596506 50.043156 -23.231728
v  26.702078 52.157928 -22.331192
v  26.049730 51.874813 -23.050858
v  26.215183 47.670036 -24.339127
v  25.932734 49.812187 -24.194744
v  25.336542 51.659637 -23.849434
v  25.187624 53.429771 -22.917419
v  25.035885 49.632683 -24.948364
v  24.609091 51.661781 -24.633064
v  24.376829 49.708130 -25.701416
v  23.783430 51.815151 -25.374550
v  23.117887 53.712311 -24.913876
v  22.834362 55.202660 -24.509197
v  22.880350 52.300549 -26.041706
v  23.644955 49.899872 -26.293510
v  22.051678 52.807152 -26.662792
v  21.425333 53.181244 -27.066723
v  20.513037 55.699371 -26.726650
v  19.025663 58.155876 -26.310699
v  21.087715 53.546047 -27.397182
v  20.127874 55.745132 -27.166073
v  18.785563 58.053131 -26.814503
v  17.268091 60.247375 -26.089470
v  17.095852 60.100052 -26.477737
v  19.823553 55.756599 -27.621078
v  18.599424 57.974777 -27.258221
v  16.956392 59.989578 -26.869530
v  15.303612 62.068939 -26.190926
v  15.199841 61.968468 -26.556274
v  18.430229 57.862656 -27.649109
v  16.847120 59.893974 -27.290649
v  15.111556 61.887383 -26.986752
v  13.357916 63.890396 -26.247929
v  13.279592 63.825615 -26.674332
v  16.735502 59.786949 -27.771950
v  15.007453 61.802910 -27.498260
v  13.179922 63.750900 -27.198692
v  11.261166 65.558258 -26.404316
v  11.162930 65.485336 -26.916374
v  14.866746 61.702957 -28.087349
v  13.055126 63.664314 -27.813290
v  11.052824 65.423225 -27.514420
v  9.026426 66.942520 -26.739120
v  8.917234 66.864365 -27.361752
v  10.939768 65.380585 -28.172638
v  8.796946 66.793190 -28.083855
v  6.750648 68.129395 -27.228371
v  6.621480 68.021629 -27.962719
v  4.675224 69.299881 -26.433491
v  6.858264 68.218597 -26.594810
v  4.582866 69.215225 -27.108925
v  4.451102 68.971947 -27.898880
v  2.510184 70.040710 -27.026371
v  2.443547 69.884430 -27.954094
v  4.272195 68.753586 -28.770126
v  0.553073 70.570137 -26.184093
v  2.582859 70.079773 -26.343136
v  0.499876 70.544571 -26.960442
v  0.363973 70.162926 -27.759319
v  -1.410268 70.918381 -26.863152
v  -1.378519 70.795944 -27.698792
v  -3.092992 71.498398 -25.849083
v  -1.290129 71.230896 -26.091255
v  -3.085052 71.564209 -26.668335
v  -3.111338 71.406517 -27.635757
v  -4.733555 71.798615 -26.570183
v  -4.736091 71.659149 -27.607281
v  -6.430024 72.286682 -25.373852
v  -4.700206 71.982880 -25.738945
v  -6.418352 72.054459 -26.498367
v  -6.297340 71.885254 -27.633297
v  -8.054961 72.498627 -26.414497
v  -7.936082 72.126015 -27.651619
v  -6.013037 71.797943 -28.923527
v  -7.510900 72.052353 -29.058929
v  -9.669976 72.071419 -27.679226
v  -9.254855 71.972168 -29.261261
v  -6.853229 71.348618 -30.683781
v  -8.511081 71.645668 -31.092281
v  -10.863742 72.060043 -29.568119
v  -10.374172 71.597610 -31.553822
v  -5.829534 70.641144 -32.394688
v  -7.676464 70.912224 -33.001854
v  -9.782636 70.962204 -33.454086
v  -12.478284 71.319885 -31.918785
v  -11.911953 70.322502 -33.455959
v  -9.045469 69.845016 -35.226734
v  -11.295170 69.497726 -35.171864
v  -13.692225 69.785606 -33.238274
v  -13.152013 69.158051 -34.915882
v  -8.296391 68.318474 -36.677113
v  -10.635091 68.089462 -36.502132
v  -12.580574 68.015030 -36.650532
v  -14.962816 68.975769 -34.916340
v  -14.582863 67.597458 -36.281132
v  -17.410690 69.535599 -33.159920
v  -15.525856 69.642326 -33.105663
v  -16.843231 68.632576 -34.853001
v  -16.476089 67.654205 -36.586216
v  -18.764229 68.402832 -35.064762
v  -16.209248 66.143036 -37.536350
v  -21.318977 68.609985 -33.558807
v  -19.404629 69.225975 -33.385963
v  -20.439999 68.008301 -35.254864
v  -22.258976 69.442001 -31.999134
v  -20.107126 70.011093 -31.582325
v  -18.025793 70.203598 -31.454857
v  -20.789433 70.887794 -29.793587
v  -18.728947 70.810745 -29.665131
v  -17.026701 71.381424 -29.925697
v  -16.208939 70.293076 -31.598850
v  -15.059420 71.829597 -29.978340
v  -14.476369 70.837189 -31.895153
v  -12.818988 72.138100 -29.804440
v  -15.480040 72.362068 -27.855522
v  -13.319797 72.480286 -27.840927
v  -11.294764 72.407761 -27.729183
v  -13.655524 72.759964 -25.828960
v  -11.655868 72.510498 -25.999496
v  -9.887927 72.500557 -26.193985
v  -11.856406 72.909103 -24.500408
v  -9.908479 72.778946 -24.961433
v  -8.068972 72.533340 -25.101612
v  -9.683198 73.065201 -23.665482
v  -8.118594 72.640015 -24.275505
v  -6.407773 72.388702 -24.875130
v  -8.044881 72.819740 -23.625511
v  -6.257720 72.652206 -24.051083
v  -4.514209 72.308090 -24.466331
v  -4.660086 72.229828 -25.063591
v  -2.843692 71.906136 -24.670349
v  -3.008016 71.654099 -25.269398
v  -1.094386 71.358109 -24.951519
v  -1.182170 71.405289 -25.479671
v  0.746638 70.819656 -25.247116
v  0.641829 70.656265 -25.723423
v  2.748444 70.208176 -25.394531
v  2.672375 70.186119 -25.818287
v  4.858248 69.455750 -25.581623
v  4.767697 69.396927 -25.898182
v  7.042032 68.372627 -25.692871
v  6.952888 68.301971 -26.081722
v  9.215884 67.105820 -25.823742
v  9.125789 67.028214 -26.230625
v  11.342520 65.621201 -25.991116
v  9.299195 67.177368 -25.496357
v  11.408997 65.677513 -25.663479
v  13.428628 63.958565 -25.907627
v  11.489472 65.765564 -25.402573
v  13.515142 64.059174 -25.623650
v  15.433365 62.206093 -25.861343
v  13.642617 64.221466 -25.367329
v  15.581151 62.392273 -25.547333
v  17.420841 60.450851 -25.711319
v  15.755713 62.628445 -25.236248
v  17.578371 60.726692 -25.323463
v  15.974412 62.897301 -24.923077
v  17.800680 61.004730 -24.941940
v  16.232786 63.210316 -24.583187
v  18.014393 61.298412 -24.545223
v  19.541872 59.256916 -24.286804
v  18.334492 61.679100 -24.211231
v  19.904068 59.694641 -24.076630
v  21.522087 58.006870 -23.836792
v  21.355833 57.589279 -24.313507
v  23.082817 56.432644 -23.512772
v  22.829758 55.961220 -24.003735
v  24.130924 54.837570 -23.069157
v  23.331856 56.786751 -22.896847
v  24.556034 55.160664 -22.460274
v  25.704393 53.677776 -22.299278
v  24.963558 55.561218 -21.782711
v  26.125687 54.040340 -21.598545
v  27.153137 52.476604 -21.617504
v  26.610285 54.390076 -20.794216
v  27.775974 52.842461 -20.888466
v  28.688549 50.905392 -20.829426
v  26.088764 56.572487 -20.109486
v  25.398136 55.993900 -21.036556
v  25.393845 58.914055 -19.308044
v  26.897020 57.145882 -18.796741
v  24.719620 58.317211 -20.534817
v  24.157396 57.671585 -21.478645
v  23.192551 60.002949 -20.944206
v  22.650126 59.414852 -21.873608
v  23.753117 57.242241 -22.270893
v  22.232367 58.923859 -22.659943
v  21.265207 61.281685 -22.320000
v  20.742811 60.671764 -23.059040
v  21.869148 58.455559 -23.335251
v  20.229940 60.194286 -23.562565
v  19.062101 62.531067 -23.192516
v  18.731253 62.104233 -23.853958
v  17.969635 64.918495 -22.820908
v  19.616556 63.027042 -22.638435
v  17.334536 64.347092 -23.397953
v  16.845274 63.889961 -23.690697
v  15.591645 66.380226 -23.450924
v  15.075173 65.854195 -23.838676
v  16.540361 63.564503 -24.202087
v  14.669388 65.431328 -24.206402
v  13.061185 67.575378 -23.585854
v  12.696266 67.214943 -24.086296
v  14.324128 65.047897 -24.555927
v  12.325148 66.803261 -24.450409
v  10.722921 68.907509 -23.895973
v  10.321514 68.428116 -24.269958
v  14.043351 64.718079 -24.859001
v  12.032581 66.440765 -24.736153
v  9.994393 68.015648 -24.563965
v  8.288841 69.937439 -24.069866
v  7.939677 69.465492 -24.382328
v  11.801454 66.151459 -24.970909
v  9.738791 67.693130 -24.808014
v  7.655056 69.082634 -24.658550
v  5.887337 70.802765 -24.189434
v  5.563338 70.330063 -24.513847
v  9.541395 67.447853 -25.015095
v  7.435707 68.795288 -24.888554
v  5.336175 70.003922 -24.774231
v  3.590723 71.359528 -24.157631
v  3.305673 71.004692 -24.592194
v  7.263261 68.582878 -25.115681
v  5.122263 69.713303 -25.024979
v  3.053320 70.619370 -24.961178
v  1.402407 71.779099 -24.179558
v  1.085196 71.329727 -24.639008
v  4.948294 69.484451 -25.252930
v  2.863565 70.308411 -25.134399
v  0.892217 71.045944 -24.935787
v  -0.729005 72.007774 -24.254112
v  -0.999975 71.650139 -24.704407
v  -2.116197 73.068069 -23.234783
v  -0.386453 72.395432 -23.687569
v  -2.375612 72.327698 -23.522144
v  -2.672652 72.043686 -24.188065
v  -4.025841 73.023323 -23.180847
v  -4.311665 72.677177 -23.824615
v  -5.192023 73.991516 -21.785225
v  -3.549891 73.279282 -22.344940
v  -5.648350 73.314865 -22.511532
v  -5.919318 73.089722 -23.238197
v  -7.260553 73.910561 -21.864063
v  -7.693228 73.402367 -22.759827
v  -8.501598 74.719421 -20.095192
v  -6.801482 74.397598 -21.008156
v  -9.041843 74.159729 -21.083382
v  -9.477090 73.695526 -22.151981
v  -10.910915 74.464233 -20.180679
v  -11.432366 73.621536 -21.356209
v  -9.752580 73.094772 -23.149467
v  -11.675567 73.248642 -22.287243
v  -13.581153 73.782410 -20.524448
v  -13.592973 73.041199 -21.442291
v  -11.793088 73.024155 -23.298031
v  -13.765325 72.963638 -22.744053
v  -15.454876 72.850449 -20.650600
v  -15.751537 72.868790 -22.144123
v  -13.823238 72.866684 -24.155376
v  -15.723597 72.592400 -23.783653
v  -17.677334 72.158546 -21.497360
v  -17.820206 72.130569 -23.517357
v  -15.668909 72.692871 -25.739372
v  -17.669205 72.162033 -25.545811
v  -19.818098 72.182877 -23.210232
v  -19.696182 71.815536 -25.444607
v  -17.395052 71.734711 -27.716782
v  -19.338509 71.472069 -27.596851
v  -21.800991 71.375565 -25.305260
v  -21.401094 71.134697 -27.589611
v  -24.066244 70.955261 -22.838799
v  -21.967085 71.958908 -23.014736
v  -23.997072 70.905640 -25.331821
v  -23.662542 70.621284 -27.782654
v  -26.245535 70.124451 -25.500702
v  -25.767254 69.556213 -28.056698
v  -23.036077 70.088348 -29.900669
v  -25.045584 69.002289 -30.215446
v  -27.730965 68.273956 -28.496483
v  -26.629173 67.432938 -30.490299
v  -24.173338 68.483299 -32.262787
v  -25.966492 67.247887 -32.712780
v  -27.959763 65.682617 -30.979733
v  -27.281866 65.436722 -33.186069
v  -23.152302 67.817657 -33.937298
v  -24.938578 66.747787 -34.551838
v  -26.169861 65.166405 -34.963985
v  -28.059629 63.738091 -33.515984
v  -26.928112 63.421555 -35.256596
v  -23.618753 65.960182 -36.264942
v  -24.870508 64.566849 -36.651691
v  -25.622417 63.020065 -36.663860
v  -28.065868 61.994034 -35.891125
v  -27.035870 62.187721 -37.586361
v  -23.345219 63.515038 -37.718868
v  -24.245087 62.407974 -37.900158
v  -25.470640 61.395378 -38.753208
v  -28.325489 60.649853 -38.301128
v  -26.857529 59.890060 -39.636486
v  -22.794029 61.526772 -38.686794
v  -23.941742 60.498199 -39.694767
v  -25.349129 58.996815 -40.245502
v  -28.515024 58.435532 -40.834736
v  -26.818659 57.413826 -41.363422
v  -22.089340 59.549408 -39.943348
v  -23.472855 58.130730 -40.392742
v  -24.977825 56.683678 -41.443310
v  -28.391233 55.212814 -41.319859
v  -26.526533 54.669785 -41.311680
v  -21.182688 57.433052 -40.603825
v  -22.514044 55.873863 -41.567600
v  -24.203493 53.944794 -41.577541
v  -28.095270 52.830540 -40.727474
v  -19.952438 55.174370 -41.041882
v  -21.452000 53.353767 -41.670795
v  -17.600073 54.704014 -40.690289
v  -18.850004 53.043133 -41.241909
v  -15.292150 54.406818 -40.389439
v  -31.616644 51.520279 -39.858982
v  -30.062004 53.229118 -40.497158
v  -33.299080 52.336132 -39.879337
v  -31.917902 54.196930 -40.200893
v  -30.435019 56.166595 -40.999126
v  -33.490829 55.331650 -39.116886
v  -31.954580 57.242828 -39.436764
v  -30.300243 59.352093 -39.367146
v  -32.611687 57.711765 -37.553959
v  -31.300299 59.685196 -37.420521
v  -29.392088 60.827366 -36.610935
v  -32.012009 59.817455 -35.450794
v  -30.496632 61.110958 -34.845936
v  -29.281008 62.303257 -34.245583
v  -31.508402 61.230270 -32.750340
v  -30.206072 62.440136 -32.031479
v  -29.061958 63.973679 -31.477787
v  -31.082106 62.568672 -29.699806
v  -30.193048 64.335884 -29.243652
v  -29.236458 66.487640 -28.870907
v  -31.036043 64.746414 -26.876869
v  -29.742733 66.737030 -26.304985
v  -28.138645 68.494263 -25.806904
v  -29.937757 66.893677 -23.695961
v  -28.433552 68.919159 -23.193962
v  -26.362301 70.445572 -22.865566
v  -27.995962 68.786980 -20.627254
v  -26.043880 70.457970 -20.290871
v  -23.864214 71.299034 -20.378204
v  -20.926430 71.741516 -18.228100
v  -21.666941 71.752274 -20.562561
v  -19.086657 71.871292 -18.932686
v  -19.609066 72.203766 -20.916214
v  -17.440945 72.558090 -19.824455
v  -18.559185 72.590881 -17.307735
v  -16.869755 73.072968 -18.325443
v  -15.152399 73.355835 -19.363720
v  -16.061104 73.900612 -16.777596
v  -14.438483 74.060928 -17.832462
v  -12.907285 74.331238 -19.114521
v  -13.678142 75.040695 -16.369244
v  -12.205060 75.062309 -17.641853
v  -10.393269 75.191025 -19.146931
v  -11.230030 75.971916 -16.209980
v  -9.413845 76.009003 -17.708748
v  -7.653400 75.551758 -18.874943
v  -8.392201 77.117142 -16.719334
v  -6.712250 76.551331 -17.865902
v  -5.091894 75.811241 -18.896362
v  -6.015049 75.064232 -19.985104
v  -3.706732 75.193138 -19.980099
v  -4.562592 74.584702 -20.904102
v  -2.323054 74.537682 -20.923714
v  -3.025913 73.906029 -21.688850
v  -1.064362 74.270500 -21.991848
v  -1.529161 73.551376 -22.631260
v  0.532583 73.502304 -22.715504
v  0.044273 72.952103 -23.298061
v  2.132002 72.632065 -23.203659
v  1.731638 72.276382 -23.776081
v  3.942965 71.874550 -23.793602
v  2.724572 73.466232 -22.913651
v  4.369044 72.470993 -23.293736
v  6.268063 71.335327 -23.905315
v  4.855656 73.154350 -22.768024
v  6.719146 71.987823 -23.342014
v  8.717915 70.523239 -23.693695
v  7.325254 72.822708 -22.796211
v  9.274629 71.233292 -23.325298
v  11.183559 69.437950 -23.459389
v  9.914280 71.918495 -22.628403
v  11.776098 70.041130 -22.994869
v  13.683393 68.119507 -23.179405
v  12.579686 70.681427 -22.410027
v  14.353930 68.716766 -22.760998
v  16.216030 66.795753 -22.865414
v  15.355920 69.333221 -22.214180
v  16.964870 67.358757 -22.166557
v  18.746754 65.459763 -22.294197
v  18.182945 68.073700 -21.628853
v  19.774303 66.228516 -21.482384
v  21.146109 64.322784 -20.859486
v  20.310303 63.676483 -21.828415
v  22.609915 62.607857 -20.488407
v  21.749334 61.822937 -21.383282
v  23.967577 60.757530 -19.924706
v  23.915165 63.557083 -19.526043
v  25.287642 61.659752 -18.856499
v  26.773113 59.720562 -18.245945
v  27.135393 62.917290 -17.775173
v  28.456484 60.913353 -16.892593
v  29.539024 59.147144 -15.739428
v  28.161764 58.059319 -17.453445
v  31.098196 57.520763 -14.756973
v  29.967712 56.227760 -16.488434
v  31.149628 60.680477 -14.131148
v  32.400391 58.986092 -13.103659
v  34.369392 57.547722 -12.403686
v  33.624397 60.688629 -11.376500
v  35.247894 59.164299 -10.473134
v  36.940277 57.499298 -9.259461
v  35.671463 60.527870 -8.320942
v  37.439835 58.940201 -7.345976
v  38.914764 57.415840 -6.310794
v  37.517181 60.111259 -5.309551
v  38.912338 58.626827 -4.202696
v  40.238922 56.936848 -2.951001
v  38.883423 59.357452 -1.910617
v  39.859985 57.571533 -0.709750
v  41.057404 56.107079 0.586247
v  39.419403 57.935112 1.319946
v  40.176834 56.230858 2.420918
v  41.171509 54.756653 3.567533
v  39.596123 56.781231 4.234113
v  40.749397 55.470947 5.323715
v  41.558769 53.967587 6.589122
v  39.900764 56.197296 7.483565
v  40.825302 54.823307 8.655160
v  41.910332 53.954552 9.822584
v  40.091125 55.991997 10.940529
v  40.683029 54.683723 11.926288
v  41.961617 54.111755 12.899335
v  39.806686 55.735260 14.180057
v  41.035797 55.396488 14.915524
v  41.925804 54.388908 15.734391
v  39.962883 56.397728 17.359379
v  40.827522 55.655510 17.851158
v  41.790619 54.531101 18.237316
v  42.425194 53.168842 16.533649
v  42.028023 53.052864 18.678741
v  42.686295 52.311386 17.322456
v  41.764992 51.857468 19.068893
v  41.476013 54.174137 20.477322
v  41.463364 52.689907 20.755508
v  40.806732 51.487194 21.081665
v  40.885544 53.707375 22.696697
v  40.171555 52.319252 22.783867
v  39.866287 51.345455 23.050793
v  39.090019 54.350937 23.908455
v  37.497360 54.954838 24.617325
v  36.165932 56.151844 24.003090
v  36.115494 55.111607 25.081818
v  35.181747 56.454910 24.656422
v  34.905907 55.035858 25.442371
v  35.051956 53.790565 26.088085
v  33.888733 54.905296 26.111382
v  33.948563 53.333084 26.390919
v  35.037621 51.371227 27.014820
v  36.178413 52.081467 26.563034
v  37.416039 50.506069 25.796841
v  32.998787 52.893711 26.778973
v  34.126442 50.829720 26.980030
v  31.153370 54.704956 27.421280
v  32.594437 54.862556 26.894047
v  31.080009 56.787910 27.248848
v  32.584534 56.810844 26.313480
v  30.888893 58.661633 26.074898
v  34.004089 56.923141 25.565327
v  28.478666 60.592422 26.129940
v  28.776964 58.984962 27.510834
v  30.531351 60.123795 24.578434
v  26.446978 60.862328 27.708702
v  26.659613 59.461266 28.902687
v  23.975374 60.977962 29.160275
v  24.115129 59.739571 30.120869
v  21.278656 61.163574 29.910496
v  21.517111 60.346954 31.224705
v  21.498505 59.164684 32.067333
v  19.176098 60.824329 31.984440
v  18.920088 59.831261 32.818180
v  18.743465 58.883598 33.794033
v  21.478445 57.980576 33.201443
v  18.384371 57.488426 34.618969
v  21.132328 56.699333 33.743237
v  16.416115 59.962524 34.633251
v  15.671814 58.497429 35.109081
v  14.137327 60.885036 35.224941
v  13.399518 59.406071 35.424953
v  12.076089 61.801598 35.609516
v  11.550917 60.483330 35.727924
v  10.254786 63.141251 35.963291
v  9.728931 61.787502 36.453594
v  9.210227 60.362663 36.687969
v  8.464947 64.734703 35.753613
v  7.618965 66.715317 33.981930
v  6.812264 66.080780 34.651829
v  9.044693 65.531219 34.841328
v  10.671002 64.089432 35.030910
v  9.538380 66.022644 33.957836
v  10.999377 64.794312 34.121372
v  12.492193 62.869385 34.738796
v  12.683619 63.645447 33.794994
v  12.834243 64.228523 32.948215
v  14.474836 61.881569 34.239590
v  14.747075 62.660473 33.415157
v  14.864741 63.424706 32.328671
v  12.924514 65.094208 31.868122
v  14.982143 64.158623 31.319653
v  16.898893 61.732792 32.906628
v  16.976532 62.649696 31.609329
v  16.811531 63.233269 30.279621
v  15.093919 65.253410 30.410183
v  16.935471 64.224617 29.323723
v  19.097504 61.767906 30.763760
v  18.938002 62.797779 29.697903
v  18.799736 63.702538 28.377789
v  17.283899 65.948639 28.482117
v  19.065727 65.690643 27.490051
v  21.194916 62.554817 29.161343
v  21.133493 63.928455 27.860081
v  21.063951 65.620720 26.389236
v  18.640068 67.303635 25.828098
v  20.817684 67.212463 24.896088
v  23.689804 63.930733 26.698364
v  23.468229 65.700951 25.223701
v  23.131489 67.138893 23.611500
v  20.663517 68.481506 23.714127
v  22.790064 68.385406 22.307068
v  26.016068 65.807297 24.017933
v  25.501520 67.046883 22.368080
v  24.906458 68.347931 20.914436
v  22.427759 69.717972 21.022392
v  24.395311 69.661591 19.720207
v  27.883131 67.060402 21.042381
v  27.281399 68.328934 19.794773
v  26.552025 69.729965 18.587681
v  23.802086 71.264153 18.501869
v  25.865664 71.492813 17.248848
v  28.555359 67.427559 17.930431
v  28.064478 69.429230 16.912880
v  27.406166 71.232895 15.749555
v  24.784540 72.713989 16.111473
v  26.691320 72.904480 14.945649
v  29.481260 68.787560 14.878016
v  28.449804 70.538437 13.805366
v  27.623888 72.248062 12.911874
v  25.779209 74.551758 13.741715
v  26.321173 73.864342 11.638508
v  29.702221 69.672897 11.460319
v  28.656239 71.558990 10.633780
v  27.166817 73.297852 9.656789
v  24.946354 75.508316 10.460281
v  25.620535 74.930817 8.800424
v  29.804468 70.864563 8.399483
v  28.479685 72.868057 7.530254
v  26.553953 74.427132 6.679627
v  24.309908 76.753006 7.995515
v  24.980608 76.299576 5.906405
v  29.294498 72.055435 5.238349
v  27.431677 73.829651 4.571110
v  25.550043 75.608139 3.998212
v  23.237743 78.088989 5.082273
v  23.706036 77.401962 3.313277
v  28.299183 73.228470 2.428224
v  26.392612 75.165215 1.990541
v  24.475887 76.978912 1.410503
v  21.897343 79.386383 2.404130
v  22.450899 78.562866 0.628500
v  27.253828 74.777298 -0.109390
v  25.459276 76.775650 -0.657987
v  23.270908 78.019508 -1.297373
v  20.361780 79.975998 -0.253751
v  21.337463 79.452408 -1.967550
v  25.961168 76.140518 -2.985032
v  24.171190 77.580353 -3.563485
v  22.442154 79.000237 -4.101116
v  19.325293 80.391190 -2.919122
v  20.446829 80.252106 -4.917275
v  24.901741 77.003365 -6.094796
v  23.276001 78.477325 -6.637119
v  21.370159 79.975426 -7.279634
v  18.517311 81.560539 -6.092982
v  19.177654 81.225990 -8.097752
v  23.831499 77.873749 -9.063730
v  22.147459 79.611237 -9.634933
v  20.090673 81.255112 -10.298554
v  16.903538 81.956261 -9.182536
v  17.629795 81.860855 -11.334588
v  22.953255 79.242783 -12.019609
v  20.922689 80.945496 -12.833941
v  18.506851 82.075241 -13.789790
v  15.179595 82.352928 -12.513000
v  15.809983 82.146202 -14.684778
v  21.331543 80.063950 -15.095399
v  18.896374 80.990028 -15.868553
v  16.299826 81.343559 -16.731216
v  13.215087 81.996124 -15.722987
v  13.733974 81.070297 -17.418755
v  19.066841 79.520218 -17.534351
v  16.504793 79.809235 -18.017677
v  14.249009 79.611282 -18.705776
v  14.913388 77.692673 -19.703831
v  12.726904 76.784317 -20.215675
v  11.795213 78.614319 -19.269699
v  11.266137 80.144531 -18.167614
v  10.658264 81.567337 -16.870846
v  9.728122 77.319839 -19.439560
v  9.049964 78.755890 -18.940102
v  8.286551 80.247208 -17.899780
v  9.894367 81.641113 -14.718513
v  7.235806 80.957169 -15.750939
v  7.149311 77.257813 -19.543285
v  6.311140 78.912827 -19.090965
v  5.214080 79.655548 -17.116161
v  6.883197 80.541191 -14.171377
v  4.765156 79.771622 -15.366888
v  4.468036 77.396881 -19.947208
v  3.421855 78.410393 -18.553482
v  3.007854 78.474037 -16.764732
v  4.351002 79.365982 -13.811840
v  2.418739 78.651718 -15.044480
v  1.933937 77.140778 -19.694801
v  1.293713 77.438171 -18.026646
v  0.514487 77.837799 -16.353752
v  -0.523202 78.267471 -14.767034
v  -0.411069 76.432701 -19.210995
v  -1.222836 76.891983 -17.656384
v  -2.199119 77.429871 -16.221466
v  -2.103955 78.827293 -13.114711
v  -3.627058 78.284363 -14.842367
v  -2.595092 75.984512 -18.969299
v  -3.794048 76.736954 -17.699894
v  -5.300084 77.475723 -16.463196
v  -5.491468 79.101791 -13.582020
v  -7.036294 78.296135 -15.308057
v  -3.974293 79.685844 -11.812402
v  -9.064563 79.084244 -13.971734
v  -10.721581 78.863152 -12.155896
v  -10.317882 77.344345 -15.130974
v  -11.864702 77.391243 -13.451309
v  -11.983723 78.974045 -10.394978
v  -13.290295 77.608040 -11.977444
v  -12.776279 76.012451 -14.788516
v  -14.129827 76.182602 -13.526474
v  -14.228670 77.572220 -10.482646
v  -15.419279 76.428253 -12.366631
v  -15.127819 75.178543 -15.272869
v  -16.752457 75.105583 -14.128079
v  -16.530205 76.527908 -11.410276
v  -18.041466 74.844231 -13.218692
v  -17.693590 73.571106 -15.736627
v  -19.186584 73.210014 -14.768394
v  -19.283827 74.706070 -12.648705
v  -20.124716 72.111130 -16.474045
v  -18.952896 76.555519 -10.354014
v  -17.664707 76.616119 -10.955077
v  -20.535551 74.662857 -12.051631
v  -14.952612 77.471283 -9.278741
v  -15.797207 77.719139 -8.762430
v  -17.184515 78.300056 -8.400245
v  -13.897058 79.392990 -7.287999
v  -15.377647 80.239540 -6.425420
v  -20.185379 76.384186 -9.540484
v  -18.652277 78.390663 -7.519206
v  -16.893225 80.388954 -5.190732
v  -13.349564 81.902214 -4.450494
v  -14.712847 81.871201 -2.875331
v  -19.843479 77.999008 -6.343858
v  -18.035883 79.728821 -3.876406
v  -16.106516 81.229561 -1.325647
v  -19.029425 78.894524 -2.848214
v  -17.357796 80.004082 -0.156111
v  -20.146267 77.859634 -1.794669
v  -19.080692 79.114014 0.814003
v  -18.047113 79.662949 3.345822
v  -17.538420 80.195648 5.457626
v  -20.496904 77.774765 1.646828
v  -19.750933 78.130859 4.129376
v  -19.686911 78.890640 6.325004
v  -17.248234 80.731293 7.532580
v  -19.700056 79.480927 8.375460
v  -21.866671 77.200729 4.716527
v  -21.711634 77.563538 7.115808
v  -21.585814 78.010559 9.088760
v  -18.922924 79.125946 10.430397
v  -21.320368 78.129936 11.234900
v  -23.255899 76.217728 7.406669
v  -23.410480 76.701584 9.548542
v  -23.437099 76.626724 11.774570
v  -25.058067 75.575401 9.645024
v  -24.980339 75.072296 11.688150
v  -26.729755 74.618660 9.278822
v  -26.897530 74.425690 11.256214
v  -28.401743 74.750046 8.796721
v  -28.465275 73.785645 10.677691
v  -28.907631 73.156097 12.624973
v  -31.068003 71.656586 13.541555
v  -32.676720 71.053719 12.121179
v  -34.232826 70.577377 10.573469
v  -34.117752 71.821823 7.191249
v  -35.382500 70.288887 8.744247
v  -34.148758 71.056519 5.600141
v  -35.845955 69.923889 6.668445
v  -34.316780 70.438919 3.859328
v  -35.810425 69.213623 4.660604
v  -34.416931 69.879150 2.172242
v  -35.640961 68.636917 2.955807
v  -34.321793 69.328613 0.195003
v  -35.689339 68.121193 0.802841
v  -36.485069 66.481415 1.542803
v  -35.510513 67.413994 -1.509458
v  -36.329338 65.943100 -0.830860
v  -35.112762 66.788269 -3.734654
v  -35.904099 65.457817 -3.167233
v  -34.779152 66.099899 -5.933786
v  -35.668129 64.738846 -5.414571
v  -34.818039 65.581146 -8.258671
v  -35.605888 63.967781 -7.598937
v  -35.804222 62.194519 -6.899664
v  -35.493088 63.162514 -9.690039
v  -35.935280 61.519615 -8.788442
v  -35.964737 59.561058 -8.075955
v  -35.800346 60.751854 -10.985386
v  -36.514633 58.782631 -10.102126
v  -36.065414 60.069111 -13.119889
v  -37.030449 57.936638 -12.350579
v  -37.060570 55.760792 -11.892931
v  -37.547569 57.258514 -14.358644
v  -36.750381 55.033257 -13.948116
v  -36.922745 53.351654 -13.504954
v  -37.377419 54.620876 -15.812439
v  -37.806473 56.867527 -16.584812
v  -37.663170 56.704170 -18.634472
v  -37.000305 59.296959 -17.334442
v  -36.782791 58.938274 -19.378811
v  -36.707558 58.925934 -21.683662
v  -37.838272 56.432945 -21.098919
v  -36.537071 58.975266 -23.754410
v  -37.890984 56.629112 -23.663841
v  -35.969437 59.291481 -26.035065
v  -37.436806 57.143456 -26.256729
v  -34.998512 59.647770 -28.411270
v  -36.751122 58.112526 -28.943802
v  -38.159470 56.068100 -29.291195
v  -35.597794 58.648617 -31.587112
v  -37.257431 56.808186 -31.953022
v  -38.633102 54.674324 -32.268085
v  -36.221397 56.947338 -34.178673
v  -37.524376 54.526443 -34.326740
v  -39.249237 52.410522 -34.758038
v  -36.449905 54.188164 -35.916111
v  -38.251770 52.278961 -36.468510
v  -39.968918 49.868073 -36.987324
v  -37.375305 52.084038 -37.916096
v  -39.164772 49.579243 -38.495647
v  -40.542038 46.301434 -38.440250
v  -37.543221 48.690567 -39.724949
v  -36.305992 51.395298 -39.262074
v  -34.742104 50.221630 -39.643688
v  -34.904221 53.440613 -38.883884
v  -35.738449 53.921555 -37.435139
v  -34.217567 55.857674 -37.509686
v  -35.229691 56.593712 -36.143742
v  -33.273041 58.194401 -35.722576
v  -34.394081 58.588741 -33.842934
v  -32.820663 60.070293 -33.318718
v  -33.847893 60.054192 -30.963348
v  -32.401772 61.350094 -30.373230
v  -33.493492 61.340668 -27.964005
v  -32.155708 62.947098 -27.486115
v  -34.285301 61.104935 -25.579891
v  -32.411880 62.643749 -25.039173
v  -31.296675 64.886368 -24.362507
v  -32.939896 62.667610 -22.911568
v  -31.504843 64.962196 -22.092533
v  -29.881090 66.930672 -21.240623
v  -31.375746 64.736618 -20.029316
v  -29.829191 66.901260 -18.965797
v  -31.303602 64.560455 -18.281567
v  -29.514502 66.568565 -16.966114
v  -31.282042 64.517250 -16.889435
v  -29.207016 66.087570 -15.604311
v  -31.431219 64.688103 -15.768854
v  -29.320662 66.024734 -14.869415
v  -27.363855 67.941330 -13.915590
v  -29.727667 66.147865 -14.076993
v  -27.974939 68.130676 -13.178952
v  -26.282646 69.802917 -11.824487
v  -25.913042 70.214073 -12.749965
v  -24.783777 71.628601 -10.650887
v  -24.196390 72.043427 -11.518026
v  -21.722677 74.390076 -11.152023
v  -22.744005 74.061295 -10.245118
v  -23.309237 73.517792 -9.307436
v  -21.219727 75.979019 -8.536216
v  -21.923613 75.386353 -7.488566
v  -25.415482 71.339653 -9.788493
v  -23.915007 73.065590 -8.442380
v  -22.520586 74.809685 -6.636934
v  -20.469444 77.182999 -5.316870
v  -21.335344 76.548019 -4.445977
v  -24.594206 72.591919 -7.504029
v  -23.334713 74.180283 -5.708997
v  -22.458130 75.718719 -3.472426
v  -21.447803 76.918823 -0.919777
v  -24.250290 73.393585 -4.711379
v  -23.211597 74.365479 -2.467568
v  -22.752039 75.644318 -0.123948
v  -22.375076 76.581863 2.343513
v  -24.618086 73.562332 -1.717281
v  -24.148209 74.426811 0.509598
v  -23.823467 75.269508 2.793231
v  -23.443769 75.836487 5.149259
v  -25.560905 73.200249 1.033924
v  -25.580631 74.419342 3.093949
v  -25.217253 75.113388 5.126744
v  -24.957613 75.274979 7.462796
v  -27.133993 73.524994 3.088793
v  -26.913448 74.280991 5.004173
v  -26.747393 74.812515 7.144264
v  -28.693226 73.856247 4.658548
v  -28.556156 74.376938 6.663841
v  -30.607222 73.392776 4.485306
v  -30.470417 74.027267 6.208317
v  -32.514580 72.452255 4.768456
v  -32.389999 73.181931 6.359572
v  -30.645496 72.226608 3.021351
v  -32.654930 71.766876 3.142777
v  -30.719250 71.292221 1.445889
v  -32.488670 70.701324 1.607455
v  -30.886631 71.007141 -0.443269
v  -32.555840 70.149094 -0.161192
v  -30.980947 70.432304 -2.509344
v  -32.568848 69.647743 -2.284090
v  -34.006950 68.470985 -1.915688
v  -32.300728 68.859467 -4.449365
v  -33.664230 67.806046 -4.101255
v  -32.099365 68.532082 -6.832262
v  -33.409393 67.433365 -6.424731
v  -31.691786 67.945969 -9.013008
v  -32.956299 66.587479 -8.743352
v  -31.187067 67.415939 -11.206252
v  -32.763916 66.017349 -11.078459
v  -34.444260 64.842735 -10.648141
v  -32.412872 65.426414 -13.068439
v  -34.083946 64.074051 -12.706316
v  -35.354393 62.414635 -11.995598
v  -33.769005 63.414879 -14.503621
v  -35.186760 61.847420 -13.835554
v  -33.551361 63.153481 -16.124802
v  -35.220703 61.500648 -15.747531
v  -36.324036 59.530746 -15.096885
v  -35.442093 61.587242 -17.775749
v  -33.252029 63.003075 -17.786507
v  -33.205162 63.034866 -19.347012
v  -35.052147 61.355232 -19.854660
v  -33.177834 62.917984 -21.080433
v  -34.647606 60.804344 -21.611927
v  -34.454956 60.890553 -23.579384
v  -31.746634 64.760986 -14.515482
v  -30.559988 66.835205 -12.897732
v  -29.374264 68.581116 -10.603865
v  -28.619869 68.254288 -12.003321
v  -27.570480 69.659714 -9.717233
v  -26.793316 69.616913 -10.868945
v  -25.900009 70.906998 -8.767804
v  -28.256485 69.780258 -8.281481
v  -26.654034 70.730957 -7.563402
v  -25.276846 72.104218 -6.466806
v  -28.772671 69.980621 -6.711231
v  -30.777435 69.684967 -4.663539
v  -29.267052 70.406387 -4.743930
v  -30.379541 69.147369 -6.794271
v  -29.959797 68.906319 -8.815834
v  -29.337986 70.935150 -2.616689
v  -29.375853 71.446777 -0.604472
v  -27.668571 72.058640 -0.750408
v  -26.182531 72.717422 -1.128305
v  -27.228523 72.582718 1.207833
v  -28.971161 71.878189 1.329750
v  -28.879429 72.949020 2.934073
v  -16.608446 80.553787 9.555402
v  -14.446522 81.664589 8.814233
v  -15.147436 82.088882 6.770135
v  -12.296057 83.326569 8.109208
v  -13.069568 83.799881 6.248704
v  -9.735460 84.425415 7.472825
v  -10.493506 85.243874 5.681964
v  -7.349398 85.245361 6.926396
v  -7.907428 86.453804 5.450928
v  -8.237904 86.682205 3.508735
v  -5.336404 87.401459 5.183922
v  -5.534657 87.977448 3.403304
v  -5.638419 88.021790 1.393587
v  -8.325463 86.433975 1.736874
v  -5.431337 87.325485 -0.203069
v  -7.931222 85.949051 -0.000658
v  -5.266452 86.760139 -2.028098
v  -7.407228 85.282196 -1.595732
v  -9.295151 84.134575 -1.860385
v  -6.735904 84.630554 -3.535535
v  -11.207163 83.224869 -2.880312
v  -4.562187 85.723816 -3.934712
v  -2.660672 88.298782 -2.823049
v  -1.834097 86.838158 -4.442909
v  -0.895271 85.309143 -5.648349
v  1.132218 87.928841 -4.439702
v  2.059362 86.338058 -5.638042
v  2.934824 84.750465 -6.465612
v  -0.093847 83.696533 -6.509694
v  3.463032 83.442169 -7.031802
v  0.322172 82.640160 -7.693005
v  5.696218 85.846153 -5.250690
v  6.154370 84.838043 -5.897290
v  6.682007 83.838226 -6.741392
v  8.847514 86.189072 -4.557053
v  9.471023 85.411621 -5.820149
v  10.171537 84.439217 -7.231062
v  7.218516 83.444397 -8.413698
v  10.770138 83.848648 -8.801376
v  7.893997 82.774323 -9.952161
v  11.443363 83.139801 -10.394527
v  8.513174 82.411438 -11.724447
v  6.447742 80.576584 -12.710754
v  9.150999 81.971466 -13.303671
v  12.080056 82.944649 -12.107480
v  12.691525 82.477264 -13.836579
v  14.717921 82.488678 -10.611652
v  14.223180 82.873459 -8.894469
v  16.304453 82.131653 -7.473934
v  13.570228 83.611649 -7.297518
v  15.898068 82.935684 -5.843432
v  17.868412 81.939537 -4.236955
v  15.302429 83.923248 -4.147320
v  17.123180 82.713943 -2.489243
v  18.611202 81.267357 -1.202543
v  16.266359 83.902107 -0.720888
v  17.912771 82.552277 0.535379
v  19.746050 81.117485 1.510915
v  17.353266 84.037712 2.482567
v  19.067316 82.269348 3.361409
v  21.418821 80.426834 4.224142
v  18.449377 83.184746 5.443910
v  20.655640 81.235199 6.175133
v  22.568222 78.736191 7.011793
v  19.913633 81.707626 7.879216
v  22.099977 79.375854 8.791389
v  23.581160 77.045433 9.535094
v  21.414907 79.751297 10.267549
v  22.892162 77.611107 11.116359
v  24.488035 76.007408 12.301257
v  21.433893 77.963272 12.790681
v  23.098898 76.378128 13.975051
v  24.147326 74.404343 15.158740
v  21.312843 76.641693 15.421077
v  22.416231 74.674225 16.392044
v  23.311668 72.868057 17.374531
v  20.794527 75.226608 17.798683
v  21.526808 73.260727 18.915009
v  22.066730 71.440521 19.999168
v  19.686575 73.600433 20.431400
v  20.128584 71.854004 21.603111
v  20.568045 70.108749 22.635487
v  18.075180 72.177429 22.661503
v  18.438343 70.398720 23.748863
v  18.539391 68.566620 24.765621
v  16.573441 70.960297 24.875248
v  16.598379 69.020485 25.815323
v  16.893873 67.721786 26.743874
v  14.510164 69.579132 26.834553
v  14.680492 68.521820 27.766586
v  15.106754 66.981224 29.562634
v  12.914541 68.957649 28.712582
v  12.872193 67.569885 30.027855
v  12.939405 66.228592 30.899998
v  11.124736 67.927444 30.491795
v  9.464143 69.933731 30.579197
v  9.938746 68.582153 31.451626
v  11.083948 69.345078 29.598347
v  8.209821 70.595078 31.681492
v  8.720806 68.907646 32.290897
v  7.058959 70.620392 32.102146
v  7.634945 68.819588 32.880955
v  8.449128 67.229797 33.402203
v  6.679008 68.512238 33.522015
v  4.842243 70.347626 33.394062
v  5.652358 67.913307 33.858105
v  6.019877 70.611519 32.774632
v  3.823433 69.713127 33.632046
v  3.323276 72.177414 32.175991
v  4.455977 72.549118 32.149685
v  3.187287 74.618088 30.558697
v  4.338478 74.834930 31.036831
v  5.480381 72.561150 31.641510
v  5.548701 74.673164 30.767231
v  4.634256 77.198685 29.221252
v  5.822232 76.968872 29.248672
v  6.578922 72.318756 31.034885
v  6.550439 74.318359 30.226772
v  6.967417 76.659561 29.015652
v  6.300193 78.956467 27.293499
v  7.265907 78.443954 27.024136
v  7.737822 74.005569 29.636436
v  8.158999 76.085808 28.381443
v  8.265409 78.001450 26.785625
v  7.408422 80.001740 24.954124
v  8.098131 79.484680 24.756866
v  9.279420 75.404037 27.572899
v  9.178992 77.196777 26.158718
v  9.122797 78.957260 24.560257
v  8.192496 81.077766 22.874413
v  9.122306 80.628357 22.709816
v  10.628150 76.551620 25.517792
v  10.459257 78.157791 23.964928
v  10.416384 79.931885 22.457966
v  8.943913 81.895874 20.710747
v  10.067724 81.484634 20.488983
v  12.001658 77.232651 23.102142
v  11.827703 78.992386 21.720707
v  11.581924 80.880539 20.140923
v  9.808132 82.694519 18.677036
v  10.919291 82.005493 18.343628
v  13.305208 78.092667 20.810623
v  12.853325 79.777039 19.234268
v  12.213697 81.267883 17.762058
v  10.793466 83.532349 17.019764
v  11.688862 82.610764 16.721912
v  13.841786 78.842957 18.220463
v  13.383731 80.358246 17.107422
v  15.190040 78.377701 17.250843
v  14.349834 79.697807 16.282696
v  16.859449 78.262894 16.318630
v  15.861254 79.531754 15.344619
v  18.478642 78.207642 15.150422
v  17.538074 79.567207 14.237807
v  16.421154 81.442505 13.694491
v  14.769518 82.814575 12.804368
v  18.896215 79.717209 13.202789
v  17.552025 81.644302 12.418489
v  15.847547 83.132278 11.671007
v  13.816755 84.361946 12.882406
v  14.823866 84.919876 11.797954
v  18.492624 81.855354 11.104052
v  16.461664 83.304001 10.169479
v  15.712276 85.348328 9.944339
v  14.134878 86.544708 11.990327
v  14.677526 86.992691 9.915852
v  17.018438 83.527840 8.670786
v  15.778493 85.259445 8.262556
v  14.673330 87.182281 7.924617
v  14.035468 88.557129 10.231750
v  13.903991 89.004822 7.750674
v  15.916121 85.087402 6.439940
v  17.607744 83.530289 7.106956
v  16.474096 84.702286 4.511431
v  19.299570 81.903763 9.389645
v  20.230099 79.896698 12.037935
v  20.034801 78.130127 14.007926
v  19.585293 76.807816 16.426357
v  17.842854 76.945534 17.530392
v  18.960686 75.559128 19.069843
v  16.245100 77.251953 18.643333
v  17.074825 75.764847 20.235077
v  17.768017 73.972961 21.663242
v  15.138005 76.022308 21.125080
v  15.847647 74.392456 22.614014
v  16.134838 72.521957 23.569012
v  14.030085 74.967834 23.515842
v  14.417988 73.346512 24.908749
v  14.502892 71.469551 25.963917
v  12.610010 73.891632 25.902885
v  12.589790 72.069077 26.888535
v  12.812639 70.326828 27.851948
v  10.978439 72.888092 28.014812
v  11.257335 71.204193 28.927952
v  9.317702 73.722046 28.814186
v  9.352431 71.809502 29.991440
v  7.726746 72.194595 30.761703
v  10.676607 74.693832 26.898880
v  12.485091 75.806061 24.560852
v  13.449397 76.444679 21.981136
v  14.562516 77.546036 19.755302
v  12.174425 88.826965 12.434690
v  13.246900 87.939835 12.285489
v  13.018665 89.827309 10.555074
v  12.869329 90.308456 7.960387
v  12.045116 90.611397 10.890820
v  11.984290 91.310707 8.327744
v  11.298944 91.672729 5.669881
v  10.923167 92.187592 8.791821
v  10.181971 92.369080 6.219641
v  9.964265 91.003365 2.943180
v  8.760852 91.674637 3.690824
v  7.714272 91.712738 4.761564
v  8.562022 90.902985 0.062910
v  7.239326 91.116402 1.434110
v  6.279515 91.439331 2.658990
v  6.788344 91.664536 6.131573
v  5.501271 91.478035 4.232368
v  5.313369 90.698166 -0.627272
v  4.583151 90.623596 0.989084
v  3.816571 90.970200 2.613894
v  4.868269 90.900406 6.042771
v  3.381420 90.649689 4.595461
v  2.404130 90.340851 -0.208382
v  1.970778 90.331482 1.573182
v  1.546227 90.185425 3.653908
v  3.161702 89.734573 6.604638
v  1.248804 89.622864 5.913835
v  -0.247164 89.700363 1.257775
v  -0.604964 89.901283 3.138502
v  -0.699674 89.139847 5.418376
v  1.156992 88.649933 7.688869
v  -0.773545 88.096252 7.181587
v  -2.777694 89.121918 3.170628
v  -2.870715 88.436066 5.173585
v  -2.874129 87.544464 6.943963
v  -0.975669 87.108749 9.407013
v  -2.869473 86.296310 8.982425
v  -5.235760 86.538544 6.903822
v  -5.021863 85.264648 8.689042
v  -2.555480 84.843109 11.212139
v  -4.602319 84.083504 10.873778
v  -6.886529 84.259140 8.709628
v  -0.295875 84.034790 13.840835
v  -0.744700 85.537567 11.794337
v  -2.158724 83.429085 13.388858
v  1.450774 84.703033 14.526942
v  1.155159 86.101204 12.474459
v  1.074451 87.695770 10.078022
v  2.824105 86.518097 13.264554
v  2.848936 87.976028 10.900619
v  3.012043 88.788330 8.561750
v  4.096385 88.133484 11.814861
v  4.380783 89.245667 9.657860
v  4.573257 90.098137 7.833230
v  5.444540 89.520905 10.730139
v  5.785023 90.500641 9.126809
v  6.389816 90.903664 7.547610
v  7.073937 90.542030 10.376131
v  7.583523 89.948936 12.695045
v  7.965548 90.485870 11.356934
v  6.540561 89.714935 11.714569
v  8.666773 89.590988 13.498574
v  9.042060 90.417458 12.083607
v  9.701563 88.893250 13.675370
v  10.294531 90.185265 12.843836
v  10.847988 91.307022 11.197686
v  11.301124 89.509247 12.674205
v  11.132137 87.869370 13.605824
v  10.274076 88.173332 13.379502
v  11.352045 85.963272 14.608605
v  12.243787 87.043289 13.544287
v  10.471418 86.640732 14.704436
v  9.848254 87.230026 14.694716
v  9.947486 85.316139 15.639853
v  9.440322 85.964455 15.803527
v  9.229272 87.852821 14.838714
v  8.778067 86.576401 15.894340
v  9.039968 84.488815 17.095192
v  8.447674 85.008957 17.274105
v  8.329658 88.397888 14.689332
v  8.113523 87.154144 16.072350
v  7.786901 85.649353 17.589779
v  8.330313 83.574326 19.022331
v  7.610396 84.208649 19.284588
v  6.863348 87.542114 15.990085
v  6.510399 85.965881 17.550148
v  6.478492 84.369446 19.089401
v  7.610307 82.975342 21.053043
v  6.635080 83.488083 21.070042
v  5.681760 85.501541 16.944935
v  5.678110 84.383926 18.826241
v  5.667622 83.601059 20.824162
v  6.613382 82.235085 23.235329
v  5.630819 82.599808 23.160091
v  5.076993 84.461304 18.526627
v  5.108637 83.485741 20.518944
v  4.730927 82.446350 22.832577
v  5.356930 81.106583 25.234398
v  4.340560 80.878021 24.880959
v  4.177986 83.511688 20.199383
v  3.885526 82.198547 22.400402
v  3.454084 80.581589 24.513039
v  3.838126 79.146408 26.785839
v  2.983823 79.048248 26.395329
v  2.865404 81.707695 21.891098
v  2.523423 80.293724 24.120422
v  2.235077 78.677460 25.880905
v  1.424588 79.789520 23.493496
v  1.236316 78.392982 25.279488
v  -0.044507 79.250626 22.928120
v  -0.242773 78.082382 24.809128
v  1.415666 81.178665 21.274448
v  0.033074 80.411087 20.596745
v  1.529247 82.313019 18.919167
v  0.030922 81.369080 18.311226
v  1.715974 83.231400 16.773735
v  -0.038046 82.489609 16.083176
v  3.074076 82.937897 19.600792
v  3.414906 83.582520 17.278969
v  3.211877 84.861420 15.191621
v  4.469481 84.105225 17.889446
v  4.486700 84.936493 15.743649
v  4.251139 86.382271 13.747024
v  4.980291 85.322044 16.527897
v  4.925572 86.792923 14.647882
v  4.974810 88.479294 12.723083
v  5.625943 87.268433 15.304900
v  5.981894 88.841110 13.586955
v  7.146838 88.847427 14.309079
v  5.029938 79.246040 27.245926
v  3.432117 77.344986 29.023605
v  6.538921 80.672470 25.174156
v  7.542899 81.771118 23.109161
v  8.329190 82.503052 20.928600
v  8.894467 83.081238 18.795597
v  9.978957 84.096924 17.117188
v  10.924116 84.799294 15.723941
v  11.568343 83.862579 15.159423
v  12.318783 85.018082 14.424607
v  13.185979 85.699280 13.304277
v  -2.769091 89.216370 1.118279
v  -0.026269 89.666748 -0.741767
v  -2.780795 88.784164 -0.658310
v  0.444871 89.016762 -2.752995
v  2.937510 90.005005 -2.120275
v  3.853789 89.000107 -3.725376
v  6.387236 89.871338 -2.105647
v  7.369225 88.673813 -3.172333
v  4.772864 87.259163 -4.431646
v  8.135762 87.208069 -3.659896
v  14.856405 85.546356 -2.559714
v  12.306247 85.908768 -4.382127
v  13.010679 84.547577 -5.786478
v  -13.071074 78.586761 -7.617578
v  -12.816865 78.925125 -8.682728
v  -1.492153 75.396255 -20.148331
v  0.491672 76.017601 -20.626606
v  -0.389383 74.966507 -21.250019
v  1.929741 75.321434 -21.699993
v  1.066724 74.321159 -22.295940
v  3.325768 74.396957 -22.379177
v  3.047671 76.381363 -20.851433
v  4.140763 75.340271 -21.570919
v  5.575581 74.442719 -22.494255
v  5.608120 76.482422 -20.635880
v  6.725377 75.337891 -21.350853
v  8.184638 73.749313 -22.094929
v  7.987989 76.296692 -20.476456
v  9.205398 74.523071 -20.960976
v  10.873055 72.679260 -22.059639
v  10.801261 75.679588 -20.641148
v  12.183304 73.593445 -21.452869
v  13.638904 71.485199 -22.038670
v  13.871366 74.535187 -20.790844
v  15.167323 72.307533 -21.287189
v  16.610130 69.998093 -21.532661
v  16.818964 72.961723 -21.012070
v  18.210876 70.732597 -20.877647
v  19.732723 68.957001 -21.166752
v  20.056524 71.884918 -20.592941
v  21.464668 70.171997 -20.377296
v  23.012791 68.247078 -19.903080
v  21.173496 67.049141 -20.700729
v  24.348976 66.485237 -19.192711
v  22.582514 65.260521 -20.132820
v  25.443687 64.772896 -18.195522
v  25.813520 67.832596 -17.722900
v  27.045147 66.234940 -16.875786
v  28.626505 64.343170 -16.145847
v  28.110792 67.665672 -15.330945
v  29.690115 65.907303 -14.350769
v  31.108273 64.076775 -13.360764
v  30.032715 62.381676 -15.169505
v  32.300194 62.230309 -12.281260
v  31.654749 65.682968 -11.447937
v  33.013283 63.795250 -10.415863
v  34.382675 62.121689 -9.420623
v  33.807724 65.265511 -8.716945
v  35.093071 63.359356 -7.498624
v  35.848984 61.593704 -6.224390
v  35.055061 64.404732 -5.375045
v  36.256546 62.753784 -4.302790
v  37.645325 61.133186 -3.192116
v  35.933624 63.612282 -2.049154
v  37.490456 61.971561 -0.944506
v  38.612778 59.772781 0.185737
v  36.820801 62.583065 1.177151
v  38.114830 60.388840 2.350722
v  38.779495 58.379173 3.290404
v  37.266571 61.112854 4.517432
v  37.941795 59.139503 5.372575
v  38.874611 57.599487 6.370486
v  36.809052 59.680237 7.406682
v  37.820129 58.292946 8.492205
v  39.046074 57.121899 9.713193
v  36.986420 59.169163 10.723687
v  38.081848 57.901337 11.968365
v  38.923492 56.674423 13.206496
v  37.266983 58.892090 14.415275
v  38.358795 57.686020 15.821464
v  39.172195 56.703629 16.825249
v  38.788734 56.543701 19.051205
v  37.696419 57.276283 20.597469
v  39.617897 56.133984 19.472935
v  40.559601 55.319107 20.018665
v  36.785027 57.274590 22.685986
v  35.202003 61.178688 15.185359
v  36.083023 60.154663 12.951005
v  32.869812 63.304134 15.802510
v  33.818504 62.006439 17.543140
v  33.922882 62.311367 13.705190
v  35.007156 61.473476 11.627471
v  32.761292 63.523205 12.494273
v  33.971687 63.007202 10.489690
v  35.576218 60.248413 9.483307
v  34.841461 62.182571 8.399899
v  33.159821 64.397560 9.469456
v  33.934868 63.892853 7.272267
v  36.058685 61.693336 6.443530
v  34.617912 63.231083 5.250034
v  33.049232 65.561691 5.975669
v  33.670891 65.056107 4.176603
v  35.986404 63.134338 3.360610
v  34.558876 64.669769 2.107678
v  32.698723 66.923225 2.967438
v  33.464516 66.551804 0.939942
v  35.374435 64.172615 0.067718
v  34.511887 66.148323 -1.008341
v  32.205620 68.384819 -0.238287
v  33.056938 68.074020 -2.303796
v  35.138107 65.396988 -3.243083
v  33.819344 67.502281 -4.514635
v  31.940672 70.459106 -3.396563
v  32.433044 69.985657 -5.906264
v  34.207695 66.571533 -6.725976
v  32.479126 69.015755 -7.960465
v  30.379345 71.850677 -6.889696
v  30.542093 70.925461 -8.934855
v  32.399460 67.461105 -9.963595
v  30.546825 69.427803 -10.867297
v  28.936396 72.492630 -9.679887
v  28.939138 71.018707 -11.640550
v  30.242464 67.543579 -12.605796
v  28.681517 69.300034 -13.498853
v  27.169146 72.408051 -12.159022
v  27.351017 71.069305 -14.301542
v  26.840052 69.362289 -16.051819
v  25.891180 72.815964 -14.854814
v  25.839748 71.397095 -16.963348
v  24.717880 69.669342 -18.747433
v  24.165482 73.225342 -17.501968
v  23.243155 71.687691 -19.326626
v  23.261593 76.721954 -16.370464
v  24.652128 74.735794 -15.536960
v  22.589388 74.857620 -17.841873
v  21.763126 73.299057 -19.491886
v  23.412018 78.350082 -14.265109
v  24.861397 76.243851 -13.461106
v  25.942106 74.334648 -12.921937
v  24.475399 77.256546 -11.304286
v  25.729340 75.565369 -10.741769
v  27.343016 74.100655 -10.254977
v  25.463469 76.379303 -8.631460
v  26.965593 75.010544 -8.122886
v  28.656166 73.561752 -7.587378
v  26.487883 75.721085 -5.579370
v  28.267330 74.182953 -4.991674
v  30.000956 72.261047 -4.339650
v  27.742485 74.453857 -2.362177
v  29.604048 72.471222 -1.763411
v  30.868946 70.259460 -1.137154
v  28.885019 72.635452 0.375626
v  30.292044 70.535973 0.822811
v  31.573217 68.816170 1.664615
v  29.662235 71.119858 3.063510
v  30.930950 69.293167 3.943099
v  32.000851 67.435638 4.960353
v  30.525780 70.084351 6.070951
v  31.590954 68.225243 7.089891
v  32.479004 66.344368 8.322766
v  30.653149 68.917671 9.367826
v  31.455103 66.884964 10.460006
v  31.906414 64.808044 11.438219
v  30.458796 67.511780 12.371778
v  31.118507 65.552872 13.473554
v  31.775120 64.239662 14.458556
v  30.106827 66.559128 15.844401
v  30.624640 65.166962 16.828274
v  31.212950 63.814468 18.107311
v  29.169180 66.029839 18.976742
v  29.586164 64.738846 20.125332
v  30.336250 63.459534 21.820503
v  31.809654 62.473053 19.661396
v  30.605482 61.788933 23.523487
v  28.421934 63.960449 24.004768
v  28.555769 62.264038 25.261955
v  26.320116 64.108948 25.492989
v  26.482615 62.486259 26.784275
v  23.822849 62.408257 27.920937
v  28.147678 65.799347 22.372112
v  21.247799 78.362846 -16.799297
v  15.646614 75.347275 -20.347549
v  16.735598 60.976631 33.799839
v  -21.106316 60.806183 -39.342663
v  -21.744455 62.621124 -38.296200
v  -19.893627 62.048401 -38.884380
v  -20.658459 64.057236 -38.237484
v  -18.911737 63.430508 -38.473850
v  -22.158245 64.824089 -37.314762
v  -22.153620 67.304703 -35.871754
v  7.135182 68.442581 -25.369724
v  9.397645 67.279175 -25.236038
v  11.619543 65.923874 -25.178459
v  13.818381 64.445343 -25.119568
v  16.587046 59.666214 -28.323566
v  18.305099 57.696400 -28.065216
v  18.232218 57.574577 -28.619366
v  19.572800 55.445652 -28.389790
v  19.435381 55.268806 -28.795486
v  20.517534 53.292725 -28.379444
v  20.623253 53.137524 -28.860558
v  21.735119 51.390751 -28.446980
v  20.591284 53.587421 -28.110092
v  20.787924 53.761162 -27.785007
v  19.653893 55.635155 -28.023853
v  24.918987 47.297867 -25.863083
v  24.419867 47.333740 -26.433151
v  25.519253 44.762138 -25.900177
v  25.169222 44.628590 -26.402561
v  25.019899 44.625175 -26.846676
v  25.855137 41.916542 -26.126892
v  25.749084 41.748154 -26.493752
v  25.729704 41.596714 -26.916592
v  24.884895 44.557171 -27.286469
v  25.812508 41.411186 -27.448723
v  24.877089 44.208282 -27.836651
v  26.751984 38.962700 -26.660931
v  26.779253 38.712315 -27.275032
v  27.680300 36.313892 -26.318966
v  27.623325 35.975075 -26.946030
v  28.529600 33.653534 -25.909695
v  28.243530 33.184669 -26.404938
v  29.117142 30.881355 -25.252861
v  28.734371 30.329231 -25.689583
v  29.367764 28.249519 -24.217949
v  28.857872 27.541355 -24.855774
v  29.731142 25.734676 -22.997913
v  29.477205 24.757954 -24.051540
v  30.579737 23.325090 -22.070553
v  30.109503 21.967024 -23.193504
v  31.371309 21.049379 -21.028091
v  30.787653 19.513687 -22.218189
v  32.475777 19.100973 -19.961212
v  32.008888 17.408102 -21.182869
v  34.156151 17.473539 -19.007874
v  33.526138 15.516747 -20.085571
v  33.141808 20.731295 -18.880474
v  34.726044 19.330765 -17.817432
v  36.352676 17.926260 -16.274628
v  35.394287 20.947657 -16.976311
v  37.063087 19.577894 -15.793457
v  38.390900 18.527567 -14.236519
v  37.908585 21.719332 -15.272923
v  39.587051 20.801840 -13.993472
v  41.155571 20.026667 -12.326528
v  40.245300 23.450535 -13.031461
v  41.619911 22.779261 -11.472764
v  42.913292 22.201218 -9.749368
v  41.424149 25.306999 -10.313062
v  42.957428 24.827549 -8.886014
v  44.010887 24.279015 -7.199365
v  42.598763 27.241016 -7.884936
v  43.879646 26.795597 -6.406200
v  44.819504 26.337862 -4.775557
v  43.840523 29.061115 -5.734991
v  44.960678 28.488045 -4.213621
v  45.961090 28.082455 -2.685705
v  45.300468 30.366901 -3.951360
v  46.349510 30.104908 -2.470392
v  47.425240 29.991333 -1.176568
v  47.009735 32.397083 -2.436884
v  47.842422 32.364338 -0.827231
v  48.942024 32.316265 0.410511
v  48.549789 34.736477 -0.853086
v  49.414276 34.689449 0.575630
v  49.956276 34.711040 1.949133
v  49.679230 37.237167 0.598594
v  50.453835 37.348278 1.907733
v  50.916748 37.454777 3.392519
v  49.708084 39.870934 2.313234
v  50.405136 40.358273 3.566013
v  50.730598 40.602787 4.954857
v  49.853844 42.708992 3.393256
v  50.082687 43.188736 4.929051
v  49.011993 44.865879 2.840470
v  49.210075 45.478115 4.426184
v  48.099091 47.333321 3.556753
v  47.738235 46.559357 1.932233
v  46.448257 48.817909 2.342778
v  46.443375 47.861343 0.764617
v  48.392731 44.067776 1.472338
v  47.263985 45.639519 0.525470
v  46.007637 46.824730 -0.630781
v  45.173347 49.290325 -0.714061
v  44.794746 48.028412 -2.132064
v  46.658699 44.709232 -0.644514
v  45.455498 45.793842 -1.804202
v  44.036926 46.852127 -3.131961
v  43.141113 49.269543 -3.390897
v  42.610077 47.994793 -4.421409
v  44.707687 44.723938 -2.684164
v  43.531769 45.705856 -4.082825
v  42.453156 46.690090 -5.593731
v  41.514458 49.161873 -5.950942
v  41.309105 47.757446 -7.191185
v  43.411842 44.373428 -5.354842
v  42.284966 45.270592 -6.817852
v  41.257629 46.278339 -8.503703
v  40.227478 48.986206 -9.075497
v  39.766647 47.315186 -10.143574
v  41.990204 43.625191 -8.026192
v  40.925491 44.497925 -9.603532
v  39.624779 45.520340 -11.286795
v  38.071236 48.360184 -11.795332
v  37.851181 46.546516 -12.644913
v  40.652771 42.681438 -10.571239
v  39.281494 43.635193 -11.967421
v  37.517715 44.617596 -13.043997
v  39.138649 41.683632 -12.818245
v  37.914185 42.719669 -14.116119
v  36.419678 43.879528 -15.225437
v  37.552238 40.652740 -14.579917
v  36.423019 41.643173 -15.730612
v  35.284409 42.872227 -16.967003
v  36.044075 39.600601 -16.041847
v  34.824295 40.586224 -16.950867
v  33.935814 41.465004 -18.362335
v  34.505562 38.514008 -17.417889
v  33.442200 39.466339 -18.247807
v  32.717079 40.235664 -19.267963
v  33.155968 37.732056 -18.507561
v  32.239281 38.590542 -19.422760
v  32.956902 35.793079 -19.232430
v  31.834312 37.092690 -20.192657
v  30.890228 38.221767 -21.252579
v  29.876385 39.681843 -22.366390
v  31.598568 35.595032 -21.144432
v  30.502146 36.974987 -22.086887
v  29.341476 38.744225 -23.168697
v  28.691021 41.576118 -23.226089
v  27.914064 40.840916 -23.860546
v  30.037418 35.948082 -22.906750
v  28.817139 38.122402 -23.791828
v  27.502396 40.307293 -24.496384
v  26.789215 43.054852 -24.283573
v  26.265768 42.564823 -24.994667
v  28.412895 37.541348 -24.512524
v  27.208393 39.862362 -25.114326
v  26.042032 42.182617 -25.668785
v  26.016775 45.058247 -25.237923
v  26.967478 39.491993 -25.664921
v  28.078691 37.035782 -25.179947
v  27.799232 36.636452 -25.770527
v  26.805883 39.205521 -26.155144
v  29.155216 34.527241 -24.678745
v  28.665878 34.007828 -25.385551
v  29.895426 32.181648 -23.786758
v  29.473515 31.527239 -24.650112
v  30.469482 29.832325 -22.839142
v  29.820885 29.030197 -23.540848
v  31.005074 27.517191 -21.803848
v  30.305048 26.597794 -22.260624
v  31.748674 25.485283 -20.654690
v  31.004335 24.494358 -21.180069
v  32.720375 23.723557 -19.343792
v  31.904945 22.465855 -19.964085
v  33.999130 22.186695 -18.158230
v  33.892578 25.208340 -18.812134
v  35.000473 23.816694 -17.436317
v  36.378441 22.757038 -16.294144
v  36.061440 25.941389 -16.518108
v  37.308113 25.003498 -15.532012
v  38.775581 24.175209 -14.324563
v  37.407013 27.158630 -14.191671
v  38.970482 26.399559 -13.119375
v  40.167099 25.825321 -11.728511
v  38.982407 28.581764 -12.328423
v  40.477654 27.899200 -10.958032
v  41.453110 27.671036 -9.501978
v  40.813873 30.284536 -10.492684
v  41.457603 29.812130 -8.667353
v  42.418274 29.463734 -7.097292
v  41.865730 31.871948 -8.437210
v  42.868530 31.357216 -6.803897
v  44.094002 30.854385 -5.385954
v  43.814819 33.469212 -6.734828
v  44.786232 33.058975 -5.179408
v  45.645172 32.720108 -3.521268
v  45.100357 35.272957 -4.636912
v  46.125435 34.986588 -3.306159
v  47.416306 34.820236 -2.142011
v  46.172836 36.945667 -2.575425
v  47.189499 36.966351 -1.401806
v  48.122047 37.012760 -0.145998
v  48.012543 39.058418 -0.050703
v  49.067886 39.496681 0.983698
v  47.637230 40.859943 -0.279848
v  48.543327 41.551346 0.769132
v  49.270126 42.148621 2.098379
v  47.508606 43.223988 0.394508
v  46.713669 42.299381 -0.541024
v  45.916512 43.674461 -1.610806
v  45.376625 42.382965 -2.620164
v  44.688553 43.391350 -4.030212
v  44.948715 40.926941 -3.624601
v  44.125565 41.712330 -5.037632
v  43.133026 42.617378 -6.549809
v  43.679260 39.979420 -5.976246
v  42.797699 40.792969 -7.472546
v  41.744804 41.735912 -9.032235
v  42.611389 38.962875 -8.410228
v  41.864998 39.862362 -10.112585
v  40.699196 40.766300 -11.674852
v  41.738655 37.747662 -11.177567
v  40.350998 38.671169 -12.488425
v  38.877831 39.597401 -13.535199
v  39.643028 36.385757 -12.769907
v  38.366348 37.443741 -13.810570
v  37.023773 38.512321 -14.759889
v  37.965637 35.142818 -14.207356
v  36.768692 36.304676 -15.353480
v  35.717461 37.526142 -16.488209
v  36.460892 33.913895 -15.713014
v  35.204224 35.226410 -16.684555
v  34.281578 36.548347 -17.852005
v  34.744049 32.860741 -17.135651
v  33.912979 34.331211 -18.188698
v  34.376259 30.692118 -17.780163
v  33.856033 32.272720 -19.203144
v  32.589775 33.878395 -20.116638
v  33.074356 30.432783 -20.208305
v  32.061508 32.180214 -21.039581
v  31.139534 34.057339 -22.083408
v  31.213072 30.877457 -21.917301
v  30.427197 32.987156 -22.944763
v  29.580099 35.202927 -23.863144
v  32.197166 28.804943 -21.286774
v  34.162338 28.649632 -19.164188
v  32.972435 26.763836 -20.066410
v  35.131989 27.174702 -17.923874
v  35.645271 29.302063 -16.808983
v  36.421242 28.057659 -15.429779
v  35.977058 31.538979 -16.107395
v  37.044037 30.453711 -14.970036
v  37.867523 29.363392 -13.567378
v  37.447105 32.745361 -14.539976
v  38.494415 31.757298 -13.392770
v  39.644554 30.888325 -11.947744
v  39.130981 34.119076 -13.130143
v  40.138641 33.206448 -11.625834
v  41.137894 32.374958 -10.024003
v  41.046700 35.415459 -11.605433
v  42.285278 34.525181 -10.201780
v  42.825790 33.929192 -8.215440
v  42.662415 36.918320 -9.397625
v  43.167213 36.196373 -7.613181
v  44.181183 35.610630 -6.075473
v  43.471436 38.186363 -6.852331
v  44.115532 37.562294 -5.204306
v  45.013550 37.114059 -3.766283
v  44.763649 39.345207 -4.618788
v  26.623901 45.441341 -24.484692
v  25.608198 47.463837 -25.241238
v  27.553089 43.665817 -23.415222
v  -45.080025 36.360458 -30.939663
v  -44.511452 39.420647 -31.666946
v  -44.885742 36.661289 -29.098915
v  -44.964478 39.750404 -29.643612
v  -44.068703 42.515488 -30.221493
v  -45.151764 39.677914 -27.831715
v  -44.547150 42.541779 -28.005581
v  -43.773628 45.172089 -27.866493
v  -45.158096 42.249405 -25.758739
v  -44.231415 44.789326 -25.398735
v  -44.847870 44.127438 -23.186611
v  -44.764664 45.623230 -20.429169
v  -2.834103 67.724609 31.375980
v  -2.334593 65.969154 31.561893
v  -3.585721 65.310104 31.385647
v  -3.592070 62.503876 30.813225
v  -2.336350 61.706886 31.744175
v  -0.727273 61.585625 32.049320
v  0.516444 62.564804 32.592281
v  0.586744 61.572628 32.777729
v  1.098049 64.142654 33.184788
v  0.039750 63.701675 32.643833
v  1.543226 62.844162 33.392994
v  1.651188 61.680843 33.541882
v  2.425853 63.163246 34.208546
v  2.429401 61.768112 34.662739
v  1.875171 64.796234 33.993404
v  -43.910126 25.564873 -18.407730
v  -44.786072 25.233337 -16.656326
v  -47.143173 27.444698 -17.077915
v  -45.623398 24.885098 -14.497166
v  -48.284317 27.184336 -14.749178
v  -50.711906 29.274780 -15.235250
v  -51.713226 29.737267 -12.444236
v  -52.621025 32.299847 -12.494756
v  -52.505203 30.707850 -9.449206
v  -53.601593 33.068878 -9.854869
v  -52.761040 35.474854 -9.981341
v  -53.772758 34.468273 -6.851363
v  -53.230316 36.642506 -7.163676
v  -51.635712 38.482452 -7.294987
v  -52.604393 37.845161 -4.201268
v  -51.568626 39.663177 -4.655164
v  -49.995102 41.338459 -5.104498
v  -51.161247 41.141903 -1.993255
v  -49.878067 42.765930 -2.731978
v  -48.315620 44.497704 -3.487305
v  -49.178436 44.568695 -0.199452
v  -47.613419 45.919399 -1.171893
v  -48.649918 47.111141 2.399169
v  -46.689552 47.862556 1.029258
v  -49.733795 45.800373 3.742474
v  -50.707611 43.377434 0.750798
v  -50.498650 44.248463 4.795375
v  -51.680496 42.121246 1.523499
v  -52.059692 39.737358 -1.393636
v  -52.269478 40.440056 2.448086
v  -53.215218 38.190681 -0.724227
v  -53.794472 36.103497 -3.911200
v  -53.103134 36.182827 -0.102863
v  -53.314247 33.977879 -3.405151
v  -52.885704 32.225803 -6.439749
v  -52.265457 31.991947 -3.002823
v  -42.750389 22.495464 -14.617856
v  -39.932007 19.607172 -13.687090
v  -40.469292 18.784048 -12.337470
v  -40.920685 17.823866 -11.079627
v  -43.608559 19.217285 -7.864109
v  -16.189070 6.522829 -8.969978
v  -18.118628 6.970253 -8.618832
v  -18.565096 6.210619 -8.195937
v  -20.404634 6.529156 -7.895334
v  -19.219101 5.141155 -7.678892
v  -20.948389 5.527014 -7.236367
v  -22.734417 5.728243 -6.850566
v  -21.717749 4.076477 -6.101996
v  -23.534719 4.525124 -5.750871
v  -25.591330 4.940018 -5.474879
v  -24.086876 3.307827 -4.382306
v  -26.051119 4.121281 -3.943693
v  -28.238888 4.916325 -3.642366
v  -26.208136 3.731247 -2.037723
v  -28.295208 4.451740 -1.796808
v  -30.436806 4.794617 -1.854550
v  -28.313824 3.378445 -0.053770
v  -30.322363 3.852318 0.035434
v  -30.607723 2.787422 1.716902
v  -8.070663 6.071739 -12.704883
v  -4.536042 2.118782 -1.841857
v  -6.066215 0.940098 0.504902
v  -6.372337 1.695595 -1.261486
v  -8.250896 0.405640 0.935478
v  -8.368437 0.953136 -0.977851
v  -10.423806 0.000000 1.363233
v  -10.352724 0.142639 -0.636445
v  -12.714012 0.000000 1.842848
v  -12.736599 0.092270 -0.135895
v  -14.904909 0.000000 2.286501
v  -12.775382 0.000000 3.791445
v  -14.842634 0.000000 4.269423
v  -16.986036 0.000000 4.696399
v  -14.970537 0.000000 6.322223
v  -16.901447 0.000000 6.939105
v  -18.948189 0.000000 7.278506
v  -16.904425 0.000000 9.182424
v  -18.740248 0.000000 9.657945
v  -20.868359 0.000000 10.218992
v  -18.663351 0.000000 11.774250
v  -21.078941 0.094204 12.448749
v  -23.661057 0.604385 12.935629
v  -21.089155 0.936554 14.289393
v  -23.710978 1.648911 14.710898
v  -26.217398 3.038158 14.693645
v  -23.741137 2.426903 16.282131
v  -26.132084 3.914875 16.227585
v  -28.651567 4.960728 16.129772
v  -26.065889 4.181587 17.579243
v  -28.623281 5.136543 17.482693
v  -30.846010 6.670588 17.092651
v  -28.412500 5.226639 18.468182
v  -31.151800 6.237183 18.183777
v  -33.447708 8.143976 17.899933
v  -31.026815 6.374928 19.130005
v  -33.258789 8.566856 18.653969
v  -35.525742 10.340694 18.126835
v  -33.178215 8.724817 19.415764
v  -35.403519 10.706863 18.770248
v  -37.436691 12.717157 18.187313
v  -35.398521 10.857931 19.642696
v  -37.122795 13.234013 18.869846
v  -38.517929 15.561148 18.146954
v  -36.733932 13.704771 19.804241
v  -37.875923 16.049501 18.936882
v  -39.423248 18.183819 18.821613
v  -37.042381 16.518484 19.688454
v  -38.202927 18.710909 19.453434
v  -39.172592 21.053835 19.452904
v  -36.801643 19.162207 20.126110
v  -37.290985 21.701607 19.814564
v  -38.510246 23.848801 20.511040
v  -35.828766 21.849709 20.655136
v  -37.239403 23.822525 21.689117
v  -38.591042 26.096830 23.025532
v  -35.879036 23.842997 22.742588
v  -36.713882 26.277685 24.048969
v  -36.747337 28.946815 24.734550
v  -35.142105 26.047169 25.214275
v  -35.192726 28.570492 26.115955
v  -34.892731 31.124588 27.070286
v  -33.603226 27.794266 27.686836
v  -33.114067 30.337894 28.779797
v  -31.562456 26.865471 28.919247
v  -29.708122 24.045464 28.063789
v  -31.546980 24.741928 27.379749
v  -33.568413 25.405127 26.498058
v  -34.728554 23.630735 24.164547
v  -33.968925 21.592117 23.197556
v  -34.809731 21.848816 21.568531
v  -32.723206 19.814064 22.378403
v  -33.763153 19.877686 20.931717
v  -35.357010 19.576918 20.501259
v  -33.031609 17.803650 21.044258
v  -34.568352 17.295492 20.757065
v  -36.079788 16.841732 20.516678
v  -33.527626 15.227003 21.018421
v  -34.665451 14.816259 20.733982
v  -35.800148 14.343084 20.505886
v  -32.962173 12.701431 20.720623
v  -33.866776 12.159740 21.195229
v  -34.890671 11.356800 20.707695
v  -31.653494 10.335201 21.367073
v  -32.404892 9.604366 21.031528
v  -32.927589 9.032564 20.243786
v  -29.977718 8.075974 21.771172
v  -30.737360 6.987265 21.115177
v  -30.950476 6.589634 20.008488
v  -27.714001 5.747419 21.098854
v  -28.021809 5.372295 20.068817
v  -28.226482 5.261295 19.259254
v  -25.374903 4.463959 20.119675
v  -25.622074 4.370609 19.435574
v  -25.888161 4.264877 18.644009
v  -22.983683 3.766315 19.264610
v  -23.152485 3.610065 18.538929
v  -23.509987 3.072044 17.638039
v  -20.712406 2.655777 18.460533
v  -20.969362 1.988701 17.386276
v  -21.083801 1.542866 15.907191
v  -18.505066 1.084461 17.101772
v  -18.737858 0.318871 15.630445
v  -18.795967 0.000000 13.897437
v  -16.283567 0.000000 15.111562
v  -16.426998 0.000000 13.319387
v  -16.687393 0.000000 11.386242
v  -14.464643 0.000000 12.896684
v  -14.689028 0.000000 10.874957
v  -14.902721 0.000000 8.628860
v  -12.633881 0.000000 10.402382
v  -12.773282 0.000000 8.036944
v  -12.789272 0.000000 5.838965
v  -10.643396 0.000000 7.576259
v  -10.671365 0.000000 5.383378
v  -10.562533 0.000000 3.245821
v  -8.503731 0.000000 5.080967
v  -8.272694 0.000000 2.912812
v  -8.865062 0.291893 7.192489
v  -8.684938 0.000000 9.247706
v  -10.583497 0.000000 9.793453
v  -10.553694 0.000000 11.795492
v  -12.518999 0.000000 12.404490
v  -10.197884 0.000000 13.731406
v  -12.313015 0.000000 14.224162
v  -14.302609 0.000000 14.643920
v  -12.086610 0.000000 15.884448
v  -14.084124 0.000000 16.290012
v  -16.087845 0.438549 16.638741
v  -13.882610 0.092903 17.398453
v  -15.944460 0.949951 17.725571
v  -18.293949 1.780537 18.137142
v  -16.025908 1.155647 18.747746
v  -18.180023 2.176289 19.073891
v  -20.499411 3.136471 19.103317
v  -18.034891 2.626751 19.692890
v  -20.345560 3.388081 19.723957
v  -22.776550 4.029694 19.935017
v  -20.216408 3.601067 20.461552
v  -22.584608 4.438873 20.494564
v  -25.117950 4.854359 21.006283
v  -22.375025 5.008614 21.103031
v  -24.807798 5.780825 21.642269
v  -27.235262 6.684301 21.891541
v  -24.454227 6.674175 21.744793
v  -26.810480 7.599504 22.029541
v  -29.331730 8.917366 21.626160
v  -26.471346 8.264381 22.080231
v  -28.837742 9.558491 21.494900
v  -30.957949 10.960794 21.161896
v  -28.248478 10.241055 21.501873
v  -30.160118 11.599960 21.276371
v  -31.941290 13.324778 20.896957
v  -29.037966 12.651142 21.449482
v  -30.731483 14.173817 21.332073
v  -31.912046 15.958334 21.043377
v  -28.922976 15.379677 21.731125
v  -30.231060 16.779882 21.544689
v  -31.497408 18.228662 21.830372
v  -29.118069 17.429907 23.453320
v  -30.355690 18.749802 23.514412
v  -28.034378 18.524549 25.724361
v  -29.311373 19.835648 25.332649
v  -28.424675 21.419247 26.918720
v  -27.586048 16.380791 23.196156
v  -27.512167 14.080776 22.104507
v  -27.291470 11.202984 21.897655
v  -26.071272 8.933607 21.960781
v  -24.126106 7.332878 21.767414
v  -22.120625 5.693645 21.570137
v  -19.990667 4.318958 20.891655
v  -17.824499 3.171684 20.195820
v  -15.964766 1.664425 19.696392
v  -13.957256 0.087837 18.485199
v  -11.913407 0.000000 17.118340
v  -10.058806 0.000000 15.329288
# 6533 vertices

vt 0.563986 0.231289 0.000000
vt 0.556309 0.229881 0.000000
vt 0.555386 0.232369 0.000000
vt 0.559187 0.233941 0.000000
vt 0.551104 0.236252 0.000000
vt 0.548377 0.233503 0.000000
vt 0.546286 0.229980 0.000000
vt 0.278350 0.262356 0.000000
vt 0.268266 0.259505 0.000000
vt 0.254575 0.278071 0.000000
vt 0.268215 0.277332 0.000000
vt 0.233906 0.286039 0.000000
vt 0.239802 0.291581 0.000000
vt 0.245889 0.271631 0.000000
vt 0.258787 0.255885 0.000000
vt 0.261916 0.290224 0.000000
vt 0.252300 0.291771 0.000000
vt 0.242966 0.299022 0.000000
vt 0.888410 0.757897 0.000000
vt 0.875809 0.771052 0.000000
vt 0.876682 0.785650 0.000000
vt 0.893686 0.763586 0.000000
vt 0.900775 0.766482 0.000000
vt 0.886903 0.789173 0.000000
vt 0.873223 0.811495 0.000000
vt 0.864168 0.809473 0.000000
vt 0.862890 0.778557 0.000000
vt 0.860423 0.792293 0.000000
vt 0.853556 0.808689 0.000000
vt 0.104800 0.364417 0.000000
vt 0.105573 0.383463 0.000000
vt 0.113617 0.372352 0.000000
vt 0.111679 0.353337 0.000000
vt 0.115074 0.396691 0.000000
vt 0.119135 0.375541 0.000000
vt 0.109856 0.400293 0.000000
vt 0.104297 0.406068 0.000000
vt 0.124952 0.358275 0.000000
vt 0.121950 0.351159 0.000000
vt 0.119353 0.339734 0.000000
vt 0.806704 0.855928 0.000000
vt 0.805462 0.847486 0.000000
vt 0.801002 0.852609 0.000000
vt 0.799545 0.859799 0.000000
vt 0.799727 0.843967 0.000000
vt 0.796127 0.851955 0.000000
vt 0.792891 0.861046 0.000000
vt 0.767748 0.772005 0.000000
vt 0.758618 0.772518 0.000000
vt 0.747102 0.789711 0.000000
vt 0.761443 0.786372 0.000000
vt 0.757482 0.799803 0.000000
vt 0.744645 0.804401 0.000000
vt 0.751979 0.770512 0.000000
vt 0.740600 0.783360 0.000000
vt 0.731123 0.810531 0.000000
vt 0.730251 0.800781 0.000000
vt 0.727306 0.793521 0.000000
vt 0.567049 0.731814 0.000000
vt 0.579414 0.723361 0.000000
vt 0.577009 0.721511 0.000000
vt 0.564592 0.730573 0.000000
vt 0.570154 0.722171 0.000000
vt 0.567659 0.725469 0.000000
vt 0.580426 0.716791 0.000000
vt 0.561341 0.730568 0.000000
vt 0.336000 0.788180 0.000000
vt 0.332688 0.774256 0.000000
vt 0.314736 0.765881 0.000000
vt 0.322817 0.785293 0.000000
vt 0.310981 0.783314 0.000000
vt 0.302050 0.765703 0.000000
vt 0.290406 0.748691 0.000000
vt 0.298472 0.747477 0.000000
vt 0.333102 0.763159 0.000000
vt 0.318590 0.755230 0.000000
vt 0.304798 0.743529 0.000000
vt 0.285314 0.820722 0.000000
vt 0.283959 0.835040 0.000000
vt 0.307714 0.847438 0.000000
vt 0.301751 0.827458 0.000000
vt 0.280631 0.848133 0.000000
vt 0.300029 0.859911 0.000000
vt 0.318249 0.831222 0.000000
vt 0.328728 0.848106 0.000000
vt 0.346019 0.864572 0.000000
vt 0.331640 0.867700 0.000000
vt 0.322498 0.874553 0.000000
vt 0.836703 0.293752 0.000000
vt 0.853283 0.302273 0.000000
vt 0.848536 0.290829 0.000000
vt 0.829318 0.282079 0.000000
vt 0.869587 0.311781 0.000000
vt 0.870216 0.304052 0.000000
vt 0.817959 0.267903 0.000000
vt 0.832358 0.270419 0.000000
vt 0.660331 0.175737 0.000000
vt 0.637974 0.167490 0.000000
vt 0.643441 0.173859 0.000000
vt 0.658531 0.181500 0.000000
vt 0.649361 0.184490 0.000000
vt 0.632537 0.173991 0.000000
vt 0.618137 0.164524 0.000000
vt 0.520866 0.339946 0.000000
vt 0.519885 0.333751 0.000000
vt 0.514521 0.335579 0.000000
vt 0.513209 0.340243 0.000000
vt 0.516532 0.328461 0.000000
vt 0.510421 0.332894 0.000000
vt 0.506102 0.338617 0.000000
vt 0.670191 0.320817 0.000000
vt 0.675523 0.311880 0.000000
vt 0.664133 0.302596 0.000000
vt 0.661791 0.315214 0.000000
vt 0.652002 0.311303 0.000000
vt 0.650223 0.300355 0.000000
vt 0.683942 0.304686 0.000000
vt 0.675769 0.295968 0.000000
vt 0.646154 0.289317 0.000000
vt 0.657487 0.289396 0.000000
vt 0.668699 0.286573 0.000000
vt 0.246458 0.305139 0.000000
vt 0.251629 0.299065 0.000000
vt 0.257336 0.300421 0.000000
vt 0.252314 0.309193 0.000000
vt 0.730916 0.500430 0.000000
vt 0.732955 0.508307 0.000000
vt 0.745409 0.501408 0.000000
vt 0.739448 0.491800 0.000000
vt 0.761059 0.496303 0.000000
vt 0.752702 0.489693 0.000000
vt 0.757709 0.505258 0.000000
vt 0.756045 0.513314 0.000000
vt 0.744620 0.512652 0.000000
vt 0.733361 0.516029 0.000000
vt 0.746336 0.482184 0.000000
vt 0.175746 0.172316 0.000000
vt 0.152049 0.198908 0.000000
vt 0.169434 0.208181 0.000000
vt 0.192575 0.179332 0.000000
vt 0.193058 0.219856 0.000000
vt 0.200418 0.200997 0.000000
vt 0.167945 0.230721 0.000000
vt 0.213939 0.180969 0.000000
vt 0.125387 0.222230 0.000000
vt 0.137666 0.232289 0.000000
vt 0.144133 0.246424 0.000000
vt 0.871258 0.945167 0.000000
vt 0.885456 0.938930 0.000000
vt 0.877942 0.930519 0.000000
vt 0.867291 0.932102 0.000000
vt 0.894623 0.926901 0.000000
vt 0.881606 0.920684 0.000000
vt 0.868018 0.918619 0.000000
vt 0.592576 0.403677 0.000000
vt 0.587128 0.402190 0.000000
vt 0.585304 0.406401 0.000000
vt 0.588096 0.408939 0.000000
vt 0.581239 0.401694 0.000000
vt 0.580924 0.407513 0.000000
vt 0.582592 0.412597 0.000000
vt 0.806357 0.895864 0.000000
vt 0.822487 0.871970 0.000000
vt 0.814762 0.864683 0.000000
vt 0.798379 0.890290 0.000000
vt 0.838146 0.850023 0.000000
vt 0.831723 0.843545 0.000000
vt 0.826270 0.835432 0.000000
vt 0.815832 0.848091 0.000000
vt 0.790456 0.887168 0.000000
vt 0.802025 0.869903 0.000000
vt 0.135805 0.384925 0.000000
vt 0.133727 0.393369 0.000000
vt 0.136738 0.395109 0.000000
vt 0.138947 0.390663 0.000000
vt 0.132474 0.404184 0.000000
vt 0.136950 0.402971 0.000000
vt 0.140841 0.399511 0.000000
vt 0.685928 0.493290 0.000000
vt 0.682199 0.502339 0.000000
vt 0.685744 0.504244 0.000000
vt 0.689576 0.498538 0.000000
vt 0.691426 0.504800 0.000000
vt 0.685307 0.509701 0.000000
vt 0.679611 0.510187 0.000000
vt 0.127594 0.404485 0.000000
vt 0.122884 0.406006 0.000000
vt 0.122444 0.416407 0.000000
vt 0.125982 0.417520 0.000000
vt 0.123322 0.431847 0.000000
vt 0.119068 0.425931 0.000000
vt 0.118194 0.411418 0.000000
vt 0.102969 0.480842 0.000000
vt 0.109517 0.481807 0.000000
vt 0.112962 0.445789 0.000000
vt 0.105550 0.452325 0.000000
vt 0.107456 0.425581 0.000000
vt 0.112952 0.419439 0.000000
vt 0.120022 0.449812 0.000000
vt 0.117956 0.470343 0.000000
vt 0.100099 0.507700 0.000000
vt 0.104457 0.510697 0.000000
vt 0.108730 0.515990 0.000000
vt 0.112257 0.498188 0.000000
vt 0.118010 0.486931 0.000000
vt 0.668232 0.544244 0.000000
vt 0.663708 0.554107 0.000000
vt 0.672546 0.555765 0.000000
vt 0.677022 0.543889 0.000000
vt 0.663602 0.578854 0.000000
vt 0.674652 0.563957 0.000000
vt 0.660823 0.572581 0.000000
vt 0.688207 0.539952 0.000000
vt 0.686896 0.546736 0.000000
vt 0.686821 0.552938 0.000000
vt 0.656543 0.567306 0.000000
vt 0.622648 0.724657 0.000000
vt 0.624972 0.729439 0.000000
vt 0.631023 0.724609 0.000000
vt 0.631565 0.719600 0.000000
vt 0.629586 0.731977 0.000000
vt 0.635888 0.724403 0.000000
vt 0.639512 0.716439 0.000000
vt 0.591503 0.602751 0.000000
vt 0.586866 0.609583 0.000000
vt 0.590087 0.611527 0.000000
vt 0.594380 0.607621 0.000000
vt 0.595385 0.614470 0.000000
vt 0.589109 0.617219 0.000000
vt 0.583563 0.616984 0.000000
vt 0.053063 0.610240 0.000000
vt 0.043376 0.606567 0.000000
vt 0.048003 0.618784 0.000000
vt 0.055666 0.625635 0.000000
vt 0.033949 0.607220 0.000000
vt 0.043783 0.623491 0.000000
vt 0.054714 0.637867 0.000000
vt 0.559909 0.729128 0.000000
vt 0.558227 0.731274 0.000000
vt 0.570212 0.773872 0.000000
vt 0.577438 0.779657 0.000000
vt 0.586227 0.772808 0.000000
vt 0.581658 0.769484 0.000000
vt 0.601924 0.769166 0.000000
vt 0.593916 0.764386 0.000000
vt 0.597162 0.778951 0.000000
vt 0.589355 0.646231 0.000000
vt 0.583092 0.659457 0.000000
vt 0.594047 0.659405 0.000000
vt 0.599375 0.642600 0.000000
vt 0.610254 0.634155 0.000000
vt 0.609033 0.646253 0.000000
vt 0.609348 0.655933 0.000000
vt 0.596674 0.668764 0.000000
vt 0.574056 0.671763 0.000000
vt 0.580626 0.675673 0.000000
vt 0.584582 0.680878 0.000000
vt 0.523733 0.637909 0.000000
vt 0.528483 0.636838 0.000000
vt 0.528642 0.631964 0.000000
vt 0.525400 0.631170 0.000000
vt 0.533293 0.635772 0.000000
vt 0.531606 0.629296 0.000000
vt 0.528102 0.625717 0.000000
vt 0.526022 0.653008 0.000000
vt 0.533371 0.645695 0.000000
vt 0.528114 0.642535 0.000000
vt 0.523469 0.645381 0.000000
vt 0.522345 0.755483 0.000000
vt 0.521095 0.758099 0.000000
vt 0.531915 0.754655 0.000000
vt 0.538738 0.749304 0.000000
vt 0.521271 0.760409 0.000000
vt 0.536970 0.756241 0.000000
vt 0.547669 0.749365 0.000000
vt 0.503802 0.665325 0.000000
vt 0.511418 0.667746 0.000000
vt 0.516858 0.658770 0.000000
vt 0.507224 0.657577 0.000000
vt 0.518460 0.672513 0.000000
vt 0.524361 0.666626 0.000000
vt 0.509657 0.648838 0.000000
vt 0.516755 0.648020 0.000000
vt 0.531340 0.660967 0.000000
vt 0.259093 0.692788 0.000000
vt 0.254562 0.702868 0.000000
vt 0.267628 0.715269 0.000000
vt 0.268397 0.700906 0.000000
vt 0.251321 0.712412 0.000000
vt 0.262275 0.722844 0.000000
vt 0.286665 0.732316 0.000000
vt 0.279182 0.718437 0.000000
vt 0.278791 0.732804 0.000000
vt 0.277771 0.706538 0.000000
vt 0.272619 0.734835 0.000000
vt 0.393445 0.656211 0.000000
vt 0.399137 0.654615 0.000000
vt 0.396914 0.651221 0.000000
vt 0.392332 0.651036 0.000000
vt 0.392960 0.645810 0.000000
vt 0.398800 0.647868 0.000000
vt 0.403402 0.651372 0.000000
vt 0.433884 0.708758 0.000000
vt 0.434608 0.714259 0.000000
vt 0.439270 0.712321 0.000000
vt 0.440568 0.708255 0.000000
vt 0.438764 0.718347 0.000000
vt 0.443253 0.714298 0.000000
vt 0.446588 0.709330 0.000000
vt 0.410693 0.713000 0.000000
vt 0.415697 0.716758 0.000000
vt 0.424699 0.710593 0.000000
vt 0.418189 0.707605 0.000000
vt 0.436170 0.701827 0.000000
vt 0.429412 0.701590 0.000000
vt 0.427985 0.717393 0.000000
vt 0.421105 0.721537 0.000000
vt 0.423678 0.700506 0.000000
vt 0.416015 0.691971 0.000000
vt 0.410571 0.692657 0.000000
vt 0.411320 0.696861 0.000000
vt 0.414710 0.697905 0.000000
vt 0.410067 0.702701 0.000000
vt 0.406915 0.699327 0.000000
vt 0.404190 0.694444 0.000000
vt 0.440049 0.685209 0.000000
vt 0.441420 0.675211 0.000000
vt 0.432768 0.671066 0.000000
vt 0.433166 0.683818 0.000000
vt 0.431577 0.652753 0.000000
vt 0.426631 0.660492 0.000000
vt 0.437719 0.659883 0.000000
vt 0.420864 0.665773 0.000000
vt 0.424692 0.674553 0.000000
vt 0.444363 0.665218 0.000000
vt 0.426626 0.683878 0.000000
vt 0.564150 0.756673 0.000000
vt 0.560850 0.753347 0.000000
vt 0.555957 0.756621 0.000000
vt 0.556549 0.759401 0.000000
vt 0.765589 0.866678 0.000000
vt 0.766387 0.873153 0.000000
vt 0.771435 0.869594 0.000000
vt 0.772195 0.863820 0.000000
vt 0.778739 0.862363 0.000000
vt 0.775226 0.870603 0.000000
vt 0.768749 0.877419 0.000000
vt 0.750501 0.866538 0.000000
vt 0.744081 0.870755 0.000000
vt 0.746507 0.874856 0.000000
vt 0.751597 0.873158 0.000000
vt 0.751254 0.879377 0.000000
vt 0.744159 0.879375 0.000000
vt 0.738479 0.875825 0.000000
vt 0.717957 0.881422 0.000000
vt 0.706480 0.888157 0.000000
vt 0.716629 0.900073 0.000000
vt 0.726251 0.889171 0.000000
vt 0.737908 0.892399 0.000000
vt 0.735895 0.900952 0.000000
vt 0.691031 0.893681 0.000000
vt 0.695974 0.905788 0.000000
vt 0.699882 0.918522 0.000000
vt 0.719159 0.914493 0.000000
vt 0.737413 0.910909 0.000000
vt 0.775808 0.952482 0.000000
vt 0.790008 0.946422 0.000000
vt 0.789778 0.922524 0.000000
vt 0.770134 0.936225 0.000000
vt 0.764232 0.923469 0.000000
vt 0.781676 0.910001 0.000000
vt 0.802528 0.943077 0.000000
vt 0.804755 0.921941 0.000000
vt 0.815337 0.899146 0.000000
vt 0.721792 0.755525 0.000000
vt 0.729131 0.750064 0.000000
vt 0.726834 0.747105 0.000000
vt 0.721283 0.749268 0.000000
vt 0.722784 0.741442 0.000000
vt 0.729578 0.741027 0.000000
vt 0.734878 0.742335 0.000000
vt 0.546333 0.649385 0.000000
vt 0.541846 0.641360 0.000000
vt 0.538757 0.655131 0.000000
vt 0.538906 0.633002 0.000000
vt 0.502469 0.680280 0.000000
vt 0.498683 0.686426 0.000000
vt 0.503458 0.687043 0.000000
vt 0.507663 0.683271 0.000000
vt 0.510770 0.688397 0.000000
vt 0.503627 0.691735 0.000000
vt 0.496279 0.693200 0.000000
vt 0.446443 0.818603 0.000000
vt 0.450351 0.812595 0.000000
vt 0.441904 0.811549 0.000000
vt 0.436105 0.814906 0.000000
vt 0.449931 0.806087 0.000000
vt 0.438412 0.806881 0.000000
vt 0.427745 0.809375 0.000000
vt 0.234147 0.818880 0.000000
vt 0.218394 0.805782 0.000000
vt 0.213043 0.809936 0.000000
vt 0.229363 0.831444 0.000000
vt 0.186976 0.797654 0.000000
vt 0.194891 0.794535 0.000000
vt 0.201081 0.790674 0.000000
vt 0.867853 0.722844 0.000000
vt 0.865934 0.730199 0.000000
vt 0.870102 0.730053 0.000000
vt 0.872605 0.725270 0.000000
vt 0.876738 0.728911 0.000000
vt 0.872024 0.734205 0.000000
vt 0.866211 0.737316 0.000000
vt 0.261385 0.731049 0.000000
vt 0.269190 0.737199 0.000000
vt 0.282613 0.748649 0.000000
vt 0.274801 0.747276 0.000000
vt 0.265278 0.743082 0.000000
vt 0.084554 0.406002 0.000000
vt 0.084033 0.392835 0.000000
vt 0.080271 0.396838 0.000000
vt 0.079096 0.406804 0.000000
vt 0.080961 0.381738 0.000000
vt 0.076477 0.391075 0.000000
vt 0.072714 0.403356 0.000000
vt 0.885112 0.714849 0.000000
vt 0.889488 0.717450 0.000000
vt 0.891782 0.711566 0.000000
vt 0.889569 0.707952 0.000000
vt 0.895355 0.701089 0.000000
vt 0.896461 0.708420 0.000000
vt 0.895169 0.717070 0.000000
vt 0.286464 0.711016 0.000000
vt 0.287491 0.720371 0.000000
vt 0.293419 0.721576 0.000000
vt 0.294905 0.716196 0.000000
vt 0.303928 0.723446 0.000000
vt 0.299641 0.728607 0.000000
vt 0.293875 0.731305 0.000000
vt 0.113497 0.518744 0.000000
vt 0.114464 0.505885 0.000000
vt 0.118771 0.500737 0.000000
vt 0.119225 0.516378 0.000000
vt 0.540927 0.521648 0.000000
vt 0.535410 0.522741 0.000000
vt 0.536136 0.527011 0.000000
vt 0.539650 0.527767 0.000000
vt 0.536350 0.533160 0.000000
vt 0.532589 0.530116 0.000000
vt 0.529624 0.525350 0.000000
vt 0.166658 0.349804 0.000000
vt 0.161152 0.350157 0.000000
vt 0.159935 0.356674 0.000000
vt 0.163117 0.359008 0.000000
vt 0.159761 0.366512 0.000000
vt 0.156947 0.360471 0.000000
vt 0.156277 0.352919 0.000000
vt 0.162628 0.457333 0.000000
vt 0.163307 0.474472 0.000000
vt 0.174866 0.454296 0.000000
vt 0.171418 0.439921 0.000000
vt 0.180519 0.420095 0.000000
vt 0.185457 0.425841 0.000000
vt 0.192854 0.427121 0.000000
vt 0.185403 0.449912 0.000000
vt 0.163365 0.496463 0.000000
vt 0.172064 0.482978 0.000000
vt 0.181180 0.473353 0.000000
vt 0.234020 0.536032 0.000000
vt 0.228839 0.534043 0.000000
vt 0.228952 0.541205 0.000000
vt 0.232346 0.544667 0.000000
vt 0.223432 0.534320 0.000000
vt 0.225412 0.543655 0.000000
vt 0.228883 0.550806 0.000000
vt 0.259746 0.594402 0.000000
vt 0.258819 0.602565 0.000000
vt 0.263895 0.603818 0.000000
vt 0.265843 0.598592 0.000000
vt 0.270587 0.604074 0.000000
vt 0.266020 0.609232 0.000000
vt 0.259306 0.610793 0.000000
vt 0.811442 0.558786 0.000000
vt 0.818384 0.561153 0.000000
vt 0.818441 0.554093 0.000000
vt 0.813523 0.550533 0.000000
vt 0.824914 0.558824 0.000000
vt 0.822293 0.548665 0.000000
vt 0.731545 0.413430 0.000000
vt 0.734887 0.421877 0.000000
vt 0.738356 0.418182 0.000000
vt 0.737505 0.411317 0.000000
vt 0.743901 0.411480 0.000000
vt 0.742663 0.420645 0.000000
vt 0.739628 0.428301 0.000000
vt 0.314722 0.465351 0.000000
vt 0.316694 0.473353 0.000000
vt 0.322673 0.469658 0.000000
vt 0.323992 0.463326 0.000000
vt 0.320944 0.479276 0.000000
vt 0.327330 0.472146 0.000000
vt 0.332291 0.463986 0.000000
vt 0.863912 0.398560 0.000000
vt 0.853185 0.395046 0.000000
vt 0.855388 0.422647 0.000000
vt 0.867885 0.421375 0.000000
vt 0.842694 0.389128 0.000000
vt 0.843418 0.409347 0.000000
vt 0.840568 0.427230 0.000000
vt 0.848285 0.441665 0.000000
vt 0.854179 0.459739 0.000000
vt 0.862487 0.448924 0.000000
vt 0.872371 0.444253 0.000000
vt 0.678678 0.439596 0.000000
vt 0.672137 0.447733 0.000000
vt 0.673194 0.454438 0.000000
vt 0.681128 0.442987 0.000000
vt 0.665217 0.452021 0.000000
vt 0.664381 0.457949 0.000000
vt 0.662243 0.465574 0.000000
vt 0.668911 0.466128 0.000000
vt 0.684917 0.446299 0.000000
vt 0.679317 0.457414 0.000000
vt 0.674718 0.468488 0.000000
vt 0.358036 0.513602 0.000000
vt 0.364457 0.514563 0.000000
vt 0.365482 0.509665 0.000000
vt 0.361801 0.507189 0.000000
vt 0.371491 0.512319 0.000000
vt 0.370287 0.506112 0.000000
vt 0.367227 0.500719 0.000000
vt 0.669899 0.434295 0.000000
vt 0.667203 0.441738 0.000000
vt 0.670999 0.440936 0.000000
vt 0.674141 0.435081 0.000000
vt 0.676687 0.436890 0.000000
vt 0.671437 0.443830 0.000000
vt 0.665847 0.447120 0.000000
vt 0.363100 0.521210 0.000000
vt 0.361242 0.528856 0.000000
vt 0.373118 0.530118 0.000000
vt 0.372000 0.519746 0.000000
vt 0.381232 0.515067 0.000000
vt 0.384365 0.523072 0.000000
vt 0.357864 0.536743 0.000000
vt 0.367205 0.540505 0.000000
vt 0.641166 0.423235 0.000000
vt 0.642012 0.415769 0.000000
vt 0.636283 0.415962 0.000000
vt 0.633948 0.420748 0.000000
vt 0.640793 0.408469 0.000000
vt 0.633637 0.411602 0.000000
vt 0.628417 0.416651 0.000000
vt 0.604800 0.431630 0.000000
vt 0.599245 0.429525 0.000000
vt 0.590463 0.438353 0.000000
vt 0.600069 0.439793 0.000000
vt 0.595171 0.426891 0.000000
vt 0.586509 0.433077 0.000000
vt 0.596982 0.447979 0.000000
vt 0.588005 0.447317 0.000000
vt 0.576231 0.437312 0.000000
vt 0.577720 0.442196 0.000000
vt 0.428143 0.430809 0.000000
vt 0.442721 0.424538 0.000000
vt 0.435433 0.415632 0.000000
vt 0.419370 0.424277 0.000000
vt 0.406787 0.419428 0.000000
vt 0.416390 0.411787 0.000000
vt 0.459941 0.420024 0.000000
vt 0.458018 0.412793 0.000000
vt 0.423622 0.403952 0.000000
vt 0.440655 0.405628 0.000000
vt 0.458775 0.405410 0.000000
vt 0.413049 0.276966 0.000000
vt 0.408673 0.273093 0.000000
vt 0.403402 0.277287 0.000000
vt 0.404119 0.281303 0.000000
vt 0.393990 0.284809 0.000000
vt 0.396267 0.278285 0.000000
vt 0.400822 0.271793 0.000000
vt 0.499942 0.168083 0.000000
vt 0.480083 0.177631 0.000000
vt 0.495993 0.183774 0.000000
vt 0.515818 0.172242 0.000000
vt 0.459086 0.186602 0.000000
vt 0.468322 0.192055 0.000000
vt 0.518540 0.193155 0.000000
vt 0.523655 0.184705 0.000000
vt 0.496108 0.194186 0.000000
vt 0.474448 0.198725 0.000000
vt 0.535436 0.175938 0.000000
vt 0.684454 0.372024 0.000000
vt 0.686686 0.384060 0.000000
vt 0.696774 0.380979 0.000000
vt 0.693819 0.367038 0.000000
vt 0.702925 0.361048 0.000000
vt 0.706666 0.370388 0.000000
vt 0.696259 0.401437 0.000000
vt 0.702374 0.387869 0.000000
vt 0.691900 0.398583 0.000000
vt 0.685644 0.398275 0.000000
vt 0.710014 0.377877 0.000000
vt 0.602027 0.385566 0.000000
vt 0.600415 0.390948 0.000000
vt 0.611313 0.388988 0.000000
vt 0.612028 0.382515 0.000000
vt 0.622303 0.376469 0.000000
vt 0.623550 0.380309 0.000000
vt 0.625676 0.383338 0.000000
vt 0.616209 0.391625 0.000000
vt 0.596785 0.397378 0.000000
vt 0.603569 0.398320 0.000000
vt 0.608418 0.399989 0.000000
vt 0.598750 0.345737 0.000000
vt 0.600246 0.352340 0.000000
vt 0.604895 0.351269 0.000000
vt 0.605677 0.346578 0.000000
vt 0.612551 0.349584 0.000000
vt 0.608813 0.354964 0.000000
vt 0.603463 0.358600 0.000000
vt 0.304103 0.618912 0.000000
vt 0.297375 0.630345 0.000000
vt 0.303781 0.636964 0.000000
vt 0.310098 0.622540 0.000000
vt 0.314946 0.646289 0.000000
vt 0.314893 0.635564 0.000000
vt 0.305750 0.649474 0.000000
vt 0.317994 0.624182 0.000000
vt 0.290161 0.640131 0.000000
vt 0.293844 0.646907 0.000000
vt 0.297312 0.655301 0.000000
vt 0.836824 0.516565 0.000000
vt 0.828278 0.519104 0.000000
vt 0.828345 0.536994 0.000000
vt 0.838213 0.532327 0.000000
vt 0.839781 0.547611 0.000000
vt 0.831923 0.553174 0.000000
vt 0.819348 0.518817 0.000000
vt 0.818729 0.530873 0.000000
vt 0.816226 0.541663 0.000000
vt 0.786697 0.494969 0.000000
vt 0.784415 0.486633 0.000000
vt 0.779919 0.490402 0.000000
vt 0.779583 0.496759 0.000000
vt 0.780264 0.477606 0.000000
vt 0.775594 0.485328 0.000000
vt 0.772413 0.493522 0.000000
vt 0.292094 0.465677 0.000000
vt 0.302525 0.458825 0.000000
vt 0.300620 0.444951 0.000000
vt 0.287651 0.455352 0.000000
vt 0.281849 0.446672 0.000000
vt 0.290695 0.436442 0.000000
vt 0.298467 0.426248 0.000000
vt 0.308386 0.431362 0.000000
vt 0.320415 0.434002 0.000000
vt 0.316181 0.444480 0.000000
vt 0.314527 0.455425 0.000000
vt 0.212249 0.677151 0.000000
vt 0.221746 0.684715 0.000000
vt 0.225514 0.667604 0.000000
vt 0.212701 0.660159 0.000000
vt 0.231226 0.693738 0.000000
vt 0.235744 0.682117 0.000000
vt 0.212217 0.642887 0.000000
vt 0.222763 0.648135 0.000000
vt 0.292310 0.336486 0.000000
vt 0.302660 0.328215 0.000000
vt 0.297521 0.315498 0.000000
vt 0.285643 0.327910 0.000000
vt 0.315102 0.321212 0.000000
vt 0.314282 0.309666 0.000000
vt 0.317497 0.296861 0.000000
vt 0.303730 0.299063 0.000000
vt 0.291633 0.297903 0.000000
vt 0.284515 0.310826 0.000000
vt 0.277065 0.321656 0.000000
vt 0.274398 0.306924 0.000000
vt 0.268205 0.316920 0.000000
vt 0.262307 0.325577 0.000000
vt 0.270228 0.330582 0.000000
vt 0.277534 0.336944 0.000000
vt 0.263401 0.339249 0.000000
vt 0.270143 0.345523 0.000000
vt 0.276263 0.353013 0.000000
vt 0.283929 0.344692 0.000000
vt 0.282105 0.361344 0.000000
vt 0.289719 0.353405 0.000000
vt 0.297884 0.345881 0.000000
vt 0.307221 0.338599 0.000000
vt 0.295188 0.362729 0.000000
vt 0.302967 0.355635 0.000000
vt 0.311669 0.348634 0.000000
vt 0.317908 0.331674 0.000000
vt 0.321465 0.341648 0.000000
vt 0.308023 0.365332 0.000000
vt 0.316316 0.358277 0.000000
vt 0.325663 0.351020 0.000000
vt 0.332211 0.334858 0.000000
vt 0.335908 0.343811 0.000000
vt 0.321738 0.366851 0.000000
vt 0.330841 0.359305 0.000000
vt 0.340777 0.351767 0.000000
vt 0.346846 0.336850 0.000000
vt 0.351300 0.344432 0.000000
vt 0.337234 0.366400 0.000000
vt 0.346897 0.358712 0.000000
vt 0.357020 0.351148 0.000000
vt 0.362270 0.337297 0.000000
vt 0.367456 0.343708 0.000000
vt 0.354179 0.364848 0.000000
vt 0.363908 0.357107 0.000000
vt 0.373809 0.349417 0.000000
vt 0.378153 0.336304 0.000000
vt 0.383825 0.341717 0.000000
vt 0.371849 0.362335 0.000000
vt 0.381214 0.354439 0.000000
vt 0.390546 0.346505 0.000000
vt 0.393973 0.333963 0.000000
vt 0.399909 0.338498 0.000000
vt 0.389612 0.358774 0.000000
vt 0.398290 0.350671 0.000000
vt 0.406923 0.342478 0.000000
vt 0.409414 0.330412 0.000000
vt 0.415632 0.334185 0.000000
vt 0.407029 0.354249 0.000000
vt 0.414983 0.345931 0.000000
vt 0.422934 0.337534 0.000000
vt 0.424485 0.325816 0.000000
vt 0.430957 0.329060 0.000000
vt 0.423887 0.348962 0.000000
vt 0.431102 0.340578 0.000000
vt 0.438343 0.332151 0.000000
vt 0.439131 0.320529 0.000000
vt 0.445763 0.323654 0.000000
vt 0.439827 0.343542 0.000000
vt 0.446382 0.335257 0.000000
vt 0.453168 0.326895 0.000000
vt 0.453514 0.315109 0.000000
vt 0.460350 0.318495 0.000000
vt 0.454818 0.338447 0.000000
vt 0.461082 0.330234 0.000000
vt 0.467805 0.322032 0.000000
vt 0.468039 0.310234 0.000000
vt 0.475091 0.314033 0.000000
vt 0.469295 0.333581 0.000000
vt 0.475610 0.325593 0.000000
vt 0.482580 0.317879 0.000000
vt 0.483011 0.306442 0.000000
vt 0.490287 0.310637 0.000000
vt 0.483520 0.329112 0.000000
vt 0.490189 0.321692 0.000000
vt 0.497737 0.314821 0.000000
vt 0.498736 0.303979 0.000000
vt 0.506106 0.308627 0.000000
vt 0.497574 0.325485 0.000000
vt 0.504883 0.319092 0.000000
vt 0.513109 0.313482 0.000000
vt 0.515185 0.303154 0.000000
vt 0.522032 0.308663 0.000000
vt 0.511295 0.323609 0.000000
vt 0.519241 0.318784 0.000000
vt 0.527927 0.314700 0.000000
vt 0.531482 0.304623 0.000000
vt 0.537084 0.311358 0.000000
vt 0.524137 0.324691 0.000000
vt 0.532578 0.321387 0.000000
vt 0.541464 0.318666 0.000000
vt 0.546518 0.308853 0.000000
vt 0.550576 0.316719 0.000000
vt 0.535893 0.328676 0.000000
vt 0.544635 0.326439 0.000000
vt 0.553526 0.324873 0.000000
vt 0.559752 0.315597 0.000000
vt 0.562444 0.324036 0.000000
vt 0.546881 0.334468 0.000000
vt 0.555717 0.333115 0.000000
vt 0.564469 0.332364 0.000000
vt 0.571259 0.323598 0.000000
vt 0.573027 0.331876 0.000000
vt 0.557657 0.341207 0.000000
vt 0.566371 0.340446 0.000000
vt 0.574699 0.339865 0.000000
vt 0.581349 0.331315 0.000000
vt 0.582637 0.339185 0.000000
vt 0.568464 0.348138 0.000000
vt 0.576676 0.347597 0.000000
vt 0.584337 0.346933 0.000000
vt 0.590421 0.338573 0.000000
vt 0.591645 0.346157 0.000000
vt 0.578949 0.354930 0.000000
vt 0.586637 0.354505 0.000000
vt 0.593803 0.353613 0.000000
vt 0.589191 0.361600 0.000000
vt 0.596747 0.360765 0.000000
vt 0.591330 0.367860 0.000000
vt 0.599544 0.367256 0.000000
vt 0.607072 0.364636 0.000000
vt 0.613611 0.360005 0.000000
vt 0.601345 0.372697 0.000000
vt 0.609694 0.369915 0.000000
vt 0.617373 0.364857 0.000000
vt 0.627591 0.362463 0.000000
vt 0.624105 0.358386 0.000000
vt 0.619755 0.369018 0.000000
vt 0.619011 0.353909 0.000000
vt 0.611133 0.374263 0.000000
vt 0.621231 0.372727 0.000000
vt 0.611839 0.378168 0.000000
vt 0.602155 0.377184 0.000000
vt 0.602376 0.381230 0.000000
vt 0.593130 0.377568 0.000000
vt 0.593202 0.381676 0.000000
vt 0.592832 0.385921 0.000000
vt 0.584396 0.380862 0.000000
vt 0.584270 0.385095 0.000000
vt 0.583651 0.389929 0.000000
vt 0.591681 0.390814 0.000000
vt 0.582491 0.395570 0.000000
vt 0.589591 0.396446 0.000000
vt 0.575910 0.389240 0.000000
vt 0.575407 0.394968 0.000000
vt 0.574827 0.401550 0.000000
vt 0.567987 0.394812 0.000000
vt 0.567828 0.401493 0.000000
vt 0.567894 0.408867 0.000000
vt 0.574826 0.408421 0.000000
vt 0.568637 0.416233 0.000000
vt 0.576008 0.414926 0.000000
vt 0.570127 0.422900 0.000000
vt 0.578232 0.420660 0.000000
vt 0.585566 0.417111 0.000000
vt 0.580907 0.425427 0.000000
vt 0.588839 0.420957 0.000000
vt 0.595769 0.415037 0.000000
vt 0.591982 0.412079 0.000000
vt 0.601992 0.407898 0.000000
vt 0.597695 0.405716 0.000000
vt 0.599092 0.417570 0.000000
vt 0.605411 0.409992 0.000000
vt 0.611738 0.401860 0.000000
vt 0.608387 0.411909 0.000000
vt 0.614483 0.403743 0.000000
vt 0.621526 0.395818 0.000000
vt 0.619076 0.393711 0.000000
vt 0.629922 0.388372 0.000000
vt 0.627773 0.385815 0.000000
vt 0.639034 0.381402 0.000000
vt 0.636939 0.378298 0.000000
vt 0.635117 0.375520 0.000000
vt 0.645896 0.371331 0.000000
vt 0.643850 0.368240 0.000000
vt 0.641868 0.365283 0.000000
vt 0.633372 0.372623 0.000000
vt 0.639782 0.362195 0.000000
vt 0.631714 0.369477 0.000000
vt 0.637351 0.358787 0.000000
vt 0.629936 0.366117 0.000000
vt 0.634126 0.355009 0.000000
vt 0.643274 0.350589 0.000000
vt 0.639010 0.346699 0.000000
vt 0.633233 0.342744 0.000000
vt 0.629527 0.350958 0.000000
vt 0.625668 0.338891 0.000000
vt 0.623142 0.346786 0.000000
vt 0.616716 0.335387 0.000000
vt 0.615231 0.342897 0.000000
vt 0.607310 0.332671 0.000000
vt 0.606716 0.340009 0.000000
vt 0.598222 0.331160 0.000000
vt 0.598384 0.338638 0.000000
vt 0.589639 0.330866 0.000000
vt 0.597557 0.323307 0.000000
vt 0.588604 0.322895 0.000000
vt 0.579926 0.323180 0.000000
vt 0.586865 0.314598 0.000000
vt 0.577852 0.314722 0.000000
vt 0.568856 0.315049 0.000000
vt 0.574953 0.306083 0.000000
vt 0.565546 0.306433 0.000000
vt 0.556051 0.307257 0.000000
vt 0.561436 0.298018 0.000000
vt 0.551363 0.299254 0.000000
vt 0.541316 0.301445 0.000000
vt 0.545855 0.291761 0.000000
vt 0.535174 0.294576 0.000000
vt 0.524901 0.298433 0.000000
vt 0.528540 0.288239 0.000000
vt 0.517861 0.292672 0.000000
vt 0.507925 0.297967 0.000000
vt 0.511114 0.287235 0.000000
vt 0.500966 0.292958 0.000000
vt 0.491614 0.299389 0.000000
vt 0.494956 0.288241 0.000000
vt 0.485273 0.294979 0.000000
vt 0.476323 0.302343 0.000000
vt 0.480139 0.291087 0.000000
vt 0.470607 0.298620 0.000000
vt 0.461752 0.306682 0.000000
vt 0.466142 0.295534 0.000000
vt 0.456553 0.303586 0.000000
vt 0.447596 0.311987 0.000000
vt 0.452523 0.300944 0.000000
vt 0.442771 0.309109 0.000000
vt 0.433491 0.317432 0.000000
vt 0.439004 0.306323 0.000000
vt 0.428942 0.314249 0.000000
vt 0.419104 0.322300 0.000000
vt 0.425420 0.310911 0.000000
vt 0.414819 0.318487 0.000000
vt 0.404307 0.326191 0.000000
vt 0.411502 0.314376 0.000000
vt 0.400229 0.321554 0.000000
vt 0.389085 0.328895 0.000000
vt 0.397081 0.316506 0.000000
vt 0.385243 0.323322 0.000000
vt 0.373608 0.330273 0.000000
vt 0.382461 0.317226 0.000000
vt 0.370255 0.323626 0.000000
vt 0.358336 0.330149 0.000000
vt 0.368096 0.316376 0.000000
vt 0.355683 0.322288 0.000000
vt 0.343672 0.328412 0.000000
vt 0.354352 0.313830 0.000000
vt 0.341769 0.319317 0.000000
vt 0.329553 0.325232 0.000000
vt 0.341312 0.309719 0.000000
vt 0.328153 0.315126 0.000000
vt 0.342651 0.299635 0.000000
vt 0.328697 0.304408 0.000000
vt 0.345987 0.289131 0.000000
vt 0.331783 0.293035 0.000000
vt 0.323614 0.283727 0.000000
vt 0.337291 0.281176 0.000000
vt 0.351223 0.278336 0.000000
vt 0.344818 0.269125 0.000000
vt 0.358151 0.267450 0.000000
vt 0.359760 0.285733 0.000000
vt 0.364844 0.275842 0.000000
vt 0.371354 0.265973 0.000000
vt 0.366637 0.256658 0.000000
vt 0.379246 0.256252 0.000000
vt 0.377879 0.273815 0.000000
vt 0.384124 0.264897 0.000000
vt 0.391610 0.256186 0.000000
vt 0.388511 0.246747 0.000000
vt 0.400309 0.247720 0.000000
vt 0.396224 0.264439 0.000000
vt 0.403484 0.256749 0.000000
vt 0.411773 0.249281 0.000000
vt 0.410213 0.239506 0.000000
vt 0.421090 0.242013 0.000000
vt 0.414395 0.258410 0.000000
vt 0.422492 0.251817 0.000000
vt 0.431398 0.245329 0.000000
vt 0.431507 0.234958 0.000000
vt 0.441243 0.238981 0.000000
vt 0.431842 0.255645 0.000000
vt 0.440627 0.249666 0.000000
vt 0.450160 0.243773 0.000000
vt 0.452129 0.232883 0.000000
vt 0.460593 0.238117 0.000000
vt 0.448333 0.254942 0.000000
vt 0.457882 0.249241 0.000000
vt 0.468163 0.243794 0.000000
vt 0.471969 0.232870 0.000000
vt 0.479217 0.238780 0.000000
vt 0.464228 0.254965 0.000000
vt 0.474620 0.249552 0.000000
vt 0.485608 0.244613 0.000000
vt 0.491039 0.234367 0.000000
vt 0.497150 0.240270 0.000000
vt 0.479856 0.254776 0.000000
vt 0.490931 0.249811 0.000000
vt 0.502338 0.245422 0.000000
vt 0.509213 0.236588 0.000000
vt 0.514025 0.241605 0.000000
vt 0.494992 0.253813 0.000000
vt 0.506319 0.249324 0.000000
vt 0.517748 0.245347 0.000000
vt 0.525922 0.238333 0.000000
vt 0.529270 0.241872 0.000000
vt 0.509155 0.251991 0.000000
vt 0.520462 0.247935 0.000000
vt 0.531832 0.244402 0.000000
vt 0.540647 0.238847 0.000000
vt 0.543149 0.241357 0.000000
vt 0.522619 0.249916 0.000000
vt 0.533951 0.246423 0.000000
vt 0.545325 0.243508 0.000000
vt 0.553913 0.238699 0.000000
vt 0.556437 0.241058 0.000000
vt 0.535927 0.248317 0.000000
vt 0.547365 0.245580 0.000000
vt 0.558717 0.243414 0.000000
vt 0.566479 0.238828 0.000000
vt 0.569305 0.241513 0.000000
vt 0.549475 0.247782 0.000000
vt 0.560982 0.245917 0.000000
vt 0.571886 0.244354 0.000000
vt 0.578411 0.239622 0.000000
vt 0.581561 0.242828 0.000000
vt 0.563465 0.248764 0.000000
vt 0.574539 0.247527 0.000000
vt 0.584548 0.246320 0.000000
vt 0.589908 0.241235 0.000000
vt 0.593430 0.245054 0.000000
vt 0.577417 0.251182 0.000000
vt 0.587608 0.250264 0.000000
vt 0.596862 0.249294 0.000000
vt 0.601589 0.243722 0.000000
vt 0.605558 0.248322 0.000000
vt 0.590811 0.254852 0.000000
vt 0.600348 0.254230 0.000000
vt 0.609495 0.253675 0.000000
vt 0.614117 0.247390 0.000000
vt 0.618556 0.253270 0.000000
vt 0.603924 0.260127 0.000000
vt 0.613459 0.260097 0.000000
vt 0.622932 0.260297 0.000000
vt 0.636986 0.269376 0.000000
vt 0.632428 0.260628 0.000000
vt 0.627192 0.268537 0.000000
vt 0.627684 0.252991 0.000000
vt 0.617400 0.267696 0.000000
vt 0.607527 0.267104 0.000000
vt 0.611076 0.275081 0.000000
vt 0.621239 0.276331 0.000000
vt 0.631346 0.277781 0.000000
vt 0.641512 0.278979 0.000000
vt 0.624929 0.285691 0.000000
vt 0.635380 0.287700 0.000000
vt 0.628426 0.295424 0.000000
vt 0.639044 0.297948 0.000000
vt 0.631554 0.305232 0.000000
vt 0.641843 0.308162 0.000000
vt 0.633936 0.314974 0.000000
vt 0.643449 0.318197 0.000000
vt 0.652138 0.321700 0.000000
vt 0.659758 0.325687 0.000000
vt 0.643625 0.328096 0.000000
vt 0.650785 0.331820 0.000000
vt 0.656754 0.335766 0.000000
vt 0.666175 0.330335 0.000000
vt 0.661750 0.340014 0.000000
vt 0.647790 0.341556 0.000000
vt 0.652299 0.345408 0.000000
vt 0.656132 0.349293 0.000000
vt 0.666157 0.344613 0.000000
vt 0.659585 0.353301 0.000000
vt 0.646572 0.354235 0.000000
vt 0.649402 0.357667 0.000000
vt 0.652022 0.361065 0.000000
vt 0.662935 0.357569 0.000000
vt 0.654620 0.364668 0.000000
vt 0.675140 0.355610 0.000000
vt 0.670477 0.349700 0.000000
vt 0.666571 0.362502 0.000000
vt 0.657518 0.368910 0.000000
vt 0.670704 0.368679 0.000000
vt 0.660980 0.374365 0.000000
vt 0.648272 0.374993 0.000000
vt 0.651199 0.379785 0.000000
vt 0.664715 0.381573 0.000000
vt 0.654510 0.386187 0.000000
vt 0.641624 0.385418 0.000000
vt 0.644601 0.390825 0.000000
vt 0.657548 0.394416 0.000000
vt 0.647520 0.397853 0.000000
vt 0.632461 0.391600 0.000000
vt 0.635333 0.395947 0.000000
vt 0.638276 0.401646 0.000000
vt 0.649705 0.406234 0.000000
vt 0.627117 0.401834 0.000000
vt 0.630332 0.406343 0.000000
vt 0.620327 0.408615 0.000000
vt 0.623968 0.412259 0.000000
vt 0.624328 0.423053 0.000000
vt 0.618952 0.419156 0.000000
vt 0.614781 0.416111 0.000000
vt 0.614749 0.426476 0.000000
vt 0.609780 0.423826 0.000000
vt 0.617253 0.405875 0.000000
vt 0.611390 0.413826 0.000000
vt 0.605674 0.421729 0.000000
vt 0.602230 0.419735 0.000000
vt 0.591957 0.424110 0.000000
vt 0.583625 0.429339 0.000000
vt 0.572085 0.428480 0.000000
vt 0.574185 0.433057 0.000000
vt 0.562650 0.430373 0.000000
vt 0.564092 0.435351 0.000000
vt 0.565457 0.439776 0.000000
vt 0.553345 0.436337 0.000000
vt 0.554226 0.440834 0.000000
vt 0.554964 0.445168 0.000000
vt 0.566427 0.444236 0.000000
vt 0.555523 0.449490 0.000000
vt 0.566829 0.448955 0.000000
vt 0.577690 0.448053 0.000000
vt 0.566896 0.453743 0.000000
vt 0.577163 0.453743 0.000000
vt 0.586594 0.454134 0.000000
vt 0.593849 0.460604 0.000000
vt 0.595107 0.455091 0.000000
vt 0.585584 0.459522 0.000000
vt 0.576626 0.458739 0.000000
vt 0.566867 0.458377 0.000000
vt 0.566810 0.462842 0.000000
vt 0.576093 0.463189 0.000000
vt 0.584716 0.463979 0.000000
vt 0.591896 0.468981 0.000000
vt 0.592845 0.464999 0.000000
vt 0.583889 0.468061 0.000000
vt 0.575552 0.467383 0.000000
vt 0.566703 0.467212 0.000000
vt 0.566527 0.471512 0.000000
vt 0.575010 0.471493 0.000000
vt 0.583079 0.472043 0.000000
vt 0.589911 0.476932 0.000000
vt 0.590935 0.472878 0.000000
vt 0.582245 0.476177 0.000000
vt 0.574425 0.475750 0.000000
vt 0.581224 0.481031 0.000000
vt 0.573654 0.480714 0.000000
vt 0.566253 0.475910 0.000000
vt 0.565778 0.480979 0.000000
vt 0.572491 0.487130 0.000000
vt 0.564952 0.487434 0.000000
vt 0.557579 0.476464 0.000000
vt 0.557439 0.481755 0.000000
vt 0.557007 0.488299 0.000000
vt 0.548548 0.483035 0.000000
vt 0.548539 0.489750 0.000000
vt 0.548357 0.497413 0.000000
vt 0.556265 0.496142 0.000000
vt 0.563702 0.495443 0.000000
vt 0.568690 0.504402 0.000000
vt 0.570818 0.495243 0.000000
vt 0.562071 0.504357 0.000000
vt 0.555263 0.504682 0.000000
vt 0.560055 0.513422 0.000000
vt 0.553915 0.513304 0.000000
vt 0.548084 0.505522 0.000000
vt 0.547580 0.513626 0.000000
vt 0.540460 0.506997 0.000000
vt 0.540937 0.514597 0.000000
vt 0.546448 0.521419 0.000000
vt 0.551971 0.521680 0.000000
vt 0.554477 0.530603 0.000000
vt 0.557552 0.522229 0.000000
vt 0.549218 0.529619 0.000000
vt 0.544246 0.528662 0.000000
vt 0.545614 0.536982 0.000000
vt 0.540763 0.535281 0.000000
vt 0.546739 0.545717 0.000000
vt 0.550840 0.538431 0.000000
vt 0.541345 0.543793 0.000000
vt 0.536282 0.541428 0.000000
vt 0.531569 0.538423 0.000000
vt 0.526148 0.543742 0.000000
vt 0.531301 0.547303 0.000000
vt 0.536699 0.550181 0.000000
vt 0.526211 0.553058 0.000000
vt 0.531946 0.556278 0.000000
vt 0.537835 0.558957 0.000000
vt 0.542332 0.552542 0.000000
vt 0.543867 0.561263 0.000000
vt 0.548171 0.554553 0.000000
vt 0.552407 0.547385 0.000000
vt 0.554152 0.556427 0.000000
vt 0.558299 0.548936 0.000000
vt 0.562241 0.540993 0.000000
vt 0.556396 0.539744 0.000000
vt 0.565894 0.532563 0.000000
vt 0.560035 0.531586 0.000000
vt 0.569274 0.523639 0.000000
vt 0.563298 0.522907 0.000000
vt 0.572408 0.514291 0.000000
vt 0.566180 0.513785 0.000000
vt 0.575273 0.504721 0.000000
vt 0.578772 0.514911 0.000000
vt 0.581883 0.505235 0.000000
vt 0.584669 0.495965 0.000000
vt 0.577772 0.495465 0.000000
vt 0.586958 0.487943 0.000000
vt 0.579778 0.487366 0.000000
vt 0.588663 0.481702 0.000000
vt 0.594088 0.488619 0.000000
vt 0.596072 0.482397 0.000000
vt 0.597564 0.477618 0.000000
vt 0.603402 0.483189 0.000000
vt 0.605194 0.478345 0.000000
vt 0.606646 0.474261 0.000000
vt 0.598765 0.473577 0.000000
vt 0.607906 0.470417 0.000000
vt 0.599832 0.469745 0.000000
vt 0.609054 0.466564 0.000000
vt 0.600836 0.465869 0.000000
vt 0.610193 0.462398 0.000000
vt 0.601874 0.461606 0.000000
vt 0.611518 0.457364 0.000000
vt 0.603172 0.456271 0.000000
vt 0.613248 0.451107 0.000000
vt 0.605032 0.449446 0.000000
vt 0.615443 0.444056 0.000000
vt 0.607649 0.441716 0.000000
vt 0.618026 0.436913 0.000000
vt 0.610983 0.433971 0.000000
vt 0.620945 0.429918 0.000000
vt 0.626192 0.440213 0.000000
vt 0.628521 0.433799 0.000000
vt 0.631137 0.427213 0.000000
vt 0.637101 0.437261 0.000000
vt 0.639231 0.430570 0.000000
vt 0.645888 0.439635 0.000000
vt 0.647922 0.432512 0.000000
vt 0.649691 0.424250 0.000000
vt 0.656346 0.433355 0.000000
vt 0.658442 0.424335 0.000000
vt 0.659714 0.414358 0.000000
vt 0.650488 0.415271 0.000000
vt 0.659459 0.404101 0.000000
vt 0.668569 0.413253 0.000000
vt 0.669133 0.401786 0.000000
vt 0.667759 0.390852 0.000000
vt 0.678007 0.399615 0.000000
vt 0.677542 0.387245 0.000000
vt 0.674789 0.376765 0.000000
vt 0.680094 0.362812 0.000000
vt 0.689037 0.357088 0.000000
vt 0.683186 0.348805 0.000000
vt 0.697732 0.351556 0.000000
vt 0.691101 0.342496 0.000000
vt 0.684070 0.334287 0.000000
vt 0.677311 0.341700 0.000000
vt 0.677261 0.327152 0.000000
vt 0.671782 0.335621 0.000000
vt 0.691615 0.327669 0.000000
vt 0.683780 0.319562 0.000000
vt 0.700490 0.321904 0.000000
vt 0.692140 0.313017 0.000000
vt 0.710713 0.317083 0.000000
vt 0.702174 0.307444 0.000000
vt 0.694131 0.298700 0.000000
vt 0.713684 0.303116 0.000000
vt 0.705482 0.293636 0.000000
vt 0.698026 0.285245 0.000000
vt 0.686663 0.290416 0.000000
vt 0.691273 0.277701 0.000000
vt 0.679822 0.282327 0.000000
vt 0.685086 0.270674 0.000000
vt 0.673595 0.274437 0.000000
vt 0.662638 0.277511 0.000000
vt 0.667843 0.266641 0.000000
vt 0.657176 0.268749 0.000000
vt 0.646936 0.269641 0.000000
vt 0.651942 0.279113 0.000000
vt 0.651913 0.260185 0.000000
vt 0.642030 0.260732 0.000000
vt 0.646637 0.252086 0.000000
vt 0.636976 0.252665 0.000000
vt 0.641279 0.244685 0.000000
vt 0.631773 0.245590 0.000000
vt 0.622802 0.246495 0.000000
vt 0.626242 0.239263 0.000000
vt 0.617701 0.240826 0.000000
vt 0.609558 0.242320 0.000000
vt 0.611997 0.235529 0.000000
vt 0.604576 0.237633 0.000000
vt 0.597365 0.239519 0.000000
vt 0.598628 0.232996 0.000000
vt 0.592439 0.235447 0.000000
vt 0.585952 0.237630 0.000000
vt 0.586246 0.231390 0.000000
vt 0.581047 0.234124 0.000000
vt 0.574676 0.236567 0.000000
vt 0.574709 0.230798 0.000000
vt 0.569962 0.233693 0.000000
vt 0.563119 0.236247 0.000000
vt 0.566547 0.227982 0.000000
vt 0.578222 0.227464 0.000000
vt 0.567993 0.224043 0.000000
vt 0.555616 0.221579 0.000000
vt 0.556296 0.226131 0.000000
vt 0.541579 0.220356 0.000000
vt 0.544073 0.225548 0.000000
vt 0.526700 0.220451 0.000000
vt 0.530620 0.226213 0.000000
vt 0.534344 0.231337 0.000000
vt 0.516919 0.227973 0.000000
vt 0.521716 0.233598 0.000000
vt 0.537705 0.235589 0.000000
vt 0.503629 0.230716 0.000000
vt 0.511844 0.221846 0.000000
vt 0.497614 0.224486 0.000000
vt 0.484303 0.228242 0.000000
vt 0.491453 0.218167 0.000000
vt 0.477203 0.222195 0.000000
vt 0.464102 0.227207 0.000000
vt 0.469981 0.216313 0.000000
vt 0.455894 0.221903 0.000000
vt 0.443092 0.228202 0.000000
vt 0.447562 0.216954 0.000000
vt 0.433791 0.224025 0.000000
vt 0.421360 0.231584 0.000000
vt 0.424405 0.220249 0.000000
vt 0.411078 0.228674 0.000000
vt 0.399119 0.237527 0.000000
vt 0.400817 0.226056 0.000000
vt 0.388022 0.235845 0.000000
vt 0.376617 0.246084 0.000000
vt 0.377107 0.234254 0.000000
vt 0.364872 0.245502 0.000000
vt 0.354065 0.257172 0.000000
vt 0.353520 0.244724 0.000000
vt 0.341896 0.257445 0.000000
vt 0.331850 0.270519 0.000000
vt 0.330423 0.257056 0.000000
vt 0.319726 0.270963 0.000000
vt 0.310854 0.284933 0.000000
vt 0.308576 0.270066 0.000000
vt 0.299327 0.284190 0.000000
vt 0.298189 0.267998 0.000000
vt 0.288784 0.282011 0.000000
vt 0.281104 0.295143 0.000000
vt 0.278709 0.279312 0.000000
vt 0.271418 0.292120 0.000000
vt 0.265416 0.303268 0.000000
vt 0.259853 0.312852 0.000000
vt 0.246745 0.318003 0.000000
vt 0.254322 0.321569 0.000000
vt 0.240554 0.327649 0.000000
vt 0.248222 0.330694 0.000000
vt 0.255995 0.334354 0.000000
vt 0.240768 0.341709 0.000000
vt 0.248374 0.344901 0.000000
vt 0.255585 0.349332 0.000000
vt 0.239230 0.357992 0.000000
vt 0.246548 0.361647 0.000000
vt 0.253517 0.366549 0.000000
vt 0.262225 0.355153 0.000000
vt 0.260205 0.372671 0.000000
vt 0.268429 0.362187 0.000000
vt 0.266879 0.379712 0.000000
vt 0.274553 0.370035 0.000000
vt 0.273800 0.387333 0.000000
vt 0.280889 0.378346 0.000000
vt 0.287948 0.370199 0.000000
vt 0.287566 0.386939 0.000000
vt 0.294015 0.379311 0.000000
vt 0.300700 0.372233 0.000000
vt 0.300619 0.388076 0.000000
vt 0.306803 0.381119 0.000000
vt 0.313725 0.374135 0.000000
vt 0.313799 0.388621 0.000000
vt 0.320475 0.381487 0.000000
vt 0.328316 0.374063 0.000000
vt 0.328409 0.387499 0.000000
vt 0.336103 0.380197 0.000000
vt 0.344807 0.372597 0.000000
vt 0.345051 0.385548 0.000000
vt 0.353482 0.378035 0.000000
vt 0.362526 0.370229 0.000000
vt 0.363306 0.382548 0.000000
vt 0.371969 0.374734 0.000000
vt 0.380815 0.366790 0.000000
vt 0.382600 0.378390 0.000000
vt 0.390847 0.370527 0.000000
vt 0.399001 0.362474 0.000000
vt 0.401844 0.373732 0.000000
vt 0.409258 0.365658 0.000000
vt 0.416609 0.357340 0.000000
vt 0.420115 0.368470 0.000000
vt 0.426735 0.360141 0.000000
vt 0.433316 0.351810 0.000000
vt 0.437130 0.362858 0.000000
vt 0.442985 0.354699 0.000000
vt 0.448846 0.346589 0.000000
vt 0.452839 0.357596 0.000000
vt 0.458067 0.349652 0.000000
vt 0.463504 0.341641 0.000000
vt 0.467517 0.352576 0.000000
vt 0.472370 0.344732 0.000000
vt 0.477643 0.336862 0.000000
vt 0.481359 0.347664 0.000000
vt 0.485996 0.340026 0.000000
vt 0.491315 0.332546 0.000000
vt 0.494324 0.342962 0.000000
vt 0.498860 0.335810 0.000000
vt 0.504441 0.329272 0.000000
vt 0.502739 0.345392 0.000000
vt 0.511451 0.346836 0.000000
vt 0.490494 0.350352 0.000000
vt 0.499915 0.352561 0.000000
vt 0.509772 0.353914 0.000000
vt 0.520586 0.346924 0.000000
vt 0.520021 0.354105 0.000000
vt 0.497603 0.359718 0.000000
vt 0.508488 0.360931 0.000000
vt 0.519730 0.361096 0.000000
vt 0.530388 0.353195 0.000000
vt 0.530992 0.360200 0.000000
vt 0.507767 0.367689 0.000000
vt 0.519946 0.367703 0.000000
vt 0.532006 0.366688 0.000000
vt 0.541885 0.358630 0.000000
vt 0.543450 0.365001 0.000000
vt 0.520595 0.373770 0.000000
vt 0.533280 0.372506 0.000000
vt 0.545015 0.370660 0.000000
vt 0.553957 0.363231 0.000000
vt 0.555486 0.368780 0.000000
vt 0.534427 0.377527 0.000000
vt 0.546236 0.375531 0.000000
vt 0.556564 0.373646 0.000000
vt 0.564955 0.367377 0.000000
vt 0.565849 0.372227 0.000000
vt 0.547068 0.379702 0.000000
vt 0.557327 0.377884 0.000000
vt 0.566536 0.376576 0.000000
vt 0.574797 0.371789 0.000000
vt 0.575384 0.376192 0.000000
vt 0.558004 0.381750 0.000000
vt 0.567158 0.380579 0.000000
vt 0.575814 0.380284 0.000000
vt 0.584214 0.376745 0.000000
vt 0.567677 0.384617 0.000000
vt 0.576035 0.384459 0.000000
vt 0.567975 0.389214 0.000000
vt 0.558677 0.385642 0.000000
vt 0.559283 0.390039 0.000000
vt 0.559710 0.395382 0.000000
vt 0.549338 0.391687 0.000000
vt 0.550114 0.396797 0.000000
vt 0.550729 0.402915 0.000000
vt 0.559925 0.401848 0.000000
vt 0.551143 0.410015 0.000000
vt 0.560112 0.409249 0.000000
vt 0.551436 0.417689 0.000000
vt 0.560550 0.417003 0.000000
vt 0.551821 0.425032 0.000000
vt 0.561403 0.424254 0.000000
vt 0.552479 0.431255 0.000000
vt 0.540770 0.425629 0.000000
vt 0.540985 0.431523 0.000000
vt 0.541406 0.436420 0.000000
vt 0.527790 0.431996 0.000000
vt 0.528048 0.436613 0.000000
vt 0.528575 0.440925 0.000000
vt 0.541961 0.440896 0.000000
vt 0.529473 0.445163 0.000000
vt 0.542642 0.445241 0.000000
vt 0.530800 0.449352 0.000000
vt 0.543475 0.449485 0.000000
vt 0.532389 0.453690 0.000000
vt 0.544425 0.453774 0.000000
vt 0.555979 0.453863 0.000000
vt 0.545432 0.458243 0.000000
vt 0.556432 0.458300 0.000000
vt 0.546410 0.462876 0.000000
vt 0.556893 0.462797 0.000000
vt 0.547255 0.467587 0.000000
vt 0.557276 0.467323 0.000000
vt 0.547899 0.472353 0.000000
vt 0.557511 0.471830 0.000000
vt 0.548330 0.477362 0.000000
vt 0.537728 0.473419 0.000000
vt 0.538524 0.478830 0.000000
vt 0.539121 0.484882 0.000000
vt 0.528433 0.480954 0.000000
vt 0.529395 0.487283 0.000000
vt 0.530270 0.494276 0.000000
vt 0.539550 0.491762 0.000000
vt 0.531265 0.501680 0.000000
vt 0.539952 0.499268 0.000000
vt 0.532541 0.509160 0.000000
vt 0.522616 0.504719 0.000000
vt 0.524583 0.512063 0.000000
vt 0.526959 0.519108 0.000000
vt 0.534031 0.516376 0.000000
vt 0.516748 0.515701 0.000000
vt 0.519810 0.522750 0.000000
vt 0.523315 0.529146 0.000000
vt 0.512742 0.527074 0.000000
vt 0.516787 0.533632 0.000000
vt 0.521275 0.539243 0.000000
vt 0.527229 0.534430 0.000000
vt 0.510415 0.538535 0.000000
vt 0.515331 0.544336 0.000000
vt 0.520642 0.549141 0.000000
vt 0.509653 0.549722 0.000000
vt 0.515322 0.554685 0.000000
vt 0.521237 0.558804 0.000000
vt 0.510271 0.560473 0.000000
vt 0.516471 0.564665 0.000000
vt 0.522723 0.568191 0.000000
vt 0.527264 0.562229 0.000000
vt 0.528991 0.571160 0.000000
vt 0.533375 0.565104 0.000000
vt 0.535281 0.573753 0.000000
vt 0.539564 0.567611 0.000000
vt 0.541542 0.576259 0.000000
vt 0.545759 0.570025 0.000000
vt 0.549957 0.563448 0.000000
vt 0.551849 0.572603 0.000000
vt 0.556009 0.565732 0.000000
vt 0.560192 0.558342 0.000000
vt 0.562030 0.568035 0.000000
vt 0.566290 0.560244 0.000000
vt 0.570537 0.552025 0.000000
vt 0.564355 0.550478 0.000000
vt 0.574596 0.543459 0.000000
vt 0.568325 0.542218 0.000000
vt 0.578363 0.534542 0.000000
vt 0.572018 0.533536 0.000000
vt 0.581873 0.525266 0.000000
vt 0.575477 0.524417 0.000000
vt 0.585244 0.515648 0.000000
vt 0.588461 0.526191 0.000000
vt 0.591802 0.516540 0.000000
vt 0.595103 0.506761 0.000000
vt 0.588506 0.505892 0.000000
vt 0.598286 0.497461 0.000000
vt 0.591525 0.496605 0.000000
vt 0.601111 0.489460 0.000000
vt 0.604914 0.498775 0.000000
vt 0.607948 0.490837 0.000000
vt 0.610540 0.484593 0.000000
vt 0.614629 0.493043 0.000000
vt 0.617471 0.486994 0.000000
vt 0.619973 0.482177 0.000000
vt 0.612687 0.479724 0.000000
vt 0.622240 0.477911 0.000000
vt 0.614521 0.475543 0.000000
vt 0.624313 0.473770 0.000000
vt 0.616144 0.471560 0.000000
vt 0.626245 0.469555 0.000000
vt 0.617618 0.467587 0.000000
vt 0.628067 0.465060 0.000000
vt 0.619026 0.463376 0.000000
vt 0.629787 0.460140 0.000000
vt 0.620500 0.458535 0.000000
vt 0.631462 0.454773 0.000000
vt 0.622169 0.452844 0.000000
vt 0.633202 0.449121 0.000000
vt 0.624076 0.446590 0.000000
vt 0.635080 0.443329 0.000000
vt 0.642151 0.451368 0.000000
vt 0.643934 0.445762 0.000000
vt 0.650485 0.452959 0.000000
vt 0.652152 0.447327 0.000000
vt 0.654127 0.440980 0.000000
vt 0.659461 0.447946 0.000000
vt 0.661342 0.441693 0.000000
vt 0.663839 0.433827 0.000000
vt 0.673297 0.424317 0.000000
vt 0.666519 0.424187 0.000000
vt 0.676335 0.412425 0.000000
vt 0.678415 0.425052 0.000000
vt 0.682556 0.412427 0.000000
vt 0.682032 0.426567 0.000000
vt 0.687218 0.413578 0.000000
vt 0.684810 0.428749 0.000000
vt 0.690652 0.415752 0.000000
vt 0.687494 0.431434 0.000000
vt 0.693507 0.418577 0.000000
vt 0.699426 0.405185 0.000000
vt 0.696512 0.422141 0.000000
vt 0.702428 0.409664 0.000000
vt 0.708764 0.398908 0.000000
vt 0.705734 0.393220 0.000000
vt 0.715863 0.391043 0.000000
vt 0.712975 0.384292 0.000000
vt 0.723835 0.386205 0.000000
vt 0.721240 0.378667 0.000000
vt 0.718624 0.371569 0.000000
vt 0.730282 0.375519 0.000000
vt 0.727845 0.367692 0.000000
vt 0.724972 0.359779 0.000000
vt 0.715707 0.364094 0.000000
vt 0.721200 0.351245 0.000000
vt 0.711952 0.355675 0.000000
vt 0.715880 0.341781 0.000000
vt 0.706581 0.346389 0.000000
vt 0.708747 0.331692 0.000000
vt 0.699491 0.336756 0.000000
vt 0.725834 0.338059 0.000000
vt 0.718968 0.327555 0.000000
vt 0.736750 0.335851 0.000000
vt 0.730305 0.324931 0.000000
vt 0.722293 0.313711 0.000000
vt 0.743084 0.324784 0.000000
vt 0.735480 0.312827 0.000000
vt 0.726913 0.301071 0.000000
vt 0.750310 0.315111 0.000000
vt 0.741954 0.302148 0.000000
vt 0.733287 0.290075 0.000000
vt 0.718387 0.290371 0.000000
vt 0.725307 0.279843 0.000000
vt 0.710628 0.281248 0.000000
vt 0.718584 0.271777 0.000000
vt 0.703864 0.273697 0.000000
vt 0.712990 0.265378 0.000000
vt 0.697918 0.267215 0.000000
vt 0.708104 0.259906 0.000000
vt 0.692548 0.261274 0.000000
vt 0.679354 0.263873 0.000000
vt 0.687602 0.255539 0.000000
vt 0.674008 0.257130 0.000000
vt 0.662376 0.258863 0.000000
vt 0.668947 0.250400 0.000000
vt 0.657076 0.251246 0.000000
vt 0.663863 0.243634 0.000000
vt 0.651773 0.243953 0.000000
vt 0.658105 0.236667 0.000000
vt 0.645964 0.236896 0.000000
vt 0.635509 0.237845 0.000000
vt 0.638780 0.229766 0.000000
vt 0.628685 0.231226 0.000000
vt 0.619902 0.233280 0.000000
vt 0.619916 0.224470 0.000000
vt 0.612023 0.227279 0.000000
vt 0.605049 0.230235 0.000000
vt 0.601737 0.221083 0.000000
vt 0.596091 0.224789 0.000000
vt 0.591064 0.228276 0.000000
vt 0.584582 0.219397 0.000000
vt 0.581300 0.223642 0.000000
vt 0.570557 0.214537 0.000000
vt 0.569106 0.219521 0.000000
vt 0.554612 0.210712 0.000000
vt 0.554833 0.216385 0.000000
vt 0.537432 0.208320 0.000000
vt 0.539163 0.214565 0.000000
vt 0.519693 0.207651 0.000000
vt 0.522889 0.214234 0.000000
vt 0.502126 0.208833 0.000000
vt 0.506787 0.215450 0.000000
vt 0.485415 0.211814 0.000000
vt 0.498363 0.201901 0.000000
vt 0.479745 0.205381 0.000000
vt 0.462804 0.210603 0.000000
vt 0.455607 0.205075 0.000000
vt 0.439159 0.212336 0.000000
vt 0.447998 0.199866 0.000000
vt 0.430612 0.208051 0.000000
vt 0.414992 0.216778 0.000000
vt 0.421816 0.204105 0.000000
vt 0.405566 0.213526 0.000000
vt 0.390680 0.223573 0.000000
vt 0.396143 0.210391 0.000000
vt 0.380726 0.221088 0.000000
vt 0.366508 0.232550 0.000000
vt 0.371007 0.218485 0.000000
vt 0.356301 0.230579 0.000000
vt 0.342717 0.243497 0.000000
vt 0.346558 0.228198 0.000000
vt 0.332519 0.241645 0.000000
vt 0.319720 0.255740 0.000000
vt 0.322908 0.239099 0.000000
vt 0.309683 0.253506 0.000000
vt 0.313787 0.235931 0.000000
vt 0.300170 0.250535 0.000000
vt 0.288257 0.265232 0.000000
vt 0.290947 0.247116 0.000000
vt 0.295773 0.228704 0.000000
vt 0.281702 0.243596 0.000000
vt 0.304893 0.232347 0.000000
vt 0.285920 0.225395 0.000000
vt 0.272145 0.240272 0.000000
vt 0.274859 0.222763 0.000000
vt 0.261808 0.237615 0.000000
vt 0.249092 0.252971 0.000000
vt 0.250207 0.236060 0.000000
vt 0.238465 0.251421 0.000000
vt 0.227179 0.266803 0.000000
vt 0.236990 0.268272 0.000000
vt 0.216877 0.281790 0.000000
vt 0.226002 0.282935 0.000000
vt 0.207915 0.296265 0.000000
vt 0.216493 0.297021 0.000000
vt 0.223879 0.299513 0.000000
vt 0.208192 0.311017 0.000000
vt 0.215375 0.313004 0.000000
vt 0.221582 0.316312 0.000000
vt 0.229808 0.303764 0.000000
vt 0.227334 0.320392 0.000000
vt 0.234759 0.309062 0.000000
vt 0.233508 0.324340 0.000000
vt 0.240130 0.314015 0.000000
vt 0.219824 0.333126 0.000000
vt 0.226176 0.336374 0.000000
vt 0.233211 0.339131 0.000000
vt 0.217826 0.350407 0.000000
vt 0.224510 0.352986 0.000000
vt 0.231754 0.355308 0.000000
vt 0.214871 0.368850 0.000000
vt 0.221777 0.371083 0.000000
vt 0.229221 0.373254 0.000000
vt 0.211597 0.388324 0.000000
vt 0.219173 0.389953 0.000000
vt 0.227236 0.391643 0.000000
vt 0.236851 0.375959 0.000000
vt 0.235437 0.393965 0.000000
vt 0.244405 0.379627 0.000000
vt 0.243576 0.397362 0.000000
vt 0.251806 0.384469 0.000000
vt 0.251646 0.401971 0.000000
vt 0.259181 0.390391 0.000000
vt 0.259712 0.407694 0.000000
vt 0.266705 0.397141 0.000000
vt 0.267726 0.414343 0.000000
vt 0.274408 0.404513 0.000000
vt 0.281046 0.395348 0.000000
vt 0.282195 0.412210 0.000000
vt 0.288602 0.403451 0.000000
vt 0.294689 0.395416 0.000000
vt 0.296515 0.410950 0.000000
vt 0.302378 0.402993 0.000000
vt 0.307956 0.395665 0.000000
vt 0.310817 0.408935 0.000000
vt 0.316221 0.401557 0.000000
vt 0.321876 0.394540 0.000000
vt 0.325462 0.406243 0.000000
vt 0.331095 0.399439 0.000000
vt 0.337545 0.392645 0.000000
vt 0.341451 0.403796 0.000000
vt 0.347861 0.397113 0.000000
vt 0.355175 0.390049 0.000000
vt 0.359405 0.400751 0.000000
vt 0.366592 0.393608 0.000000
vt 0.374419 0.386107 0.000000
vt 0.379384 0.396411 0.000000
vt 0.386822 0.389029 0.000000
vt 0.394357 0.381488 0.000000
vt 0.400267 0.391694 0.000000
vt 0.406996 0.384293 0.000000
vt 0.413557 0.376574 0.000000
vt 0.420210 0.386856 0.000000
vt 0.425748 0.379114 0.000000
vt 0.431338 0.371050 0.000000
vt 0.438330 0.381305 0.000000
vt 0.442904 0.373427 0.000000
vt 0.447764 0.365512 0.000000
vt 0.454910 0.375550 0.000000
vt 0.458784 0.367976 0.000000
vt 0.462991 0.360328 0.000000
vt 0.470272 0.370173 0.000000
vt 0.473517 0.362812 0.000000
vt 0.477214 0.355290 0.000000
vt 0.484456 0.364991 0.000000
vt 0.487206 0.357733 0.000000
vt 0.495872 0.366704 0.000000
vt 0.482249 0.372028 0.000000
vt 0.494710 0.373394 0.000000
vt 0.507575 0.374049 0.000000
vt 0.493965 0.379691 0.000000
vt 0.507696 0.379892 0.000000
vt 0.521366 0.379161 0.000000
vt 0.507932 0.385199 0.000000
vt 0.522026 0.383871 0.000000
vt 0.535256 0.381817 0.000000
vt 0.522667 0.388097 0.000000
vt 0.535969 0.385700 0.000000
vt 0.547767 0.383517 0.000000
vt 0.536786 0.389589 0.000000
vt 0.548523 0.387378 0.000000
vt 0.537760 0.393885 0.000000
vt 0.523465 0.392190 0.000000
vt 0.524501 0.396573 0.000000
vt 0.525730 0.401563 0.000000
vt 0.538833 0.398870 0.000000
vt 0.526893 0.407242 0.000000
vt 0.539817 0.404704 0.000000
vt 0.527619 0.413570 0.000000
vt 0.540459 0.411410 0.000000
vt 0.527815 0.420256 0.000000
vt 0.540698 0.418672 0.000000
vt 0.527756 0.426585 0.000000
vt 0.512855 0.422389 0.000000
vt 0.513002 0.428163 0.000000
vt 0.513311 0.433315 0.000000
vt 0.497493 0.430620 0.000000
vt 0.498521 0.435877 0.000000
vt 0.499881 0.440817 0.000000
vt 0.513900 0.437934 0.000000
vt 0.501618 0.445488 0.000000
vt 0.514851 0.442279 0.000000
vt 0.503783 0.449901 0.000000
vt 0.516287 0.446492 0.000000
vt 0.506322 0.454130 0.000000
vt 0.518230 0.450656 0.000000
vt 0.508960 0.458414 0.000000
vt 0.520419 0.455004 0.000000
vt 0.511384 0.462984 0.000000
vt 0.522531 0.459732 0.000000
vt 0.534007 0.458357 0.000000
vt 0.524386 0.464773 0.000000
vt 0.535479 0.463288 0.000000
vt 0.525962 0.469943 0.000000
vt 0.536719 0.468313 0.000000
vt 0.527300 0.475258 0.000000
vt 0.515326 0.472898 0.000000
vt 0.516963 0.478197 0.000000
vt 0.518410 0.483978 0.000000
vt 0.506708 0.482175 0.000000
vt 0.508451 0.487913 0.000000
vt 0.510145 0.494284 0.000000
vt 0.519720 0.490406 0.000000
vt 0.511981 0.501189 0.000000
vt 0.521046 0.497404 0.000000
vt 0.514151 0.508411 0.000000
vt 0.503058 0.505513 0.000000
vt 0.505909 0.512675 0.000000
vt 0.509130 0.519960 0.000000
vt 0.497997 0.517390 0.000000
vt 0.501833 0.524698 0.000000
vt 0.505941 0.531873 0.000000
vt 0.494922 0.529861 0.000000
vt 0.499496 0.537088 0.000000
vt 0.504371 0.543821 0.000000
vt 0.493397 0.542788 0.000000
vt 0.498652 0.549553 0.000000
vt 0.504283 0.555472 0.000000
vt 0.493217 0.555689 0.000000
vt 0.499214 0.561559 0.000000
vt 0.505523 0.566535 0.000000
vt 0.494476 0.567912 0.000000
vt 0.501115 0.572836 0.000000
vt 0.507808 0.576958 0.000000
vt 0.511975 0.570718 0.000000
vt 0.514384 0.580399 0.000000
vt 0.518399 0.574250 0.000000
vt 0.520810 0.583233 0.000000
vt 0.524764 0.577211 0.000000
vt 0.527121 0.585611 0.000000
vt 0.531091 0.579759 0.000000
vt 0.533299 0.587865 0.000000
vt 0.537348 0.582203 0.000000
vt 0.539264 0.590467 0.000000
vt 0.543435 0.584939 0.000000
vt 0.547664 0.578997 0.000000
vt 0.549255 0.588216 0.000000
vt 0.553564 0.582073 0.000000
vt 0.557807 0.575326 0.000000
vt 0.559313 0.585266 0.000000
vt 0.563711 0.577993 0.000000
vt 0.568099 0.570201 0.000000
vt 0.569686 0.580427 0.000000
vt 0.574288 0.572195 0.000000
vt 0.578909 0.563665 0.000000
vt 0.572508 0.562016 0.000000
vt 0.583492 0.554861 0.000000
vt 0.576894 0.553492 0.000000
vt 0.587854 0.545799 0.000000
vt 0.581088 0.544661 0.000000
vt 0.591790 0.536560 0.000000
vt 0.584944 0.535555 0.000000
vt 0.595251 0.527197 0.000000
vt 0.598841 0.537664 0.000000
vt 0.602208 0.528360 0.000000
vt 0.605212 0.519009 0.000000
vt 0.598454 0.517639 0.000000
vt 0.608250 0.509629 0.000000
vt 0.601668 0.507979 0.000000
vt 0.611464 0.500718 0.000000
vt 0.614902 0.511778 0.000000
vt 0.617988 0.503386 0.000000
vt 0.621180 0.496220 0.000000
vt 0.624513 0.506911 0.000000
vt 0.627578 0.500455 0.000000
vt 0.630669 0.495113 0.000000
vt 0.624200 0.490495 0.000000
vt 0.633690 0.490408 0.000000
vt 0.626998 0.485760 0.000000
vt 0.636629 0.485840 0.000000
vt 0.629637 0.481414 0.000000
vt 0.639516 0.480992 0.000000
vt 0.632142 0.477042 0.000000
vt 0.642408 0.475544 0.000000
vt 0.634580 0.472349 0.000000
vt 0.645117 0.469661 0.000000
vt 0.636871 0.467280 0.000000
vt 0.647320 0.463859 0.000000
vt 0.638844 0.462045 0.000000
vt 0.648995 0.458352 0.000000
vt 0.640522 0.456754 0.000000
vt 0.655088 0.465072 0.000000
vt 0.656830 0.458933 0.000000
vt 0.658103 0.453407 0.000000
vt 0.659333 0.473851 0.000000
vt 0.652628 0.471835 0.000000
vt 0.661734 0.485661 0.000000
vt 0.665313 0.476166 0.000000
vt 0.656007 0.482106 0.000000
vt 0.649590 0.478794 0.000000
vt 0.652609 0.489634 0.000000
vt 0.646376 0.485230 0.000000
vt 0.655146 0.501214 0.000000
vt 0.658273 0.494152 0.000000
vt 0.649401 0.496000 0.000000
vt 0.643233 0.490794 0.000000
vt 0.646375 0.501397 0.000000
vt 0.640128 0.495754 0.000000
vt 0.649787 0.512078 0.000000
vt 0.652365 0.507004 0.000000
vt 0.643443 0.506313 0.000000
vt 0.637026 0.500537 0.000000
vt 0.640635 0.511228 0.000000
vt 0.633998 0.505578 0.000000
vt 0.645004 0.522211 0.000000
vt 0.647331 0.517011 0.000000
vt 0.638053 0.516579 0.000000
vt 0.631163 0.511352 0.000000
vt 0.635649 0.522863 0.000000
vt 0.628579 0.518256 0.000000
vt 0.621660 0.514585 0.000000
vt 0.626104 0.526290 0.000000
vt 0.619039 0.523141 0.000000
vt 0.612073 0.520779 0.000000
vt 0.616313 0.532119 0.000000
vt 0.609249 0.529917 0.000000
vt 0.619831 0.544497 0.000000
vt 0.623337 0.535122 0.000000
vt 0.612994 0.541377 0.000000
vt 0.605955 0.539165 0.000000
vt 0.608817 0.550900 0.000000
vt 0.601901 0.548586 0.000000
vt 0.594847 0.547003 0.000000
vt 0.597178 0.558001 0.000000
vt 0.590304 0.556265 0.000000
vt 0.598519 0.569779 0.000000
vt 0.603889 0.560453 0.000000
vt 0.592088 0.567212 0.000000
vt 0.585477 0.565308 0.000000
vt 0.586908 0.576174 0.000000
vt 0.580593 0.574106 0.000000
vt 0.587574 0.587510 0.000000
vt 0.593015 0.578800 0.000000
vt 0.581800 0.584880 0.000000
vt 0.575758 0.582644 0.000000
vt 0.576846 0.593287 0.000000
vt 0.571015 0.590823 0.000000
vt 0.565114 0.588219 0.000000
vt 0.566435 0.598508 0.000000
vt 0.560610 0.595381 0.000000
vt 0.554896 0.591864 0.000000
vt 0.556302 0.601880 0.000000
vt 0.550580 0.597785 0.000000
vt 0.544975 0.593799 0.000000
vt 0.546508 0.603150 0.000000
vt 0.540902 0.598970 0.000000
vt 0.535306 0.595699 0.000000
vt 0.537086 0.603817 0.000000
vt 0.531598 0.600741 0.000000
vt 0.529505 0.593311 0.000000
vt 0.525944 0.598656 0.000000
vt 0.523447 0.591330 0.000000
vt 0.520001 0.597028 0.000000
vt 0.516637 0.602890 0.000000
vt 0.522495 0.604071 0.000000
vt 0.528057 0.605734 0.000000
vt 0.519071 0.609810 0.000000
vt 0.524606 0.610935 0.000000
vt 0.529931 0.613153 0.000000
vt 0.533455 0.608469 0.000000
vt 0.535140 0.616837 0.000000
vt 0.538892 0.612551 0.000000
vt 0.542656 0.608038 0.000000
vt 0.544300 0.617917 0.000000
vt 0.548332 0.613125 0.000000
vt 0.552258 0.607787 0.000000
vt 0.553883 0.618550 0.000000
vt 0.558016 0.612359 0.000000
vt 0.562115 0.605670 0.000000
vt 0.563585 0.616585 0.000000
vt 0.567785 0.609106 0.000000
vt 0.572152 0.601358 0.000000
vt 0.573145 0.612244 0.000000
vt 0.577509 0.604133 0.000000
vt 0.582343 0.595926 0.000000
vt 0.582435 0.606913 0.000000
vt 0.587306 0.599000 0.000000
vt 0.592811 0.590921 0.000000
vt 0.597233 0.595464 0.000000
vt 0.603411 0.587350 0.000000
vt 0.598616 0.582419 0.000000
vt 0.609671 0.578413 0.000000
vt 0.604475 0.573423 0.000000
vt 0.615777 0.568797 0.000000
vt 0.610172 0.563975 0.000000
vt 0.621417 0.558747 0.000000
vt 0.615395 0.554224 0.000000
vt 0.626272 0.548687 0.000000
vt 0.626690 0.564558 0.000000
vt 0.632120 0.554034 0.000000
vt 0.636556 0.544073 0.000000
vt 0.630152 0.539091 0.000000
vt 0.639993 0.535342 0.000000
vt 0.633156 0.530381 0.000000
vt 0.642674 0.528148 0.000000
vt 0.646396 0.540678 0.000000
vt 0.649360 0.533419 0.000000
vt 0.651677 0.527541 0.000000
vt 0.655523 0.538162 0.000000
vt 0.657895 0.532104 0.000000
vt 0.659847 0.526894 0.000000
vt 0.653762 0.522361 0.000000
vt 0.661709 0.521982 0.000000
vt 0.655858 0.517407 0.000000
vt 0.663691 0.516869 0.000000
vt 0.658087 0.512241 0.000000
vt 0.666000 0.510886 0.000000
vt 0.660613 0.506229 0.000000
vt 0.668826 0.503350 0.000000
vt 0.663598 0.498752 0.000000
vt 0.672200 0.494077 0.000000
vt 0.667036 0.489648 0.000000
vt 0.675981 0.483514 0.000000
vt 0.670757 0.479353 0.000000
vt 0.680073 0.472377 0.000000
vt 0.681137 0.488299 0.000000
vt 0.685376 0.477278 0.000000
vt 0.689961 0.466178 0.000000
vt 0.684568 0.461253 0.000000
vt 0.694803 0.455262 0.000000
vt 0.689534 0.450216 0.000000
vt 0.699743 0.444289 0.000000
vt 0.694775 0.438811 0.000000
vt 0.690709 0.434644 0.000000
vt 0.700188 0.426920 0.000000
vt 0.704735 0.433192 0.000000
vt 0.709972 0.422714 0.000000
vt 0.705865 0.415427 0.000000
vt 0.715711 0.414044 0.000000
vt 0.712032 0.405781 0.000000
vt 0.722046 0.407804 0.000000
vt 0.718873 0.398847 0.000000
vt 0.728904 0.403869 0.000000
vt 0.726406 0.394597 0.000000
vt 0.736213 0.401889 0.000000
vt 0.734548 0.392472 0.000000
vt 0.732527 0.383710 0.000000
vt 0.743135 0.391643 0.000000
vt 0.741667 0.382463 0.000000
vt 0.739766 0.373705 0.000000
vt 0.751258 0.382238 0.000000
vt 0.749729 0.373071 0.000000
vt 0.747658 0.364177 0.000000
vt 0.737476 0.365227 0.000000
vt 0.744979 0.355246 0.000000
vt 0.734631 0.356746 0.000000
vt 0.741487 0.345923 0.000000
vt 0.730923 0.347818 0.000000
vt 0.756499 0.356199 0.000000
vt 0.753359 0.346507 0.000000
vt 0.749039 0.336108 0.000000
vt 0.766775 0.350620 0.000000
vt 0.762888 0.339774 0.000000
vt 0.757433 0.327897 0.000000
vt 0.777871 0.346746 0.000000
vt 0.772884 0.334066 0.000000
vt 0.766282 0.320321 0.000000
vt 0.788587 0.342273 0.000000
vt 0.782514 0.327622 0.000000
vt 0.775195 0.312760 0.000000
vt 0.758366 0.306274 0.000000
vt 0.767311 0.298833 0.000000
vt 0.749944 0.293088 0.000000
vt 0.759866 0.286884 0.000000
vt 0.742075 0.281830 0.000000
vt 0.753682 0.277480 0.000000
vt 0.735534 0.273037 0.000000
vt 0.748726 0.270236 0.000000
vt 0.730270 0.266303 0.000000
vt 0.744317 0.264183 0.000000
vt 0.725717 0.260757 0.000000
vt 0.739761 0.258470 0.000000
vt 0.721296 0.255642 0.000000
vt 0.703553 0.254802 0.000000
vt 0.716579 0.250470 0.000000
vt 0.698997 0.249667 0.000000
vt 0.682886 0.249782 0.000000
vt 0.693992 0.244119 0.000000
vt 0.677979 0.243737 0.000000
vt 0.687907 0.237730 0.000000
vt 0.672188 0.237086 0.000000
vt 0.679771 0.229993 0.000000
vt 0.664420 0.229422 0.000000
vt 0.650619 0.229173 0.000000
vt 0.653494 0.220401 0.000000
vt 0.640191 0.220787 0.000000
vt 0.629127 0.222191 0.000000
vt 0.626342 0.211636 0.000000
vt 0.616284 0.214130 0.000000
vt 0.608336 0.217428 0.000000
vt 0.600618 0.206049 0.000000
vt 0.593811 0.210390 0.000000
vt 0.588616 0.214913 0.000000
vt 0.577102 0.203928 0.000000
vt 0.573033 0.209286 0.000000
vt 0.558993 0.198604 0.000000
vt 0.555745 0.204742 0.000000
vt 0.539567 0.194859 0.000000
vt 0.537228 0.201741 0.000000
vt 0.517872 0.200698 0.000000
vt 0.564917 0.192360 0.000000
vt 0.545387 0.187642 0.000000
vt 0.574064 0.186348 0.000000
vt 0.555211 0.180404 0.000000
vt 0.586601 0.181249 0.000000
vt 0.568333 0.173880 0.000000
vt 0.550242 0.168038 0.000000
vt 0.583496 0.168688 0.000000
vt 0.566196 0.161522 0.000000
vt 0.550431 0.155810 0.000000
vt 0.533210 0.163285 0.000000
vt 0.536869 0.151138 0.000000
vt 0.518502 0.159071 0.000000
vt 0.525387 0.147126 0.000000
vt 0.506270 0.155236 0.000000
vt 0.487486 0.164105 0.000000
vt 0.495755 0.151682 0.000000
vt 0.476983 0.160454 0.000000
vt 0.458334 0.169390 0.000000
vt 0.468407 0.173237 0.000000
vt 0.439805 0.178284 0.000000
vt 0.449249 0.182202 0.000000
vt 0.421479 0.187325 0.000000
vt 0.430564 0.191123 0.000000
vt 0.439556 0.195228 0.000000
vt 0.412779 0.200431 0.000000
vt 0.403678 0.196909 0.000000
vt 0.386802 0.207268 0.000000
vt 0.394816 0.193413 0.000000
vt 0.377732 0.204047 0.000000
vt 0.361636 0.215638 0.000000
vt 0.369046 0.200664 0.000000
vt 0.352698 0.212474 0.000000
vt 0.337318 0.225317 0.000000
vt 0.344060 0.209015 0.000000
vt 0.328471 0.221984 0.000000
vt 0.335273 0.205368 0.000000
vt 0.319687 0.218361 0.000000
vt 0.325734 0.201728 0.000000
vt 0.310445 0.214717 0.000000
vt 0.314767 0.198387 0.000000
vt 0.300129 0.211399 0.000000
vt 0.301829 0.195620 0.000000
vt 0.288200 0.208719 0.000000
vt 0.286550 0.193707 0.000000
vt 0.274204 0.207001 0.000000
vt 0.262124 0.221157 0.000000
vt 0.257710 0.206734 0.000000
vt 0.247231 0.221124 0.000000
vt 0.236873 0.236159 0.000000
vt 0.229880 0.223381 0.000000
vt 0.221496 0.238637 0.000000
vt 0.212848 0.254265 0.000000
vt 0.226472 0.251657 0.000000
vt 0.204069 0.269999 0.000000
vt 0.216249 0.267268 0.000000
vt 0.195753 0.285354 0.000000
vt 0.206770 0.282566 0.000000
vt 0.188375 0.299888 0.000000
vt 0.198471 0.297233 0.000000
vt 0.181904 0.313575 0.000000
vt 0.191208 0.311305 0.000000
vt 0.200056 0.310446 0.000000
vt 0.184566 0.325024 0.000000
vt 0.192776 0.324633 0.000000
vt 0.200460 0.325335 0.000000
vt 0.185844 0.338834 0.000000
vt 0.192958 0.340020 0.000000
vt 0.199600 0.341868 0.000000
vt 0.207454 0.327091 0.000000
vt 0.205773 0.344391 0.000000
vt 0.213785 0.329812 0.000000
vt 0.211704 0.347402 0.000000
vt 0.197513 0.359785 0.000000
vt 0.203033 0.362930 0.000000
vt 0.208679 0.366113 0.000000
vt 0.194114 0.379344 0.000000
vt 0.199165 0.383029 0.000000
vt 0.204886 0.386126 0.000000
vt 0.189726 0.400967 0.000000
vt 0.195068 0.404741 0.000000
vt 0.201831 0.406800 0.000000
vt 0.201408 0.426336 0.000000
vt 0.209737 0.407642 0.000000
vt 0.210468 0.425338 0.000000
vt 0.218287 0.408185 0.000000
vt 0.219736 0.424870 0.000000
vt 0.227080 0.409146 0.000000
vt 0.228956 0.425408 0.000000
vt 0.235849 0.411088 0.000000
vt 0.237981 0.427332 0.000000
vt 0.244492 0.414329 0.000000
vt 0.246668 0.430903 0.000000
vt 0.252963 0.418955 0.000000
vt 0.254793 0.436067 0.000000
vt 0.261120 0.424843 0.000000
vt 0.262066 0.442493 0.000000
vt 0.268702 0.431670 0.000000
vt 0.275513 0.421613 0.000000
vt 0.275550 0.438997 0.000000
vt 0.283009 0.429044 0.000000
vt 0.290072 0.419662 0.000000
vt 0.305043 0.417060 0.000000
vt 0.314572 0.421641 0.000000
vt 0.320121 0.413497 0.000000
vt 0.325417 0.425049 0.000000
vt 0.330503 0.417359 0.000000
vt 0.335767 0.410404 0.000000
vt 0.342197 0.420571 0.000000
vt 0.347338 0.413950 0.000000
vt 0.353011 0.407468 0.000000
vt 0.359953 0.416817 0.000000
vt 0.365777 0.410336 0.000000
vt 0.372286 0.403557 0.000000
vt 0.379349 0.412906 0.000000
vt 0.386239 0.406053 0.000000
vt 0.393311 0.398935 0.000000
vt 0.400839 0.408739 0.000000
vt 0.408012 0.401499 0.000000
vt 0.414398 0.394254 0.000000
vt 0.429112 0.396479 0.000000
vt 0.433848 0.389014 0.000000
vt 0.444503 0.397956 0.000000
vt 0.447943 0.390578 0.000000
vt 0.451344 0.383094 0.000000
vt 0.462612 0.391441 0.000000
vt 0.464901 0.384436 0.000000
vt 0.467431 0.377362 0.000000
vt 0.480479 0.378783 0.000000
vt 0.479008 0.385292 0.000000
vt 0.493466 0.385607 0.000000
vt 0.477804 0.391648 0.000000
vt 0.493194 0.391236 0.000000
vt 0.508286 0.390076 0.000000
vt 0.476965 0.397909 0.000000
vt 0.493253 0.396708 0.000000
vt 0.508880 0.394758 0.000000
vt 0.493691 0.402177 0.000000
vt 0.509771 0.399563 0.000000
vt 0.494430 0.407761 0.000000
vt 0.510876 0.404742 0.000000
vt 0.495279 0.413468 0.000000
vt 0.511921 0.410337 0.000000
vt 0.496035 0.419263 0.000000
vt 0.512587 0.416294 0.000000
vt 0.496715 0.425044 0.000000
vt 0.479028 0.422652 0.000000
vt 0.480494 0.428557 0.000000
vt 0.482174 0.434270 0.000000
vt 0.464996 0.433092 0.000000
vt 0.467595 0.439114 0.000000
vt 0.470399 0.444847 0.000000
vt 0.484122 0.439775 0.000000
vt 0.473423 0.450290 0.000000
vt 0.486383 0.445044 0.000000
vt 0.476654 0.455421 0.000000
vt 0.488964 0.450037 0.000000
vt 0.480031 0.460189 0.000000
vt 0.491839 0.454699 0.000000
vt 0.483405 0.464564 0.000000
vt 0.494882 0.459045 0.000000
vt 0.486579 0.468664 0.000000
vt 0.497845 0.463251 0.000000
vt 0.489406 0.472750 0.000000
vt 0.500494 0.467566 0.000000
vt 0.491883 0.477061 0.000000
vt 0.502785 0.472133 0.000000
vt 0.513485 0.467850 0.000000
vt 0.504828 0.476974 0.000000
vt 0.494124 0.481711 0.000000
vt 0.496253 0.486783 0.000000
vt 0.483039 0.486912 0.000000
vt 0.485575 0.491766 0.000000
vt 0.488237 0.497244 0.000000
vt 0.498357 0.492423 0.000000
vt 0.491161 0.503436 0.000000
vt 0.500571 0.498698 0.000000
vt 0.494420 0.510226 0.000000
vt 0.482286 0.508513 0.000000
vt 0.486291 0.515298 0.000000
vt 0.490526 0.522506 0.000000
vt 0.478796 0.520828 0.000000
vt 0.483548 0.528082 0.000000
vt 0.488406 0.535502 0.000000
vt 0.477031 0.534141 0.000000
vt 0.482246 0.541633 0.000000
vt 0.487593 0.548955 0.000000
vt 0.476362 0.548188 0.000000
vt 0.482052 0.555471 0.000000
vt 0.488077 0.562119 0.000000
vt 0.476794 0.562186 0.000000
vt 0.483284 0.568747 0.000000
vt 0.490111 0.574491 0.000000
vt 0.478864 0.575521 0.000000
vt 0.486098 0.581268 0.000000
vt 0.493337 0.586128 0.000000
vt 0.497072 0.579375 0.000000
vt 0.500420 0.590020 0.000000
vt 0.503980 0.583395 0.000000
vt 0.507253 0.593008 0.000000
vt 0.510696 0.586638 0.000000
vt 0.513777 0.595271 0.000000
vt 0.517178 0.589223 0.000000
vt 0.503928 0.599637 0.000000
vt 0.510462 0.601550 0.000000
vt 0.500615 0.606671 0.000000
vt 0.507130 0.608254 0.000000
vt 0.513256 0.609150 0.000000
vt 0.503732 0.615476 0.000000
vt 0.509838 0.616011 0.000000
vt 0.515665 0.616177 0.000000
vt 0.506431 0.623558 0.000000
vt 0.512343 0.623450 0.000000
vt 0.518016 0.623433 0.000000
vt 0.521241 0.616696 0.000000
vt 0.523360 0.624038 0.000000
vt 0.526537 0.618189 0.000000
vt 0.531474 0.621103 0.000000
vt 0.535708 0.625966 0.000000
vt 0.540058 0.622191 0.000000
vt 0.544401 0.629001 0.000000
vt 0.549400 0.624138 0.000000
vt 0.548514 0.636334 0.000000
vt 0.554244 0.630426 0.000000
vt 0.559199 0.623758 0.000000
vt 0.559367 0.636081 0.000000
vt 0.564522 0.628356 0.000000
vt 0.568974 0.620333 0.000000
vt 0.570335 0.632098 0.000000
vt 0.574502 0.623415 0.000000
vt 0.578319 0.614997 0.000000
vt 0.580558 0.625421 0.000000
vt 0.584609 0.635523 0.000000
vt 0.587377 0.625617 0.000000
vt 0.576992 0.634680 0.000000
vt 0.593050 0.633973 0.000000
vt 0.594928 0.623334 0.000000
vt 0.602023 0.629529 0.000000
vt 0.602921 0.618440 0.000000
vt 0.602394 0.609095 0.000000
vt 0.611059 0.611179 0.000000
vt 0.609713 0.601707 0.000000
vt 0.607158 0.593759 0.000000
vt 0.600500 0.601453 0.000000
vt 0.617053 0.592734 0.000000
vt 0.613906 0.584847 0.000000
vt 0.624247 0.582565 0.000000
vt 0.620511 0.575000 0.000000
vt 0.631073 0.571611 0.000000
vt 0.626999 0.591336 0.000000
vt 0.634547 0.579686 0.000000
vt 0.641517 0.567556 0.000000
vt 0.637228 0.560425 0.000000
vt 0.647521 0.555886 0.000000
vt 0.642388 0.549806 0.000000
vt 0.652210 0.545899 0.000000
vt 0.652096 0.561847 0.000000
vt 0.657680 0.550555 0.000000
vt 0.661495 0.541981 0.000000
vt 0.670890 0.537407 0.000000
vt 0.664020 0.535582 0.000000
vt 0.672760 0.532152 0.000000
vt 0.665942 0.530339 0.000000
vt 0.674356 0.527421 0.000000
vt 0.667677 0.525526 0.000000
vt 0.675926 0.522533 0.000000
vt 0.669478 0.520559 0.000000
vt 0.677625 0.516929 0.000000
vt 0.671559 0.514778 0.000000
vt 0.674138 0.507509 0.000000
vt 0.677342 0.498571 0.000000
vt 0.683487 0.521725 0.000000
vt 0.684504 0.515995 0.000000
vt 0.692010 0.517815 0.000000
vt 0.692065 0.511493 0.000000
vt 0.700910 0.511206 0.000000
vt 0.699875 0.504070 0.000000
vt 0.697938 0.496615 0.000000
vt 0.707496 0.494946 0.000000
vt 0.704458 0.486897 0.000000
vt 0.700387 0.479147 0.000000
vt 0.694813 0.489418 0.000000
vt 0.695407 0.472158 0.000000
vt 0.690474 0.482954 0.000000
vt 0.705881 0.468829 0.000000
vt 0.700443 0.461508 0.000000
vt 0.711021 0.458791 0.000000
vt 0.705344 0.451027 0.000000
vt 0.715725 0.449198 0.000000
vt 0.710042 0.440747 0.000000
vt 0.720266 0.440468 0.000000
vt 0.714803 0.431241 0.000000
vt 0.725029 0.433047 0.000000
vt 0.719976 0.423367 0.000000
vt 0.730064 0.426935 0.000000
vt 0.725636 0.417478 0.000000
vt 0.730682 0.442302 0.000000
vt 0.735378 0.435302 0.000000
vt 0.736337 0.450691 0.000000
vt 0.741070 0.442474 0.000000
vt 0.745347 0.433591 0.000000
vt 0.746718 0.448843 0.000000
vt 0.751371 0.438635 0.000000
vt 0.755337 0.427583 0.000000
vt 0.748730 0.423749 0.000000
vt 0.758447 0.416092 0.000000
vt 0.750959 0.413049 0.000000
vt 0.760618 0.404801 0.000000
vt 0.752085 0.402200 0.000000
vt 0.743944 0.401421 0.000000
vt 0.752134 0.391887 0.000000
vt 0.761659 0.394142 0.000000
vt 0.761548 0.384166 0.000000
vt 0.771577 0.399644 0.000000
vt 0.772546 0.389608 0.000000
vt 0.772347 0.379964 0.000000
vt 0.760534 0.374715 0.000000
vt 0.771277 0.370444 0.000000
vt 0.758837 0.365508 0.000000
vt 0.769463 0.360741 0.000000
vt 0.784555 0.379214 0.000000
vt 0.783463 0.369025 0.000000
vt 0.781315 0.358295 0.000000
vt 0.797521 0.379883 0.000000
vt 0.796046 0.368364 0.000000
vt 0.793109 0.355900 0.000000
vt 0.810009 0.379361 0.000000
vt 0.807670 0.365798 0.000000
vt 0.803603 0.351104 0.000000
vt 0.820800 0.374922 0.000000
vt 0.817084 0.358958 0.000000
vt 0.811801 0.342628 0.000000
vt 0.797992 0.335606 0.000000
vt 0.805599 0.326896 0.000000
vt 0.791258 0.320203 0.000000
vt 0.799159 0.312688 0.000000
vt 0.784046 0.305957 0.000000
vt 0.793195 0.300605 0.000000
vt 0.777265 0.293763 0.000000
vt 0.788095 0.290748 0.000000
vt 0.771608 0.284034 0.000000
vt 0.783531 0.282480 0.000000
vt 0.766930 0.276278 0.000000
vt 0.778739 0.274786 0.000000
vt 0.762464 0.269455 0.000000
vt 0.773197 0.266988 0.000000
vt 0.757522 0.262751 0.000000
vt 0.766713 0.258816 0.000000
vt 0.751755 0.255781 0.000000
vt 0.734623 0.252624 0.000000
vt 0.744899 0.248256 0.000000
vt 0.728553 0.246285 0.000000
vt 0.711158 0.244844 0.000000
vt 0.721104 0.239021 0.000000
vt 0.704499 0.238312 0.000000
vt 0.711655 0.230357 0.000000
vt 0.695818 0.230335 0.000000
vt 0.699570 0.220050 0.000000
vt 0.684323 0.220606 0.000000
vt 0.668577 0.220585 0.000000
vt 0.669908 0.209503 0.000000
vt 0.654196 0.209904 0.000000
vt 0.639155 0.210326 0.000000
vt 0.637589 0.198771 0.000000
vt 0.622463 0.200006 0.000000
vt 0.609922 0.202394 0.000000
vt 0.604728 0.190115 0.000000
vt 0.592276 0.193779 0.000000
vt 0.583258 0.198607 0.000000
vt 0.619823 0.187793 0.000000
vt 0.601592 0.177539 0.000000
vt 0.635470 0.186200 0.000000
vt 0.617449 0.175184 0.000000
vt 0.600069 0.165336 0.000000
vt 0.604642 0.155802 0.000000
vt 0.583833 0.157042 0.000000
vt 0.592189 0.148291 0.000000
vt 0.569339 0.150352 0.000000
vt 0.581320 0.142180 0.000000
vt 0.557032 0.145035 0.000000
vt 0.571539 0.136953 0.000000
vt 0.546481 0.140589 0.000000
vt 0.561909 0.132048 0.000000
vt 0.536784 0.136535 0.000000
vt 0.515236 0.143455 0.000000
vt 0.527391 0.132701 0.000000
vt 0.505725 0.139960 0.000000
vt 0.486124 0.148279 0.000000
vt 0.496335 0.136574 0.000000
vt 0.476700 0.144934 0.000000
vt 0.458126 0.153565 0.000000
vt 0.467435 0.156982 0.000000
vt 0.439983 0.162205 0.000000
vt 0.449046 0.165761 0.000000
vt 0.422009 0.170933 0.000000
vt 0.430806 0.174573 0.000000
vt 0.404059 0.180036 0.000000
vt 0.412649 0.183663 0.000000
vt 0.386277 0.189873 0.000000
vt 0.395171 0.176388 0.000000
vt 0.377674 0.186274 0.000000
vt 0.360519 0.197118 0.000000
vt 0.368317 0.182593 0.000000
vt 0.351564 0.193455 0.000000
vt 0.357517 0.178901 0.000000
vt 0.341502 0.189804 0.000000
vt 0.344777 0.175376 0.000000
vt 0.329694 0.186404 0.000000
vt 0.329816 0.172203 0.000000
vt 0.315703 0.183481 0.000000
vt 0.312551 0.169544 0.000000
vt 0.299299 0.181254 0.000000
vt 0.293131 0.167532 0.000000
vt 0.280429 0.179982 0.000000
vt 0.268667 0.193034 0.000000
vt 0.259365 0.179791 0.000000
vt 0.248182 0.193978 0.000000
vt 0.238518 0.208517 0.000000
vt 0.225424 0.196652 0.000000
vt 0.216826 0.212795 0.000000
vt 0.210226 0.228518 0.000000
vt 0.189037 0.236702 0.000000
vt 0.185625 0.252354 0.000000
vt 0.204177 0.244032 0.000000
vt 0.181535 0.267567 0.000000
vt 0.197684 0.259601 0.000000
vt 0.176709 0.282447 0.000000
vt 0.190746 0.275112 0.000000
vt 0.171739 0.296621 0.000000
vt 0.183965 0.290089 0.000000
vt 0.167119 0.309804 0.000000
vt 0.177825 0.304107 0.000000
vt 0.163065 0.322090 0.000000
vt 0.172420 0.317186 0.000000
vt 0.159740 0.333509 0.000000
vt 0.167722 0.329421 0.000000
vt 0.176101 0.326598 0.000000
vt 0.163870 0.340583 0.000000
vt 0.170960 0.338830 0.000000
vt 0.178409 0.338361 0.000000
vt 0.172888 0.350909 0.000000
vt 0.179382 0.352661 0.000000
vt 0.168102 0.362166 0.000000
vt 0.173594 0.365532 0.000000
vt 0.179027 0.368893 0.000000
vt 0.185736 0.354725 0.000000
vt 0.184244 0.372214 0.000000
vt 0.191787 0.357053 0.000000
vt 0.189242 0.375652 0.000000
vt 0.177292 0.386820 0.000000
vt 0.181340 0.391539 0.000000
vt 0.185361 0.396300 0.000000
vt 0.174083 0.406777 0.000000
vt 0.177070 0.413288 0.000000
vt 0.167435 0.420795 0.000000
vt 0.169278 0.429575 0.000000
vt 0.161047 0.433387 0.000000
vt 0.161850 0.444275 0.000000
vt 0.154424 0.444636 0.000000
vt 0.154544 0.457014 0.000000
vt 0.154633 0.471583 0.000000
vt 0.147119 0.467999 0.000000
vt 0.147114 0.483472 0.000000
vt 0.147568 0.501827 0.000000
vt 0.154932 0.489367 0.000000
vt 0.148889 0.522706 0.000000
vt 0.155746 0.510185 0.000000
vt 0.151544 0.544799 0.000000
vt 0.157705 0.532224 0.000000
vt 0.164356 0.519116 0.000000
vt 0.161245 0.553700 0.000000
vt 0.167029 0.540289 0.000000
vt 0.173445 0.527010 0.000000
vt 0.171737 0.506375 0.000000
vt 0.180660 0.514499 0.000000
vt 0.179817 0.495124 0.000000
vt 0.188678 0.503495 0.000000
vt 0.188504 0.485737 0.000000
vt 0.190423 0.466301 0.000000
vt 0.194760 0.446106 0.000000
vt 0.197662 0.478386 0.000000
vt 0.199923 0.460942 0.000000
vt 0.204226 0.443029 0.000000
vt 0.209499 0.457234 0.000000
vt 0.213784 0.440977 0.000000
vt 0.218901 0.455194 0.000000
vt 0.223220 0.440168 0.000000
vt 0.227972 0.454955 0.000000
vt 0.232390 0.440901 0.000000
vt 0.236498 0.456788 0.000000
vt 0.241094 0.443526 0.000000
vt 0.244235 0.460715 0.000000
vt 0.249062 0.448046 0.000000
vt 0.251076 0.466377 0.000000
vt 0.256068 0.454113 0.000000
vt 0.257163 0.473165 0.000000
vt 0.262128 0.461170 0.000000
vt 0.268366 0.449693 0.000000
vt 0.267601 0.468714 0.000000
vt 0.273912 0.457336 0.000000
vt 0.273005 0.476572 0.000000
vt 0.279108 0.465566 0.000000
vt 0.278695 0.484907 0.000000
vt 0.284287 0.474681 0.000000
vt 0.284764 0.493587 0.000000
vt 0.289819 0.484242 0.000000
vt 0.296531 0.476115 0.000000
vt 0.305089 0.469699 0.000000
vt 0.295771 0.493333 0.000000
vt 0.301668 0.485593 0.000000
vt 0.308902 0.478882 0.000000
vt 0.307390 0.493540 0.000000
vt 0.313893 0.486296 0.000000
vt 0.313486 0.499829 0.000000
vt 0.319602 0.492150 0.000000
vt 0.326465 0.484088 0.000000
vt 0.333421 0.475478 0.000000
vt 0.325733 0.496745 0.000000
vt 0.332479 0.488215 0.000000
vt 0.339729 0.479010 0.000000
vt 0.339939 0.466266 0.000000
vt 0.347054 0.469358 0.000000
vt 0.338655 0.491922 0.000000
vt 0.345933 0.482663 0.000000
vt 0.353637 0.473019 0.000000
vt 0.354182 0.459753 0.000000
vt 0.361440 0.463516 0.000000
vt 0.351885 0.486565 0.000000
vt 0.359671 0.477233 0.000000
vt 0.367857 0.468028 0.000000
vt 0.369021 0.454698 0.000000
vt 0.376044 0.459453 0.000000
vt 0.365150 0.482036 0.000000
vt 0.373457 0.473255 0.000000
vt 0.382036 0.464965 0.000000
vt 0.383922 0.451770 0.000000
vt 0.390471 0.457432 0.000000
vt 0.378243 0.479210 0.000000
vt 0.386967 0.471244 0.000000
vt 0.395745 0.463905 0.000000
vt 0.398633 0.450547 0.000000
vt 0.404316 0.457157 0.000000
vt 0.390865 0.478311 0.000000
vt 0.399784 0.471172 0.000000
vt 0.408651 0.464539 0.000000
vt 0.412996 0.450723 0.000000
vt 0.417602 0.458107 0.000000
vt 0.402936 0.478882 0.000000
vt 0.412071 0.472125 0.000000
vt 0.421360 0.465433 0.000000
vt 0.427222 0.451585 0.000000
vt 0.431139 0.458555 0.000000
vt 0.415021 0.479311 0.000000
vt 0.424664 0.472139 0.000000
vt 0.434744 0.464889 0.000000
vt 0.441944 0.451607 0.000000
vt 0.445617 0.457704 0.000000
vt 0.427717 0.478098 0.000000
vt 0.438145 0.470542 0.000000
vt 0.449225 0.463251 0.000000
vt 0.457513 0.450904 0.000000
vt 0.461006 0.456409 0.000000
vt 0.441407 0.475587 0.000000
vt 0.452767 0.468293 0.000000
vt 0.464566 0.461517 0.000000
vt 0.456240 0.472882 0.000000
vt 0.468134 0.466231 0.000000
vt 0.459627 0.477063 0.000000
vt 0.471600 0.470530 0.000000
vt 0.462885 0.480942 0.000000
vt 0.474843 0.474511 0.000000
vt 0.466000 0.484698 0.000000
vt 0.477795 0.478419 0.000000
vt 0.469025 0.488529 0.000000
vt 0.480489 0.482503 0.000000
vt 0.472055 0.492620 0.000000
vt 0.458317 0.495313 0.000000
vt 0.461936 0.499046 0.000000
vt 0.465741 0.503229 0.000000
vt 0.475201 0.497171 0.000000
vt 0.469814 0.508179 0.000000
vt 0.478584 0.502427 0.000000
vt 0.474189 0.514085 0.000000
vt 0.461993 0.514576 0.000000
vt 0.466845 0.520211 0.000000
vt 0.471892 0.526857 0.000000
vt 0.460128 0.526927 0.000000
vt 0.465453 0.533411 0.000000
vt 0.470861 0.540678 0.000000
vt 0.459326 0.540449 0.000000
vt 0.464911 0.547592 0.000000
vt 0.470692 0.555009 0.000000
vt 0.459120 0.554721 0.000000
vt 0.465257 0.561960 0.000000
vt 0.471863 0.569012 0.000000
vt 0.460121 0.569019 0.000000
vt 0.467278 0.575989 0.000000
vt 0.474773 0.582495 0.000000
vt 0.463122 0.583236 0.000000
vt 0.470963 0.589772 0.000000
vt 0.478779 0.595577 0.000000
vt 0.482354 0.588279 0.000000
vt 0.486390 0.600426 0.000000
vt 0.489811 0.593130 0.000000
vt 0.493683 0.604128 0.000000
vt 0.497023 0.596901 0.000000
vt 0.482996 0.607906 0.000000
vt 0.490305 0.611620 0.000000
vt 0.497230 0.614099 0.000000
vt 0.486787 0.619146 0.000000
vt 0.493689 0.621737 0.000000
vt 0.500244 0.623131 0.000000
vt 0.489920 0.629359 0.000000
vt 0.496640 0.631001 0.000000
vt 0.503055 0.631629 0.000000
vt 0.492900 0.638804 0.000000
vt 0.499655 0.639830 0.000000
vt 0.506016 0.640151 0.000000
vt 0.509141 0.631586 0.000000
vt 0.512128 0.639927 0.000000
vt 0.514967 0.631290 0.000000
vt 0.518151 0.639140 0.000000
vt 0.520508 0.631049 0.000000
vt 0.502937 0.648621 0.000000
vt 0.496166 0.647793 0.000000
vt 0.492610 0.655337 0.000000
vt 0.499811 0.656598 0.000000
vt 0.488987 0.662486 0.000000
vt 0.496444 0.663894 0.000000
vt 0.485257 0.669459 0.000000
vt 0.492801 0.670730 0.000000
vt 0.499968 0.672081 0.000000
vt 0.488943 0.677638 0.000000
vt 0.495975 0.678690 0.000000
vt 0.506874 0.674249 0.000000
vt 0.513020 0.678120 0.000000
vt 0.517697 0.683845 0.000000
vt 0.524273 0.678908 0.000000
vt 0.520846 0.690721 0.000000
vt 0.528682 0.686189 0.000000
vt 0.536209 0.681382 0.000000
vt 0.530755 0.673879 0.000000
vt 0.543758 0.676040 0.000000
vt 0.537596 0.668630 0.000000
vt 0.551499 0.669783 0.000000
vt 0.544873 0.662840 0.000000
vt 0.559221 0.662385 0.000000
vt 0.552293 0.656347 0.000000
vt 0.566362 0.653811 0.000000
vt 0.559273 0.648989 0.000000
vt 0.553306 0.643149 0.000000
vt 0.565331 0.640778 0.000000
vt 0.572350 0.644356 0.000000
vt 0.574322 0.657435 0.000000
vt 0.580384 0.646404 0.000000
vt 0.566625 0.667546 0.000000
vt 0.564245 0.681691 0.000000
vt 0.558101 0.676113 0.000000
vt 0.558528 0.694854 0.000000
vt 0.569417 0.686539 0.000000
vt 0.554352 0.689482 0.000000
vt 0.549383 0.683121 0.000000
vt 0.544456 0.695704 0.000000
vt 0.540696 0.688848 0.000000
vt 0.536877 0.706937 0.000000
vt 0.547655 0.701534 0.000000
vt 0.534572 0.700740 0.000000
vt 0.531954 0.693677 0.000000
vt 0.524686 0.704873 0.000000
vt 0.522987 0.697918 0.000000
vt 0.515848 0.714637 0.000000
vt 0.526277 0.711226 0.000000
vt 0.514752 0.708360 0.000000
vt 0.513683 0.701705 0.000000
vt 0.504709 0.711412 0.000000
vt 0.504068 0.704989 0.000000
vt 0.512505 0.694883 0.000000
vt 0.503733 0.698263 0.000000
vt 0.494441 0.707554 0.000000
vt 0.494916 0.700493 0.000000
vt 0.484719 0.715756 0.000000
vt 0.494607 0.714000 0.000000
vt 0.485253 0.709049 0.000000
vt 0.486525 0.701472 0.000000
vt 0.476830 0.709258 0.000000
vt 0.478785 0.701324 0.000000
vt 0.488840 0.693478 0.000000
vt 0.481582 0.693033 0.000000
vt 0.471591 0.700334 0.000000
vt 0.474442 0.692085 0.000000
vt 0.492107 0.685769 0.000000
vt 0.485088 0.685042 0.000000
vt 0.477788 0.684100 0.000000
vt 0.473563 0.675281 0.000000
vt 0.470213 0.682916 0.000000
vt 0.481464 0.676579 0.000000
vt 0.467314 0.690845 0.000000
vt 0.462624 0.681562 0.000000
vt 0.460273 0.689546 0.000000
vt 0.458146 0.697398 0.000000
vt 0.464756 0.698888 0.000000
vt 0.455766 0.704766 0.000000
vt 0.462283 0.706620 0.000000
vt 0.469221 0.708306 0.000000
vt 0.459608 0.713536 0.000000
vt 0.467079 0.715379 0.000000
vt 0.475451 0.716240 0.000000
vt 0.464868 0.721397 0.000000
vt 0.474214 0.722213 0.000000
vt 0.484398 0.721665 0.000000
vt 0.472844 0.727559 0.000000
vt 0.483918 0.727143 0.000000
vt 0.495129 0.725604 0.000000
vt 0.494949 0.719931 0.000000
vt 0.506123 0.723323 0.000000
vt 0.505457 0.717495 0.000000
vt 0.516939 0.720458 0.000000
vt 0.506662 0.728944 0.000000
vt 0.518000 0.725806 0.000000
vt 0.529313 0.721684 0.000000
vt 0.527822 0.716821 0.000000
vt 0.540790 0.716466 0.000000
vt 0.538939 0.712132 0.000000
vt 0.552449 0.710257 0.000000
vt 0.550293 0.706297 0.000000
vt 0.564148 0.703240 0.000000
vt 0.561753 0.699331 0.000000
vt 0.575639 0.695292 0.000000
vt 0.573137 0.691024 0.000000
vt 0.586895 0.686073 0.000000
vt 0.577502 0.699435 0.000000
vt 0.588621 0.690852 0.000000
vt 0.599782 0.680922 0.000000
vt 0.598326 0.675422 0.000000
vt 0.611480 0.669502 0.000000
vt 0.610319 0.663378 0.000000
vt 0.623656 0.656450 0.000000
vt 0.622552 0.649899 0.000000
vt 0.621570 0.642375 0.000000
vt 0.634305 0.635036 0.000000
vt 0.632930 0.627779 0.000000
vt 0.631621 0.619669 0.000000
vt 0.620921 0.633422 0.000000
vt 0.630388 0.610585 0.000000
vt 0.620672 0.623099 0.000000
vt 0.628968 0.600897 0.000000
vt 0.620259 0.612295 0.000000
vt 0.611220 0.622083 0.000000
vt 0.619127 0.601978 0.000000
vt 0.639562 0.596825 0.000000
vt 0.637300 0.588296 0.000000
vt 0.648294 0.582091 0.000000
vt 0.645121 0.574937 0.000000
vt 0.641584 0.604787 0.000000
vt 0.651139 0.588878 0.000000
vt 0.643465 0.612091 0.000000
vt 0.653490 0.595506 0.000000
vt 0.645204 0.618994 0.000000
vt 0.655432 0.602172 0.000000
vt 0.665496 0.585492 0.000000
vt 0.657102 0.609236 0.000000
vt 0.667102 0.592714 0.000000
vt 0.677191 0.577660 0.000000
vt 0.675985 0.570549 0.000000
vt 0.687764 0.565293 0.000000
vt 0.687227 0.558751 0.000000
vt 0.698813 0.555998 0.000000
vt 0.698883 0.550057 0.000000
vt 0.699054 0.544890 0.000000
vt 0.710348 0.543594 0.000000
vt 0.710731 0.538461 0.000000
vt 0.711099 0.533391 0.000000
vt 0.699405 0.539770 0.000000
vt 0.711464 0.528152 0.000000
vt 0.700013 0.534433 0.000000
vt 0.711721 0.522630 0.000000
vt 0.700685 0.529062 0.000000
vt 0.689596 0.533988 0.000000
vt 0.679370 0.536942 0.000000
vt 0.701178 0.523607 0.000000
vt 0.690699 0.528748 0.000000
vt 0.680996 0.531681 0.000000
vt 0.691518 0.523519 0.000000
vt 0.682323 0.526834 0.000000
vt 0.701296 0.517725 0.000000
vt 0.711632 0.516660 0.000000
vt 0.710970 0.510053 0.000000
vt 0.709622 0.502778 0.000000
vt 0.720040 0.501436 0.000000
vt 0.717715 0.493625 0.000000
vt 0.714596 0.485337 0.000000
vt 0.724852 0.484509 0.000000
vt 0.720905 0.475958 0.000000
vt 0.716284 0.467240 0.000000
vt 0.710655 0.476914 0.000000
vt 0.726428 0.467082 0.000000
vt 0.721308 0.458128 0.000000
vt 0.731468 0.458733 0.000000
vt 0.725997 0.449798 0.000000
vt 0.731004 0.475668 0.000000
vt 0.736494 0.467000 0.000000
vt 0.741690 0.458195 0.000000
vt 0.741273 0.474677 0.000000
vt 0.746847 0.465171 0.000000
vt 0.752218 0.455010 0.000000
vt 0.752167 0.472117 0.000000
vt 0.757721 0.461574 0.000000
vt 0.763179 0.450704 0.000000
vt 0.757329 0.444153 0.000000
vt 0.768396 0.439852 0.000000
vt 0.761962 0.432814 0.000000
vt 0.773271 0.429192 0.000000
vt 0.766001 0.421367 0.000000
vt 0.777698 0.418793 0.000000
vt 0.769316 0.410231 0.000000
vt 0.781321 0.408702 0.000000
vt 0.785414 0.429742 0.000000
vt 0.790269 0.420406 0.000000
vt 0.794088 0.410879 0.000000
vt 0.783681 0.398856 0.000000
vt 0.796529 0.400988 0.000000
vt 0.784675 0.389088 0.000000
vt 0.797659 0.390687 0.000000
vt 0.807113 0.414079 0.000000
vt 0.809594 0.403376 0.000000
vt 0.810615 0.391848 0.000000
vt 0.819897 0.416217 0.000000
vt 0.822120 0.403786 0.000000
vt 0.822508 0.389957 0.000000
vt 0.831960 0.415300 0.000000
vt 0.833380 0.399614 0.000000
vt 0.832265 0.382504 0.000000
vt 0.839369 0.369557 0.000000
vt 0.828803 0.364924 0.000000
vt 0.834757 0.351692 0.000000
vt 0.823797 0.347765 0.000000
vt 0.829820 0.335963 0.000000
vt 0.818160 0.331921 0.000000
vt 0.825076 0.322458 0.000000
vt 0.812561 0.317998 0.000000
vt 0.820676 0.310909 0.000000
vt 0.807413 0.306169 0.000000
vt 0.816461 0.300900 0.000000
vt 0.802754 0.296210 0.000000
vt 0.811927 0.291768 0.000000
vt 0.798138 0.287446 0.000000
vt 0.806494 0.282748 0.000000
vt 0.792937 0.279011 0.000000
vt 0.799840 0.273325 0.000000
vt 0.786813 0.270354 0.000000
vt 0.791855 0.263226 0.000000
vt 0.779658 0.261211 0.000000
vt 0.782400 0.252268 0.000000
vt 0.771283 0.251358 0.000000
vt 0.759095 0.250041 0.000000
vt 0.761190 0.240427 0.000000
vt 0.749927 0.240310 0.000000
vt 0.736567 0.239798 0.000000
vt 0.738507 0.229210 0.000000
vt 0.726183 0.230016 0.000000
vt 0.723969 0.216506 0.000000
vt 0.713109 0.218715 0.000000
vt 0.705643 0.202449 0.000000
vt 0.696944 0.206133 0.000000
vt 0.684661 0.208408 0.000000
vt 0.678092 0.193174 0.000000
vt 0.667468 0.196227 0.000000
vt 0.653297 0.197816 0.000000
vt 0.683827 0.188173 0.000000
vt 0.710686 0.197663 0.000000
vt 0.685256 0.181780 0.000000
vt 0.657195 0.168174 0.000000
vt 0.684060 0.175066 0.000000
vt 0.651809 0.160452 0.000000
vt 0.620070 0.151287 0.000000
vt 0.629423 0.159222 0.000000
vt 0.645619 0.153334 0.000000
vt 0.611046 0.144405 0.000000
vt 0.638496 0.145941 0.000000
vt 0.601968 0.137966 0.000000
vt 0.626437 0.133056 0.000000
vt 0.591593 0.131092 0.000000
vt 0.609265 0.123220 0.000000
vt 0.579871 0.124528 0.000000
vt 0.552097 0.127380 0.000000
vt 0.568306 0.118656 0.000000
vt 0.542195 0.123013 0.000000
vt 0.517994 0.129055 0.000000
vt 0.531812 0.118745 0.000000
vt 0.507997 0.125415 0.000000
vt 0.486381 0.133145 0.000000
vt 0.496414 0.121374 0.000000
vt 0.474913 0.129340 0.000000
vt 0.455301 0.137707 0.000000
vt 0.466730 0.141498 0.000000
vt 0.436947 0.146197 0.000000
vt 0.448254 0.150039 0.000000
vt 0.419351 0.154721 0.000000
vt 0.430358 0.158576 0.000000
vt 0.402205 0.163450 0.000000
vt 0.412735 0.167259 0.000000
vt 0.385237 0.172653 0.000000
vt 0.389854 0.159506 0.000000
vt 0.373621 0.168862 0.000000
vt 0.375505 0.155515 0.000000
vt 0.359999 0.165138 0.000000
vt 0.359172 0.151595 0.000000
vt 0.344251 0.161626 0.000000
vt 0.341021 0.147839 0.000000
vt 0.326420 0.158445 0.000000
vt 0.321470 0.144267 0.000000
vt 0.306815 0.155644 0.000000
vt 0.301279 0.140655 0.000000
vt 0.286116 0.153050 0.000000
vt 0.272075 0.166106 0.000000
vt 0.265446 0.150149 0.000000
vt 0.250422 0.164795 0.000000
vt 0.236836 0.180414 0.000000
vt 0.229797 0.162486 0.000000
vt 0.230130 0.139277 0.000000
vt 0.212031 0.157517 0.000000
vt 0.246351 0.145970 0.000000
vt 0.216656 0.129242 0.000000
vt 0.198358 0.148336 0.000000
vt 0.893246 0.889662 0.000000
vt 0.886789 0.906256 0.000000
vt 0.900954 0.911464 0.000000
vt 0.906993 0.895020 0.000000
vt 0.879331 0.886310 0.000000
vt 0.872405 0.903343 0.000000
vt 0.866551 0.884233 0.000000
vt 0.858406 0.902166 0.000000
vt 0.853550 0.918701 0.000000
vt 0.845710 0.901620 0.000000
vt 0.839704 0.919495 0.000000
vt 0.838570 0.936351 0.000000
vt 0.852874 0.934096 0.000000
vt 0.840477 0.952614 0.000000
vt 0.855375 0.948737 0.000000
vt 0.099316 0.267442 0.000000
vt 0.115526 0.251374 0.000000
vt 0.101798 0.242705 0.000000
vt 0.084787 0.259711 0.000000
vt 0.109562 0.277900 0.000000
vt 0.124586 0.262869 0.000000
vt 0.116733 0.289872 0.000000
vt 0.130550 0.275806 0.000000
vt 0.147680 0.261289 0.000000
vt 0.134402 0.289021 0.000000
vt 0.149617 0.275637 0.000000
vt 0.167006 0.263134 0.000000
vt 0.167624 0.247796 0.000000
vt 0.150085 0.289412 0.000000
vt 0.165317 0.277720 0.000000
vt 0.149458 0.302460 0.000000
vt 0.162665 0.291710 0.000000
vt 0.148313 0.314491 0.000000
vt 0.159630 0.304848 0.000000
vt 0.147140 0.325430 0.000000
vt 0.156710 0.316995 0.000000
vt 0.146286 0.335480 0.000000
vt 0.154220 0.328283 0.000000
vt 0.146022 0.344823 0.000000
vt 0.152430 0.338758 0.000000
vt 0.146537 0.353572 0.000000
vt 0.151572 0.348352 0.000000
vt 0.157367 0.343849 0.000000
vt 0.151882 0.357177 0.000000
vt 0.147962 0.362011 0.000000
vt 0.150344 0.370482 0.000000
vt 0.153564 0.365414 0.000000
vt 0.153501 0.378986 0.000000
vt 0.156555 0.373056 0.000000
vt 0.157001 0.387322 0.000000
vt 0.160350 0.380120 0.000000
vt 0.163970 0.371868 0.000000
vt 0.164251 0.386936 0.000000
vt 0.168578 0.376991 0.000000
vt 0.167854 0.393697 0.000000
vt 0.173060 0.381985 0.000000
vt 0.171086 0.400332 0.000000
vt 0.163148 0.404060 0.000000
vt 0.165467 0.412464 0.000000
vt 0.158470 0.413390 0.000000
vt 0.159980 0.423329 0.000000
vt 0.153315 0.422017 0.000000
vt 0.154061 0.433225 0.000000
vt 0.147418 0.429961 0.000000
vt 0.147414 0.442219 0.000000
vt 0.147278 0.454644 0.000000
vt 0.140201 0.450256 0.000000
vt 0.139733 0.463512 0.000000
vt 0.139565 0.477584 0.000000
vt 0.132142 0.471481 0.000000
vt 0.132127 0.486146 0.000000
vt 0.132606 0.502787 0.000000
vt 0.139765 0.493722 0.000000
vt 0.133714 0.522157 0.000000
vt 0.140561 0.512661 0.000000
vt 0.135860 0.543740 0.000000
vt 0.142352 0.533937 0.000000
vt 0.139530 0.566463 0.000000
vt 0.145586 0.556362 0.000000
vt 0.145108 0.589398 0.000000
vt 0.150588 0.578781 0.000000
vt 0.155853 0.566699 0.000000
vt 0.157443 0.600263 0.000000
vt 0.161878 0.587374 0.000000
vt 0.166381 0.573591 0.000000
vt 0.169361 0.606025 0.000000
vt 0.172864 0.591275 0.000000
vt 0.176746 0.576163 0.000000
vt 0.171265 0.559394 0.000000
vt 0.181298 0.561036 0.000000
vt 0.176785 0.545191 0.000000
vt 0.186771 0.546446 0.000000
vt 0.183170 0.531522 0.000000
vt 0.193180 0.533582 0.000000
vt 0.190437 0.519374 0.000000
vt 0.200183 0.523551 0.000000
vt 0.198261 0.509740 0.000000
vt 0.197254 0.494711 0.000000
vt 0.206232 0.502878 0.000000
vt 0.205991 0.488449 0.000000
vt 0.206966 0.473196 0.000000
vt 0.214576 0.484721 0.000000
vt 0.216098 0.470160 0.000000
vt 0.222802 0.483441 0.000000
vt 0.224841 0.469260 0.000000
vt 0.230546 0.484345 0.000000
vt 0.233007 0.470519 0.000000
vt 0.237754 0.487225 0.000000
vt 0.240470 0.473893 0.000000
vt 0.244455 0.491796 0.000000
vt 0.247232 0.479042 0.000000
vt 0.250753 0.497584 0.000000
vt 0.253458 0.485383 0.000000
vt 0.256787 0.504074 0.000000
vt 0.259408 0.492346 0.000000
vt 0.262869 0.480495 0.000000
vt 0.265332 0.499572 0.000000
vt 0.268610 0.488032 0.000000
vt 0.271373 0.506971 0.000000
vt 0.274595 0.495808 0.000000
vt 0.277583 0.514407 0.000000
vt 0.280839 0.503761 0.000000
vt 0.284010 0.521515 0.000000
vt 0.287291 0.511461 0.000000
vt 0.291106 0.501995 0.000000
vt 0.293928 0.518336 0.000000
vt 0.297610 0.509429 0.000000
vt 0.301990 0.501190 0.000000
vt 0.304269 0.515459 0.000000
vt 0.308411 0.507478 0.000000
vt 0.311115 0.520065 0.000000
vt 0.315055 0.512276 0.000000
vt 0.319883 0.504645 0.000000
vt 0.321953 0.515977 0.000000
vt 0.326539 0.508433 0.000000
vt 0.332112 0.500511 0.000000
vt 0.333378 0.511710 0.000000
vt 0.338580 0.503936 0.000000
vt 0.344790 0.495551 0.000000
vt 0.345084 0.507345 0.000000
vt 0.350799 0.499353 0.000000
vt 0.357521 0.490857 0.000000
vt 0.356579 0.503367 0.000000
vt 0.362746 0.495604 0.000000
vt 0.370040 0.487473 0.000000
vt 0.374171 0.493566 0.000000
vt 0.382188 0.485920 0.000000
vt 0.377279 0.500239 0.000000
vt 0.385311 0.493267 0.000000
vt 0.393950 0.485973 0.000000
vt 0.387809 0.500958 0.000000
vt 0.396576 0.493810 0.000000
vt 0.405653 0.486511 0.000000
vt 0.399190 0.501400 0.000000
vt 0.408327 0.493670 0.000000
vt 0.417811 0.485839 0.000000
vt 0.411317 0.500153 0.000000
vt 0.420691 0.491672 0.000000
vt 0.430685 0.483384 0.000000
vt 0.423922 0.496826 0.000000
vt 0.433777 0.488111 0.000000
vt 0.444645 0.480127 0.000000
vt 0.437198 0.492349 0.000000
vt 0.447964 0.484269 0.000000
vt 0.440965 0.496145 0.000000
vt 0.451362 0.488107 0.000000
vt 0.444927 0.499606 0.000000
vt 0.454812 0.491741 0.000000
vt 0.448969 0.502894 0.000000
vt 0.436629 0.508254 0.000000
vt 0.441136 0.511224 0.000000
vt 0.445612 0.514189 0.000000
vt 0.453114 0.506251 0.000000
vt 0.450186 0.517503 0.000000
vt 0.457427 0.510014 0.000000
vt 0.455004 0.521625 0.000000
vt 0.443743 0.525566 0.000000
vt 0.448639 0.529252 0.000000
vt 0.453866 0.534191 0.000000
vt 0.442633 0.537342 0.000000
vt 0.447848 0.541870 0.000000
vt 0.453361 0.547808 0.000000
vt 0.441875 0.549869 0.000000
vt 0.447473 0.555365 0.000000
vt 0.453514 0.561969 0.000000
vt 0.441796 0.563179 0.000000
vt 0.448305 0.569416 0.000000
vt 0.455473 0.576289 0.000000
vt 0.443760 0.577310 0.000000
vt 0.451438 0.583957 0.000000
vt 0.459401 0.590820 0.000000
vt 0.447903 0.592001 0.000000
vt 0.455964 0.598590 0.000000
vt 0.463980 0.604841 0.000000
vt 0.467397 0.597304 0.000000
vt 0.471900 0.610463 0.000000
vt 0.475318 0.603062 0.000000
vt 0.479541 0.615316 0.000000
vt 0.468448 0.617577 0.000000
vt 0.475907 0.622454 0.000000
vt 0.483015 0.626494 0.000000
vt 0.472025 0.629362 0.000000
vt 0.478960 0.633617 0.000000
vt 0.485917 0.636799 0.000000
vt 0.474677 0.640682 0.000000
vt 0.481735 0.644033 0.000000
vt 0.489021 0.646338 0.000000
vt 0.477485 0.651212 0.000000
vt 0.485079 0.653612 0.000000
vt 0.473271 0.658504 0.000000
vt 0.481148 0.660758 0.000000
vt 0.469229 0.665989 0.000000
vt 0.477270 0.667931 0.000000
vt 0.465599 0.673682 0.000000
vt 0.461662 0.663467 0.000000
vt 0.458051 0.671656 0.000000
vt 0.455358 0.679994 0.000000
vt 0.451065 0.668953 0.000000
vt 0.448436 0.677982 0.000000
vt 0.446760 0.686843 0.000000
vt 0.453439 0.688257 0.000000
vt 0.445122 0.694993 0.000000
vt 0.451636 0.696099 0.000000
vt 0.442895 0.702185 0.000000
vt 0.449372 0.703204 0.000000
vt 0.452854 0.711308 0.000000
vt 0.449327 0.716910 0.000000
vt 0.456570 0.719464 0.000000
vt 0.445217 0.721757 0.000000
vt 0.453205 0.724618 0.000000
vt 0.462472 0.726665 0.000000
vt 0.449605 0.729326 0.000000
vt 0.459852 0.731558 0.000000
vt 0.471196 0.732666 0.000000
vt 0.457004 0.736305 0.000000
vt 0.469248 0.737663 0.000000
vt 0.482018 0.737800 0.000000
vt 0.483121 0.732518 0.000000
vt 0.494757 0.736648 0.000000
vt 0.495050 0.731207 0.000000
vt 0.507121 0.734243 0.000000
vt 0.494354 0.741621 0.000000
vt 0.507550 0.738991 0.000000
vt 0.520191 0.734930 0.000000
vt 0.519076 0.730651 0.000000
vt 0.532407 0.729674 0.000000
vt 0.530826 0.725935 0.000000
vt 0.544385 0.723564 0.000000
vt 0.542574 0.720209 0.000000
vt 0.556183 0.717087 0.000000
vt 0.554362 0.713776 0.000000
vt 0.567751 0.710513 0.000000
vt 0.566071 0.706916 0.000000
vt 0.579039 0.703479 0.000000
vt 0.569172 0.713938 0.000000
vt 0.580257 0.707320 0.000000
vt 0.591299 0.699494 0.000000
vt 0.590101 0.695318 0.000000
vt 0.602484 0.690284 0.000000
vt 0.601214 0.685800 0.000000
vt 0.613977 0.679823 0.000000
vt 0.612758 0.674883 0.000000
vt 0.625765 0.668101 0.000000
vt 0.624763 0.662451 0.000000
vt 0.637494 0.654995 0.000000
vt 0.636670 0.648470 0.000000
vt 0.635596 0.641827 0.000000
vt 0.647931 0.633129 0.000000
vt 0.646732 0.625915 0.000000
vt 0.658457 0.616949 0.000000
vt 0.648765 0.640531 0.000000
vt 0.659410 0.625144 0.000000
vt 0.669509 0.609703 0.000000
vt 0.668476 0.600843 0.000000
vt 0.679263 0.595228 0.000000
vt 0.678320 0.585932 0.000000
vt 0.688987 0.582654 0.000000
vt 0.688377 0.573274 0.000000
vt 0.698968 0.572570 0.000000
vt 0.698841 0.563442 0.000000
vt 0.709244 0.564883 0.000000
vt 0.709553 0.556208 0.000000
vt 0.709941 0.549268 0.000000
vt 0.720314 0.550966 0.000000
vt 0.720899 0.544330 0.000000
vt 0.721428 0.538575 0.000000
vt 0.731767 0.540694 0.000000
vt 0.732306 0.534736 0.000000
vt 0.732744 0.528845 0.000000
vt 0.721864 0.533065 0.000000
vt 0.733111 0.522763 0.000000
vt 0.722218 0.527502 0.000000
vt 0.722459 0.521681 0.000000
vt 0.722361 0.515426 0.000000
vt 0.721585 0.508692 0.000000
vt 0.728155 0.492614 0.000000
vt 0.735183 0.483755 0.000000
vt 0.743637 0.526340 0.000000
vt 0.744074 0.520068 0.000000
vt 0.754721 0.525843 0.000000
vt 0.755257 0.519983 0.000000
vt 0.766103 0.526827 0.000000
vt 0.766709 0.521621 0.000000
vt 0.767376 0.515864 0.000000
vt 0.778356 0.523076 0.000000
vt 0.778655 0.517541 0.000000
vt 0.778830 0.511219 0.000000
vt 0.768394 0.509212 0.000000
vt 0.779130 0.504185 0.000000
vt 0.770074 0.501693 0.000000
vt 0.765074 0.486907 0.000000
vt 0.769617 0.477256 0.000000
vt 0.763495 0.468971 0.000000
vt 0.758165 0.479400 0.000000
vt 0.774847 0.467850 0.000000
vt 0.769027 0.458607 0.000000
vt 0.780543 0.458913 0.000000
vt 0.774609 0.448667 0.000000
vt 0.786442 0.450324 0.000000
vt 0.780096 0.439112 0.000000
vt 0.792416 0.441848 0.000000
vt 0.792264 0.461895 0.000000
vt 0.798746 0.454021 0.000000
vt 0.805209 0.445901 0.000000
vt 0.798211 0.433201 0.000000
vt 0.811179 0.437098 0.000000
vt 0.803271 0.424015 0.000000
vt 0.816168 0.427267 0.000000
vt 0.817963 0.449850 0.000000
vt 0.823789 0.440288 0.000000
vt 0.828580 0.428898 0.000000
vt 0.830164 0.453385 0.000000
vt 0.835879 0.441872 0.000000
vt 0.835414 0.466928 0.000000
vt 0.841979 0.455970 0.000000
vt 0.839584 0.481129 0.000000
vt 0.846814 0.471482 0.000000
vt 0.842725 0.495993 0.000000
vt 0.850392 0.487760 0.000000
vt 0.858229 0.478293 0.000000
vt 0.852907 0.504143 0.000000
vt 0.860920 0.496114 0.000000
vt 0.869425 0.489170 0.000000
vt 0.866705 0.470024 0.000000
vt 0.878641 0.485068 0.000000
vt 0.876070 0.465543 0.000000
vt 0.888474 0.484283 0.000000
vt 0.886026 0.465141 0.000000
vt 0.882678 0.444607 0.000000
vt 0.896492 0.467651 0.000000
vt 0.893246 0.447891 0.000000
vt 0.889432 0.427576 0.000000
vt 0.878683 0.423318 0.000000
vt 0.885425 0.407508 0.000000
vt 0.874583 0.402322 0.000000
vt 0.881521 0.388582 0.000000
vt 0.870649 0.382766 0.000000
vt 0.860024 0.377964 0.000000
vt 0.849633 0.373793 0.000000
vt 0.867032 0.365615 0.000000
vt 0.856180 0.360195 0.000000
vt 0.845450 0.355628 0.000000
vt 0.852640 0.345354 0.000000
vt 0.841264 0.340225 0.000000
vt 0.849516 0.332979 0.000000
vt 0.837365 0.327233 0.000000
vt 0.846798 0.322357 0.000000
vt 0.833772 0.316067 0.000000
vt 0.844268 0.312851 0.000000
vt 0.830263 0.306183 0.000000
vt 0.841241 0.303636 0.000000
vt 0.826239 0.296866 0.000000
vt 0.820940 0.287303 0.000000
vt 0.813755 0.276873 0.000000
vt 0.804477 0.265333 0.000000
vt 0.804013 0.252910 0.000000
vt 0.793235 0.252820 0.000000
vt 0.787776 0.237391 0.000000
vt 0.779683 0.239106 0.000000
vt 0.770931 0.240080 0.000000
vt 0.762681 0.223545 0.000000
vt 0.756310 0.226067 0.000000
vt 0.748430 0.227913 0.000000
vt 0.737258 0.209959 0.000000
vt 0.731843 0.213518 0.000000
vt 0.713106 0.192416 0.000000
vt 0.741021 0.205946 0.000000
vt 0.714048 0.187108 0.000000
vt 0.681622 0.168648 0.000000
vt 0.714615 0.181748 0.000000
vt 0.678933 0.162298 0.000000
vt 0.717461 0.176180 0.000000
vt 0.679915 0.155949 0.000000
vt 0.936106 0.352620 0.000000
vt 0.950157 0.360347 0.000000
vt 0.950415 0.356539 0.000000
vt 0.937117 0.347925 0.000000
vt 0.964245 0.366488 0.000000
vt 0.964232 0.361769 0.000000
vt 0.935443 0.357780 0.000000
vt 0.950155 0.365269 0.000000
vt 0.964986 0.371333 0.000000
vt 0.950617 0.370691 0.000000
vt 0.966147 0.376311 0.000000
vt 0.556925 0.113248 0.000000
vt 0.594770 0.115115 0.000000
vt 0.582234 0.108557 0.000000
vt 0.569761 0.101887 0.000000
vt 0.544397 0.107600 0.000000
vt 0.519879 0.114100 0.000000
vt 0.529075 0.101086 0.000000
vt 0.505295 0.108654 0.000000
vt 0.482384 0.116588 0.000000
vt 0.488166 0.102458 0.000000
vt 0.466059 0.111133 0.000000
vt 0.445330 0.119838 0.000000
vt 0.461191 0.124877 0.000000
vt 0.426169 0.128584 0.000000
vt 0.441762 0.133373 0.000000
vt 0.408329 0.137394 0.000000
vt 0.423640 0.141951 0.000000
vt 0.391524 0.146324 0.000000
vt 0.406431 0.150609 0.000000
vt 0.391288 0.132657 0.000000
vt 0.374768 0.141978 0.000000
vt 0.372954 0.127813 0.000000
vt 0.356465 0.137650 0.000000
vt 0.353934 0.122883 0.000000
vt 0.337128 0.133356 0.000000
vt 0.335005 0.117688 0.000000
vt 0.317546 0.128882 0.000000
vt 0.317048 0.111857 0.000000
vt 0.298718 0.123789 0.000000
vt 0.281543 0.136515 0.000000
vt 0.281654 0.117486 0.000000
vt 0.263549 0.131082 0.000000
vt 0.266839 0.109395 0.000000
vt 0.248096 0.123486 0.000000
vt 0.253290 0.099400 0.000000
vt 0.234405 0.113382 0.000000
vt 0.911610 0.850611 0.000000
vt 0.901455 0.871199 0.000000
vt 0.914734 0.876617 0.000000
vt 0.924755 0.855755 0.000000
vt 0.899286 0.846815 0.000000
vt 0.888362 0.867509 0.000000
vt 0.889064 0.843486 0.000000
vt 0.876981 0.864671 0.000000
vt 0.880902 0.840450 0.000000
vt 0.867626 0.862118 0.000000
vt 0.855537 0.882551 0.000000
vt 0.859646 0.859720 0.000000
vt 0.846098 0.880891 0.000000
vt 0.834579 0.901169 0.000000
vt 0.837667 0.879043 0.000000
vt 0.824648 0.900519 0.000000
vt 0.815956 0.921351 0.000000
vt 0.827255 0.920480 0.000000
vt 0.814012 0.940864 0.000000
vt 0.825724 0.938669 0.000000
vt 0.817332 0.959139 0.000000
vt 0.828404 0.956033 0.000000
vt 0.078523 0.292256 0.000000
vt 0.087596 0.280789 0.000000
vt 0.073506 0.272711 0.000000
vt 0.064368 0.284144 0.000000
vt 0.089662 0.302174 0.000000
vt 0.098335 0.290929 0.000000
vt 0.097805 0.313528 0.000000
vt 0.106074 0.302528 0.000000
vt 0.103914 0.325671 0.000000
vt 0.111816 0.314714 0.000000
vt 0.121812 0.302336 0.000000
vt 0.116171 0.327144 0.000000
vt 0.125399 0.314721 0.000000
vt 0.136657 0.301959 0.000000
vt 0.127866 0.326527 0.000000
vt 0.137783 0.314166 0.000000
vt 0.129717 0.336933 0.000000
vt 0.138325 0.325163 0.000000
vt 0.131495 0.345307 0.000000
vt 0.138765 0.334796 0.000000
vt 0.133465 0.352278 0.000000
vt 0.139433 0.343415 0.000000
vt 0.135775 0.358760 0.000000
vt 0.140550 0.351445 0.000000
vt 0.138432 0.365266 0.000000
vt 0.142219 0.359188 0.000000
vt 0.141377 0.372262 0.000000
vt 0.144491 0.367033 0.000000
vt 0.144481 0.380370 0.000000
vt 0.147329 0.375456 0.000000
vt 0.147475 0.389802 0.000000
vt 0.150498 0.384540 0.000000
vt 0.150072 0.400138 0.000000
vt 0.153639 0.393947 0.000000
vt 0.152036 0.410932 0.000000
vt 0.156369 0.403549 0.000000
vt 0.160319 0.395636 0.000000
vt 0.146133 0.405872 0.000000
vt 0.147098 0.417758 0.000000
vt 0.141654 0.411024 0.000000
vt 0.141535 0.423864 0.000000
vt 0.140891 0.437072 0.000000
vt 0.135485 0.428838 0.000000
vt 0.134003 0.443127 0.000000
vt 0.132767 0.457386 0.000000
vt 0.126996 0.447694 0.000000
vt 0.125369 0.463787 0.000000
vt 0.124820 0.478948 0.000000
vt 0.125069 0.493872 0.000000
vt 0.125713 0.510573 0.000000
vt 0.120102 0.535462 0.000000
vt 0.126916 0.530016 0.000000
vt 0.122228 0.557086 0.000000
vt 0.129201 0.551667 0.000000
vt 0.126190 0.580247 0.000000
vt 0.133123 0.574590 0.000000
vt 0.132451 0.604282 0.000000
vt 0.139135 0.598033 0.000000
vt 0.141235 0.628501 0.000000
vt 0.147416 0.621250 0.000000
vt 0.152727 0.611724 0.000000
vt 0.157722 0.643293 0.000000
vt 0.162152 0.632506 0.000000
vt 0.165912 0.619932 0.000000
vt 0.172753 0.650809 0.000000
vt 0.175442 0.636967 0.000000
vt 0.177794 0.621978 0.000000
vt 0.185222 0.650832 0.000000
vt 0.186539 0.634846 0.000000
vt 0.187947 0.618369 0.000000
vt 0.180220 0.606270 0.000000
vt 0.189798 0.601860 0.000000
vt 0.183056 0.590331 0.000000
vt 0.192374 0.585683 0.000000
vt 0.186591 0.574505 0.000000
vt 0.195913 0.570507 0.000000
vt 0.191080 0.559393 0.000000
vt 0.200470 0.557559 0.000000
vt 0.196559 0.546263 0.000000
vt 0.205833 0.547720 0.000000
vt 0.202731 0.536181 0.000000
vt 0.211645 0.540879 0.000000
vt 0.209223 0.529151 0.000000
vt 0.207389 0.516474 0.000000
vt 0.215802 0.524867 0.000000
vt 0.214615 0.512187 0.000000
vt 0.214128 0.498747 0.000000
vt 0.221720 0.510511 0.000000
vt 0.221793 0.497237 0.000000
vt 0.228593 0.510981 0.000000
vt 0.229117 0.497913 0.000000
vt 0.235169 0.513149 0.000000
vt 0.236055 0.500394 0.000000
vt 0.241384 0.516677 0.000000
vt 0.242594 0.504411 0.000000
vt 0.247255 0.521213 0.000000
vt 0.248772 0.509590 0.000000
vt 0.252887 0.526435 0.000000
vt 0.254678 0.515506 0.000000
vt 0.258461 0.532135 0.000000
vt 0.260452 0.521876 0.000000
vt 0.262704 0.510944 0.000000
vt 0.266289 0.528522 0.000000
vt 0.268660 0.518019 0.000000
vt 0.272354 0.535225 0.000000
vt 0.274780 0.525077 0.000000
vt 0.278744 0.541617 0.000000
vt 0.281162 0.531760 0.000000
vt 0.285509 0.547269 0.000000
vt 0.287865 0.537665 0.000000
vt 0.290692 0.527844 0.000000
vt 0.294914 0.542469 0.000000
vt 0.297658 0.533025 0.000000
vt 0.300764 0.523967 0.000000
vt 0.304882 0.536971 0.000000
vt 0.307807 0.528266 0.000000
vt 0.312283 0.539945 0.000000
vt 0.315062 0.531497 0.000000
vt 0.318201 0.523563 0.000000
vt 0.322511 0.534107 0.000000
vt 0.325559 0.526427 0.000000
vt 0.329110 0.519085 0.000000
vt 0.333192 0.529047 0.000000
vt 0.336550 0.521968 0.000000
vt 0.340402 0.514830 0.000000
vt 0.344284 0.524712 0.000000
vt 0.347638 0.517832 0.000000
vt 0.351600 0.510758 0.000000
vt 0.355113 0.520248 0.000000
vt 0.352347 0.527097 0.000000
vt 0.341075 0.531587 0.000000
vt 0.349215 0.534074 0.000000
vt 0.337846 0.538854 0.000000
vt 0.345767 0.541368 0.000000
vt 0.354023 0.544464 0.000000
vt 0.342358 0.549457 0.000000
vt 0.350319 0.552568 0.000000
vt 0.358552 0.556892 0.000000
vt 0.362659 0.548771 0.000000
vt 0.366717 0.562576 0.000000
vt 0.371287 0.554504 0.000000
vt 0.376310 0.546359 0.000000
vt 0.382484 0.538086 0.000000
vt 0.379404 0.560838 0.000000
vt 0.384728 0.552713 0.000000
vt 0.390684 0.544625 0.000000
vt 0.390246 0.530399 0.000000
vt 0.397358 0.536631 0.000000
vt 0.392177 0.558364 0.000000
vt 0.398133 0.550022 0.000000
vt 0.404436 0.541590 0.000000
vt 0.404468 0.528476 0.000000
vt 0.410949 0.532923 0.000000
vt 0.404619 0.554199 0.000000
vt 0.410827 0.545280 0.000000
vt 0.417028 0.536163 0.000000
vt 0.417610 0.523858 0.000000
vt 0.423228 0.526883 0.000000
vt 0.416358 0.548011 0.000000
vt 0.422395 0.538599 0.000000
vt 0.428348 0.529293 0.000000
vt 0.429606 0.517482 0.000000
vt 0.434452 0.520122 0.000000
vt 0.427233 0.540732 0.000000
vt 0.433088 0.531551 0.000000
vt 0.439087 0.522689 0.000000
vt 0.437759 0.534071 0.000000
vt 0.431897 0.542991 0.000000
vt 0.436704 0.545844 0.000000
vt 0.425963 0.552309 0.000000
vt 0.430738 0.554748 0.000000
vt 0.435948 0.558209 0.000000
vt 0.425055 0.563906 0.000000
vt 0.430451 0.566928 0.000000
vt 0.436690 0.571449 0.000000
vt 0.425945 0.575890 0.000000
vt 0.432513 0.580143 0.000000
vt 0.439954 0.585665 0.000000
vt 0.429468 0.588957 0.000000
vt 0.436916 0.594160 0.000000
vt 0.444802 0.600106 0.000000
vt 0.434396 0.602487 0.000000
vt 0.442046 0.608018 0.000000
vt 0.449786 0.613712 0.000000
vt 0.452773 0.606265 0.000000
vt 0.457423 0.619227 0.000000
vt 0.460680 0.612151 0.000000
vt 0.464872 0.624461 0.000000
vt 0.454034 0.626326 0.000000
vt 0.461076 0.631462 0.000000
vt 0.467887 0.636359 0.000000
vt 0.457025 0.638944 0.000000
vt 0.463550 0.643771 0.000000
vt 0.470274 0.647941 0.000000
vt 0.459102 0.651723 0.000000
vt 0.465866 0.655538 0.000000
vt 0.454773 0.660152 0.000000
vt 0.452728 0.647079 0.000000
vt 0.448352 0.655844 0.000000
vt 0.446373 0.641813 0.000000
vt 0.442102 0.650481 0.000000
vt 0.439862 0.636247 0.000000
vt 0.435903 0.644374 0.000000
vt 0.433075 0.630780 0.000000
vt 0.429562 0.638303 0.000000
vt 0.425691 0.645753 0.000000
vt 0.422936 0.632845 0.000000
vt 0.419606 0.639731 0.000000
vt 0.415976 0.646168 0.000000
vt 0.421351 0.652595 0.000000
vt 0.411967 0.651783 0.000000
vt 0.416520 0.658157 0.000000
vt 0.407435 0.656288 0.000000
vt 0.411220 0.662338 0.000000
vt 0.414913 0.669244 0.000000
vt 0.405295 0.665413 0.000000
vt 0.408647 0.671794 0.000000
vt 0.411999 0.678480 0.000000
vt 0.418315 0.676709 0.000000
vt 0.414763 0.685315 0.000000
vt 0.420679 0.684454 0.000000
vt 0.421151 0.692069 0.000000
vt 0.426442 0.692555 0.000000
vt 0.418924 0.699172 0.000000
vt 0.432266 0.693233 0.000000
vt 0.438610 0.694054 0.000000
vt 0.413758 0.705250 0.000000
vt 0.402921 0.706207 0.000000
vt 0.406466 0.709747 0.000000
vt 0.394963 0.708589 0.000000
vt 0.398659 0.712823 0.000000
vt 0.403138 0.716793 0.000000
vt 0.391572 0.715063 0.000000
vt 0.396504 0.719585 0.000000
vt 0.402438 0.724196 0.000000
vt 0.408525 0.720961 0.000000
vt 0.409375 0.729010 0.000000
vt 0.414835 0.725560 0.000000
vt 0.417546 0.733908 0.000000
vt 0.422385 0.730287 0.000000
vt 0.427777 0.726296 0.000000
vt 0.431437 0.734654 0.000000
vt 0.436045 0.730468 0.000000
vt 0.440716 0.726187 0.000000
vt 0.433389 0.722255 0.000000
vt 0.445833 0.733855 0.000000
vt 0.442044 0.738267 0.000000
vt 0.454071 0.740889 0.000000
vt 0.438561 0.742362 0.000000
vt 0.451345 0.745090 0.000000
vt 0.465167 0.746676 0.000000
vt 0.467154 0.742413 0.000000
vt 0.479523 0.747063 0.000000
vt 0.480756 0.742727 0.000000
vt 0.493940 0.745930 0.000000
vt 0.478476 0.750723 0.000000
vt 0.493570 0.749585 0.000000
vt 0.508290 0.746527 0.000000
vt 0.507954 0.743069 0.000000
vt 0.522217 0.741749 0.000000
vt 0.521283 0.738616 0.000000
vt 0.535298 0.735732 0.000000
vt 0.533965 0.732936 0.000000
vt 0.547597 0.729160 0.000000
vt 0.546131 0.726565 0.000000
vt 0.559179 0.722872 0.000000
vt 0.557850 0.720167 0.000000
vt 0.570201 0.717011 0.000000
vt 0.560024 0.725159 0.000000
vt 0.570646 0.719660 0.000000
vt 0.581264 0.713844 0.000000
vt 0.581061 0.710808 0.000000
vt 0.592517 0.706538 0.000000
vt 0.592129 0.703289 0.000000
vt 0.604242 0.697764 0.000000
vt 0.603486 0.694339 0.000000
vt 0.616024 0.688110 0.000000
vt 0.615040 0.684301 0.000000
vt 0.627582 0.677831 0.000000
vt 0.626655 0.673305 0.000000
vt 0.638856 0.666636 0.000000
vt 0.638151 0.661151 0.000000
vt 0.649888 0.654282 0.000000
vt 0.649340 0.647716 0.000000
vt 0.660573 0.640991 0.000000
vt 0.660045 0.633320 0.000000
vt 0.670798 0.627488 0.000000
vt 0.670232 0.618766 0.000000
vt 0.680570 0.614652 0.000000
vt 0.679988 0.605003 0.000000
vt 0.690036 0.603219 0.000000
vt 0.689539 0.592861 0.000000
vt 0.699445 0.593639 0.000000
vt 0.699175 0.582872 0.000000
vt 0.709009 0.585922 0.000000
vt 0.709060 0.575008 0.000000
vt 0.718855 0.579850 0.000000
vt 0.719240 0.568962 0.000000
vt 0.719738 0.559159 0.000000
vt 0.729720 0.564411 0.000000
vt 0.730440 0.554976 0.000000
vt 0.731135 0.547196 0.000000
vt 0.741308 0.552064 0.000000
vt 0.742060 0.544639 0.000000
vt 0.742684 0.538293 0.000000
vt 0.753036 0.543169 0.000000
vt 0.753682 0.537112 0.000000
vt 0.754225 0.531462 0.000000
vt 0.743200 0.532321 0.000000
vt 0.764771 0.537152 0.000000
vt 0.765460 0.531906 0.000000
vt 0.775948 0.538379 0.000000
vt 0.776930 0.533138 0.000000
vt 0.777766 0.528124 0.000000
vt 0.788262 0.534293 0.000000
vt 0.789261 0.528472 0.000000
vt 0.789718 0.522723 0.000000
vt 0.799947 0.527905 0.000000
vt 0.800277 0.520703 0.000000
vt 0.799711 0.513514 0.000000
vt 0.789544 0.516659 0.000000
vt 0.798425 0.506125 0.000000
vt 0.788900 0.510012 0.000000
vt 0.796576 0.498321 0.000000
vt 0.787981 0.502772 0.000000
vt 0.794078 0.489784 0.000000
vt 0.804992 0.492641 0.000000
vt 0.801643 0.483301 0.000000
vt 0.797401 0.473029 0.000000
vt 0.790621 0.480258 0.000000
vt 0.786013 0.469781 0.000000
vt 0.809252 0.476659 0.000000
vt 0.804404 0.465675 0.000000
vt 0.816690 0.469916 0.000000
vt 0.811381 0.458115 0.000000
vt 0.823719 0.462444 0.000000
vt 0.821078 0.481457 0.000000
vt 0.828461 0.475121 0.000000
vt 0.824512 0.493063 0.000000
vt 0.832206 0.488141 0.000000
vt 0.826935 0.505314 0.000000
vt 0.834964 0.501837 0.000000
vt 0.844963 0.511361 0.000000
vt 0.846556 0.526878 0.000000
vt 0.854633 0.520160 0.000000
vt 0.847807 0.541854 0.000000
vt 0.855831 0.535347 0.000000
vt 0.863880 0.528586 0.000000
vt 0.862703 0.512935 0.000000
vt 0.872250 0.522746 0.000000
vt 0.871170 0.506702 0.000000
vt 0.881203 0.518942 0.000000
vt 0.880285 0.502803 0.000000
vt 0.890801 0.517776 0.000000
vt 0.890034 0.501776 0.000000
vt 0.901090 0.519299 0.000000
vt 0.900450 0.503456 0.000000
vt 0.898925 0.486266 0.000000
vt 0.911598 0.507649 0.000000
vt 0.910194 0.490551 0.000000
vt 0.907834 0.472248 0.000000
vt 0.922446 0.497083 0.000000
vt 0.920411 0.478779 0.000000
vt 0.917410 0.459706 0.000000
vt 0.904650 0.453032 0.000000
vt 0.913575 0.440202 0.000000
vt 0.900878 0.433356 0.000000
vt 0.909169 0.420698 0.000000
vt 0.896806 0.413791 0.000000
vt 0.904596 0.401851 0.000000
vt 0.892714 0.395078 0.000000
vt 0.900405 0.384690 0.000000
vt 0.888947 0.378213 0.000000
vt 0.877956 0.371775 0.000000
vt 0.885978 0.364048 0.000000
vt 0.875032 0.357763 0.000000
vt 0.863924 0.351350 0.000000
vt 0.872878 0.346254 0.000000
vt 0.861391 0.339548 0.000000
vt 0.871547 0.336631 0.000000
vt 0.859456 0.329502 0.000000
vt 0.870815 0.328165 0.000000
vt 0.857917 0.320523 0.000000
vt 0.870213 0.320043 0.000000
vt 0.856136 0.311747 0.000000
vt 0.882978 0.335045 0.000000
vt 0.883228 0.327567 0.000000
vt 0.884073 0.320321 0.000000
vt 0.895556 0.334402 0.000000
vt 0.896938 0.327849 0.000000
vt 0.899215 0.321261 0.000000
vt 0.886616 0.313744 0.000000
vt 0.814892 0.252008 0.000000
vt 0.796472 0.235434 0.000000
vt 0.909414 0.335521 0.000000
vt 0.911079 0.329511 0.000000
vt 0.768068 0.220351 0.000000
vt 0.774078 0.217232 0.000000
vt 0.747687 0.197037 0.000000
vt 0.743919 0.201526 0.000000
vt 0.922412 0.343957 0.000000
vt 0.923579 0.338729 0.000000
vt 0.908025 0.341457 0.000000
vt 0.921291 0.349411 0.000000
vt 0.907203 0.347899 0.000000
vt 0.920651 0.355399 0.000000
vt 0.935264 0.363453 0.000000
vt 0.920642 0.362550 0.000000
vt 0.935728 0.370318 0.000000
vt 0.951694 0.377265 0.000000
vt 0.937203 0.379513 0.000000
vt 0.953811 0.386309 0.000000
vt 0.970340 0.390429 0.000000
vt 0.967696 0.382010 0.000000
vt 0.957308 0.398774 0.000000
vt 0.974751 0.403316 0.000000
vt 0.510753 0.093736 0.000000
vt 0.553914 0.093958 0.000000
vt 0.533493 0.085076 0.000000
vt 0.511152 0.075387 0.000000
vt 0.490777 0.086049 0.000000
vt 0.469526 0.095892 0.000000
vt 0.470537 0.078617 0.000000
vt 0.450389 0.089266 0.000000
vt 0.429704 0.099203 0.000000
vt 0.448229 0.105272 0.000000
vt 0.409620 0.108774 0.000000
vt 0.427916 0.114428 0.000000
vt 0.390656 0.118236 0.000000
vt 0.408948 0.123508 0.000000
vt 0.391159 0.102899 0.000000
vt 0.371966 0.112786 0.000000
vt 0.373292 0.096682 0.000000
vt 0.353639 0.107014 0.000000
vt 0.356726 0.089897 0.000000
vt 0.336463 0.100624 0.000000
vt 0.342026 0.082239 0.000000
vt 0.321094 0.093247 0.000000
vt 0.300860 0.104929 0.000000
vt 0.307776 0.084623 0.000000
vt 0.286761 0.096536 0.000000
vt 0.295754 0.074816 0.000000
vt 0.273814 0.086719 0.000000
vt 0.935589 0.801625 0.000000
vt 0.923223 0.827517 0.000000
vt 0.936101 0.832110 0.000000
vt 0.948282 0.805198 0.000000
vt 0.924443 0.798881 0.000000
vt 0.911561 0.824021 0.000000
vt 0.915569 0.796256 0.000000
vt 0.902158 0.820734 0.000000
vt 0.908374 0.793997 0.000000
vt 0.894655 0.817786 0.000000
vt 0.901712 0.792354 0.000000
vt 0.887886 0.815447 0.000000
vt 0.873799 0.837833 0.000000
vt 0.880923 0.813528 0.000000
vt 0.866847 0.835506 0.000000
vt 0.852269 0.857328 0.000000
vt 0.859618 0.832967 0.000000
vt 0.845120 0.854376 0.000000
vt 0.829860 0.876401 0.000000
vt 0.851963 0.829717 0.000000
vt 0.843929 0.825717 0.000000
vt 0.835515 0.821501 0.000000
vt 0.842824 0.807739 0.000000
vt 0.826135 0.818452 0.000000
vt 0.831954 0.806967 0.000000
vt 0.848003 0.794459 0.000000
vt 0.836420 0.795326 0.000000
vt 0.820774 0.806869 0.000000
vt 0.824974 0.796049 0.000000
vt 0.850877 0.782078 0.000000
vt 0.839428 0.783765 0.000000
vt 0.828111 0.784928 0.000000
vt 0.813505 0.796981 0.000000
vt 0.816732 0.786191 0.000000
vt 0.841077 0.772472 0.000000
vt 0.830241 0.773764 0.000000
vt 0.819233 0.775111 0.000000
vt 0.805167 0.787784 0.000000
vt 0.808001 0.776626 0.000000
vt 0.831887 0.762542 0.000000
vt 0.821547 0.763719 0.000000
vt 0.810872 0.765014 0.000000
vt 0.796543 0.778453 0.000000
vt 0.799870 0.766501 0.000000
vt 0.824204 0.752162 0.000000
vt 0.814189 0.753226 0.000000
vt 0.803737 0.754417 0.000000
vt 0.788752 0.768277 0.000000
vt 0.793263 0.755690 0.000000
vt 0.818140 0.741470 0.000000
vt 0.808270 0.742410 0.000000
vt 0.798478 0.743229 0.000000
vt 0.783457 0.756908 0.000000
vt 0.789570 0.743744 0.000000
vt 0.813460 0.730408 0.000000
vt 0.804338 0.730857 0.000000
vt 0.796152 0.730830 0.000000
vt 0.782041 0.743774 0.000000
vt 0.789293 0.730246 0.000000
vt 0.810821 0.718343 0.000000
vt 0.803176 0.717971 0.000000
vt 0.796641 0.717041 0.000000
vt 0.783533 0.729160 0.000000
vt 0.790942 0.715719 0.000000
vt 0.810582 0.704935 0.000000
vt 0.804080 0.703930 0.000000
vt 0.798136 0.702643 0.000000
vt 0.785583 0.714290 0.000000
vt 0.792363 0.701317 0.000000
vt 0.811467 0.690787 0.000000
vt 0.805084 0.689734 0.000000
vt 0.798776 0.688617 0.000000
vt 0.786508 0.700123 0.000000
vt 0.792377 0.687558 0.000000
vt 0.811571 0.676942 0.000000
vt 0.804700 0.676094 0.000000
vt 0.797733 0.675188 0.000000
vt 0.785770 0.686639 0.000000
vt 0.790549 0.674317 0.000000
vt 0.809974 0.663726 0.000000
vt 0.802487 0.662977 0.000000
vt 0.794752 0.662126 0.000000
vt 0.783077 0.673546 0.000000
vt 0.786737 0.661260 0.000000
vt 0.806625 0.650888 0.000000
vt 0.798413 0.650021 0.000000
vt 0.789929 0.648989 0.000000
vt 0.778518 0.660465 0.000000
vt 0.781351 0.647914 0.000000
vt 0.801580 0.638066 0.000000
vt 0.792726 0.636799 0.000000
vt 0.783883 0.635334 0.000000
vt 0.772847 0.646958 0.000000
vt 0.775242 0.633942 0.000000
vt 0.795202 0.624860 0.000000
vt 0.786208 0.622875 0.000000
vt 0.777496 0.620938 0.000000
vt 0.766807 0.632894 0.000000
vt 0.769009 0.619453 0.000000
vt 0.788433 0.610739 0.000000
vt 0.779741 0.608147 0.000000
vt 0.771227 0.606176 0.000000
vt 0.760601 0.618717 0.000000
vt 0.762686 0.605179 0.000000
vt 0.782087 0.595868 0.000000
vt 0.773571 0.593361 0.000000
vt 0.764894 0.592074 0.000000
vt 0.753995 0.605279 0.000000
vt 0.755920 0.592120 0.000000
vt 0.776067 0.581331 0.000000
vt 0.767226 0.579697 0.000000
vt 0.757934 0.579613 0.000000
vt 0.746658 0.593363 0.000000
vt 0.748233 0.580899 0.000000
vt 0.769541 0.568434 0.000000
vt 0.759891 0.568120 0.000000
vt 0.749763 0.569304 0.000000
vt 0.738301 0.583299 0.000000
vt 0.739388 0.571683 0.000000
vt 0.761614 0.558053 0.000000
vt 0.751119 0.558968 0.000000
vt 0.740409 0.561123 0.000000
vt 0.729016 0.575167 0.000000
vt 0.752209 0.550262 0.000000
vt 0.762978 0.549695 0.000000
vt 0.763987 0.542908 0.000000
vt 0.773430 0.550653 0.000000
vt 0.774825 0.544069 0.000000
vt 0.783360 0.553213 0.000000
vt 0.785286 0.546472 0.000000
vt 0.786906 0.540284 0.000000
vt 0.794946 0.549911 0.000000
vt 0.797033 0.542682 0.000000
vt 0.798777 0.535293 0.000000
vt 0.805987 0.546082 0.000000
vt 0.808139 0.537355 0.000000
vt 0.809677 0.528155 0.000000
vt 0.810073 0.518955 0.000000
vt 0.818398 0.507503 0.000000
vt 0.809291 0.510043 0.000000
vt 0.816296 0.497085 0.000000
vt 0.807542 0.501381 0.000000
vt 0.813224 0.487006 0.000000
vt 0.803639 0.554261 0.000000
vt 0.792579 0.557230 0.000000
vt 0.801118 0.562195 0.000000
vt 0.809283 0.567056 0.000000
vt 0.798438 0.570261 0.000000
vt 0.806841 0.575306 0.000000
vt 0.815442 0.578560 0.000000
vt 0.817295 0.569904 0.000000
vt 0.824030 0.578926 0.000000
vt 0.825127 0.569313 0.000000
vt 0.832382 0.576761 0.000000
vt 0.832855 0.565884 0.000000
vt 0.840589 0.572976 0.000000
vt 0.840679 0.561139 0.000000
vt 0.848777 0.568052 0.000000
vt 0.848639 0.555615 0.000000
vt 0.856903 0.562292 0.000000
vt 0.856637 0.549376 0.000000
vt 0.864968 0.556509 0.000000
vt 0.864649 0.543038 0.000000
vt 0.873179 0.551647 0.000000
vt 0.872907 0.537598 0.000000
vt 0.881726 0.548424 0.000000
vt 0.881642 0.533973 0.000000
vt 0.890734 0.547397 0.000000
vt 0.890972 0.532781 0.000000
vt 0.900319 0.548866 0.000000
vt 0.900985 0.534232 0.000000
vt 0.910402 0.552898 0.000000
vt 0.911582 0.538394 0.000000
vt 0.912028 0.523494 0.000000
vt 0.922502 0.545336 0.000000
vt 0.923444 0.530368 0.000000
vt 0.923455 0.514335 0.000000
vt 0.935143 0.540008 0.000000
vt 0.935920 0.523639 0.000000
vt 0.935646 0.506000 0.000000
vt 0.948852 0.536208 0.000000
vt 0.949623 0.517743 0.000000
vt 0.948946 0.498051 0.000000
vt 0.934201 0.487305 0.000000
vt 0.946709 0.477566 0.000000
vt 0.931531 0.467850 0.000000
vt 0.942960 0.456758 0.000000
vt 0.927663 0.447957 0.000000
vt 0.938044 0.436234 0.000000
vt 0.922876 0.428093 0.000000
vt 0.932680 0.416733 0.000000
vt 0.917766 0.408945 0.000000
vt 0.927744 0.399095 0.000000
vt 0.913120 0.391510 0.000000
vt 0.923939 0.384006 0.000000
vt 0.909652 0.376680 0.000000
vt 0.897233 0.370187 0.000000
vt 0.907670 0.364740 0.000000
vt 0.895393 0.358502 0.000000
vt 0.884055 0.352532 0.000000
vt 0.894728 0.349146 0.000000
vt 0.883155 0.343121 0.000000
vt 0.894855 0.341343 0.000000
vt 0.906995 0.355395 0.000000
vt 0.921603 0.371842 0.000000
vt 0.940043 0.391814 0.000000
vt 0.944216 0.407157 0.000000
vt 0.961982 0.414515 0.000000
vt 0.949287 0.425088 0.000000
vt 0.967210 0.432970 0.000000
vt 0.985979 0.439039 0.000000
vt 0.980388 0.419913 0.000000
vt 0.972361 0.453764 0.000000
vt 0.991167 0.461062 0.000000
vt 0.450896 0.071486 0.000000
vt 0.489217 0.066978 0.000000
vt 0.468338 0.059565 0.000000
vt 0.449086 0.052210 0.000000
vt 0.432544 0.064440 0.000000
vt 0.413732 0.075810 0.000000
vt 0.431548 0.082605 0.000000
vt 0.393578 0.086405 0.000000
vt 0.411238 0.092949 0.000000
vt 0.397531 0.068698 0.000000
vt 0.377363 0.079387 0.000000
vt 0.383339 0.061018 0.000000
vt 0.363076 0.071632 0.000000
vt 0.371380 0.052594 0.000000
vt 0.350953 0.062942 0.000000
vt 0.329420 0.073488 0.000000
vt 0.340846 0.053419 0.000000
vt 0.318403 0.063681 0.000000
vt 0.959028 0.741247 0.000000
vt 0.947855 0.772896 0.000000
vt 0.960646 0.775567 0.000000
vt 0.971799 0.742286 0.000000
vt 0.948333 0.741331 0.000000
vt 0.937022 0.771296 0.000000
vt 0.939703 0.741554 0.000000
vt 0.928396 0.769855 0.000000
vt 0.932514 0.741924 0.000000
vt 0.921293 0.768735 0.000000
vt 0.925937 0.742566 0.000000
vt 0.914717 0.768087 0.000000
vt 0.919338 0.743311 0.000000
vt 0.907986 0.767578 0.000000
vt 0.894755 0.791006 0.000000
vt 0.912402 0.743765 0.000000
vt 0.913234 0.723745 0.000000
vt 0.905363 0.743448 0.000000
vt 0.920568 0.721385 0.000000
vt 0.927638 0.718827 0.000000
vt 0.925260 0.700072 0.000000
vt 0.932506 0.695082 0.000000
vt 0.934393 0.716310 0.000000
vt 0.939538 0.690339 0.000000
vt 0.934197 0.672907 0.000000
vt 0.941334 0.665730 0.000000
vt 0.941204 0.713948 0.000000
vt 0.946689 0.685753 0.000000
vt 0.948587 0.658642 0.000000
vt 0.940122 0.643403 0.000000
vt 0.946984 0.633940 0.000000
vt 0.954423 0.680852 0.000000
vt 0.956208 0.650847 0.000000
vt 0.953861 0.623620 0.000000
vt 0.942447 0.612771 0.000000
vt 0.948162 0.600667 0.000000
vt 0.964466 0.641349 0.000000
vt 0.960769 0.611428 0.000000
vt 0.953417 0.587057 0.000000
vt 0.940180 0.582752 0.000000
vt 0.943948 0.568612 0.000000
vt 0.967719 0.596235 0.000000
vt 0.958080 0.571429 0.000000
vt 0.946876 0.553152 0.000000
vt 0.933429 0.555184 0.000000
vt 0.961825 0.553374 0.000000
vt 0.974250 0.576353 0.000000
vt 0.978576 0.551502 0.000000
vt 0.964049 0.532934 0.000000
vt 0.980297 0.525665 0.000000
vt 0.964368 0.511077 0.000000
vt 0.979606 0.500479 0.000000
vt 0.962726 0.488723 0.000000
vt 0.976727 0.476421 0.000000
vt 0.959318 0.466515 0.000000
vt 0.954595 0.445084 0.000000
vt 0.998047 0.511226 0.000000
vt 0.995260 0.485298 0.000000
vt 0.997222 0.539972 0.000000
vt 0.401658 0.049864 0.000000
vt 0.416024 0.057310 0.000000
vt 0.431998 0.045110 0.000000
vt 0.417267 0.038105 0.000000
vt 0.405165 0.030759 0.000000
vt 0.389646 0.041901 0.000000
vt 0.395520 0.022837 0.000000
vt 0.380223 0.033715 0.000000
vt 0.361783 0.043628 0.000000
vt 0.973735 0.668192 0.000000
vt 0.968131 0.706494 0.000000
vt 0.981316 0.705799 0.000000
vt 0.987487 0.663492 0.000000
vt 0.963231 0.675044 0.000000
vt 0.957446 0.709072 0.000000
vt 0.948667 0.711619 0.000000
vt 0.973887 0.628706 0.000000
vt 0.987257 0.607514 0.000000
vt 0.994004 0.571135 0.000000
vt 0.920691 0.559650 0.000000
vt 0.930795 0.569411 0.000000
vt 0.918105 0.573861 0.000000
vt 0.927322 0.583113 0.000000
vt 0.935666 0.595885 0.000000
vt 0.923152 0.597015 0.000000
vt 0.930532 0.608750 0.000000
vt 0.936368 0.624199 0.000000
vt 0.924821 0.622245 0.000000
vt 0.929939 0.635956 0.000000
vt 0.933199 0.652982 0.000000
vt 0.923042 0.648415 0.000000
vt 0.926015 0.663099 0.000000
vt 0.926908 0.680461 0.000000
vt 0.918405 0.673529 0.000000
vt 0.919295 0.688242 0.000000
vt 0.917726 0.705127 0.000000
vt 0.911395 0.695891 0.000000
vt 0.909987 0.709985 0.000000
vt 0.905840 0.725654 0.000000
vt 0.902266 0.714208 0.000000
vt 0.898547 0.726824 0.000000
vt 0.892313 0.739780 0.000000
vt 0.898667 0.742063 0.000000
vt 0.883763 0.751691 0.000000
vt 0.886375 0.736777 0.000000
vt 0.879261 0.745637 0.000000
vt 0.870766 0.752546 0.000000
vt 0.873583 0.761094 0.000000
vt 0.862729 0.767205 0.000000
vt 0.861443 0.757165 0.000000
vt 0.851860 0.770632 0.000000
vt 0.851772 0.759878 0.000000
vt 0.868064 0.744704 0.000000
vt 0.860037 0.747833 0.000000
vt 0.851548 0.749551 0.000000
vt 0.841934 0.761414 0.000000
vt 0.842789 0.750491 0.000000
vt 0.859375 0.738861 0.000000
vt 0.852001 0.739439 0.000000
vt 0.844302 0.739651 0.000000
vt 0.833713 0.751263 0.000000
vt 0.836193 0.739990 0.000000
vt 0.853643 0.729367 0.000000
vt 0.846848 0.728842 0.000000
vt 0.839543 0.728725 0.000000
vt 0.827502 0.740610 0.000000
vt 0.831525 0.729056 0.000000
vt 0.850527 0.718052 0.000000
vt 0.843777 0.717443 0.000000
vt 0.836264 0.717399 0.000000
vt 0.822743 0.729703 0.000000
vt 0.828000 0.717747 0.000000
vt 0.848907 0.706016 0.000000
vt 0.841778 0.705451 0.000000
vt 0.833987 0.705385 0.000000
vt 0.819310 0.718186 0.000000
vt 0.825849 0.705519 0.000000
vt 0.848027 0.692989 0.000000
vt 0.840628 0.692431 0.000000
vt 0.832935 0.692260 0.000000
vt 0.817889 0.705459 0.000000
vt 0.825338 0.692087 0.000000
vt 0.847593 0.678870 0.000000
vt 0.840165 0.678426 0.000000
vt 0.832730 0.678249 0.000000
vt 0.818160 0.691615 0.000000
vt 0.825487 0.678028 0.000000
vt 0.847050 0.664227 0.000000
vt 0.839554 0.664133 0.000000
vt 0.832086 0.664289 0.000000
vt 0.818463 0.677605 0.000000
vt 0.824683 0.664413 0.000000
vt 0.845549 0.650008 0.000000
vt 0.837759 0.650593 0.000000
vt 0.829981 0.651291 0.000000
vt 0.817331 0.664250 0.000000
vt 0.822257 0.651654 0.000000
vt 0.842583 0.637115 0.000000
vt 0.834464 0.638367 0.000000
vt 0.826436 0.639229 0.000000
vt 0.814529 0.651483 0.000000
vt 0.818418 0.639404 0.000000
vt 0.838309 0.625772 0.000000
vt 0.830016 0.627124 0.000000
vt 0.821737 0.627657 0.000000
vt 0.810178 0.638968 0.000000
vt 0.813211 0.627401 0.000000
vt 0.833100 0.615508 0.000000
vt 0.824576 0.616449 0.000000
vt 0.815807 0.616409 0.000000
vt 0.804311 0.626447 0.000000
vt 0.806686 0.615382 0.000000
vt 0.827045 0.605939 0.000000
vt 0.818107 0.606175 0.000000
vt 0.808861 0.605078 0.000000
vt 0.797447 0.613374 0.000000
vt 0.799607 0.602582 0.000000
vt 0.820258 0.596747 0.000000
vt 0.811023 0.595656 0.000000
vt 0.801866 0.592686 0.000000
vt 0.790688 0.599196 0.000000
vt 0.793105 0.588522 0.000000
vt 0.813254 0.586980 0.000000
vt 0.804306 0.583699 0.000000
vt 0.795719 0.578902 0.000000
vt 0.784608 0.584420 0.000000
vt 0.787280 0.574122 0.000000
vt 0.789986 0.565136 0.000000
vt 0.778632 0.570460 0.000000
vt 0.781114 0.561080 0.000000
vt 0.771657 0.558690 0.000000
vt 0.822285 0.587862 0.000000
vt 0.829225 0.596106 0.000000
vt 0.831067 0.586592 0.000000
vt 0.837960 0.594018 0.000000
vt 0.839633 0.583714 0.000000
vt 0.846594 0.590629 0.000000
vt 0.848095 0.579532 0.000000
vt 0.855108 0.586353 0.000000
vt 0.856422 0.574445 0.000000
vt 0.863474 0.582162 0.000000
vt 0.864622 0.569390 0.000000
vt 0.871814 0.578959 0.000000
vt 0.872883 0.565302 0.000000
vt 0.880230 0.577169 0.000000
vt 0.881342 0.562726 0.000000
vt 0.888740 0.577093 0.000000
vt 0.890076 0.562088 0.000000
vt 0.897371 0.578959 0.000000
vt 0.899175 0.563692 0.000000
vt 0.906116 0.582732 0.000000
vt 0.908596 0.567551 0.000000
vt 0.914826 0.588559 0.000000
vt 0.902841 0.598470 0.000000
vt 0.910811 0.604009 0.000000
vt 0.918296 0.611734 0.000000
vt 0.905957 0.619839 0.000000
vt 0.912651 0.627079 0.000000
vt 0.918447 0.636490 0.000000
vt 0.906215 0.642314 0.000000
vt 0.911405 0.650826 0.000000
vt 0.915595 0.661132 0.000000
vt 0.903928 0.664491 0.000000
vt 0.907778 0.673380 0.000000
vt 0.910460 0.683716 0.000000
vt 0.899981 0.684545 0.000000
vt 0.902559 0.693041 0.000000
vt 0.903519 0.702850 0.000000
vt 0.892652 0.694357 0.000000
vt 0.882268 0.697625 0.000000
vt 0.886242 0.702931 0.000000
vt 0.889021 0.687929 0.000000
vt 0.896357 0.676934 0.000000
vt 0.884722 0.681862 0.000000
vt 0.891945 0.669999 0.000000
vt 0.899208 0.656763 0.000000
vt 0.886811 0.663868 0.000000
vt 0.893719 0.650150 0.000000
vt 0.900204 0.635390 0.000000
vt 0.887557 0.644782 0.000000
vt 0.893533 0.629908 0.000000
vt 0.898668 0.614363 0.000000
vt 0.886417 0.625758 0.000000
vt 0.891047 0.610348 0.000000
vt 0.894694 0.594626 0.000000
vt 0.883216 0.607778 0.000000
vt 0.886478 0.592407 0.000000
vt 0.871246 0.621477 0.000000
vt 0.878979 0.622941 0.000000
vt 0.875191 0.606699 0.000000
vt 0.878197 0.591867 0.000000
vt 0.866991 0.607034 0.000000
vt 0.869860 0.592874 0.000000
vt 0.855048 0.622233 0.000000
vt 0.863250 0.621301 0.000000
vt 0.858651 0.608598 0.000000
vt 0.861478 0.595205 0.000000
vt 0.850177 0.611030 0.000000
vt 0.852999 0.598485 0.000000
vt 0.846698 0.623925 0.000000
vt 0.841616 0.613592 0.000000
vt 0.844396 0.601886 0.000000
vt 0.835748 0.604494 0.000000
vt 0.850696 0.636036 0.000000
vt 0.853261 0.649912 0.000000
vt 0.858672 0.635597 0.000000
vt 0.860774 0.650574 0.000000
vt 0.866417 0.636105 0.000000
vt 0.867953 0.652223 0.000000
vt 0.873845 0.637764 0.000000
vt 0.874706 0.654981 0.000000
vt 0.880901 0.640660 0.000000
vt 0.881014 0.658849 0.000000
vt 0.868112 0.668698 0.000000
vt 0.874219 0.672075 0.000000
vt 0.879784 0.676475 0.000000
vt 0.867463 0.684459 0.000000
vt 0.872941 0.688027 0.000000
vt 0.877847 0.692501 0.000000
vt 0.866591 0.698800 0.000000
vt 0.871644 0.702337 0.000000
vt 0.876378 0.706489 0.000000
vt 0.866403 0.711752 0.000000
vt 0.871493 0.714901 0.000000
vt 0.876352 0.718404 0.000000
vt 0.880886 0.710821 0.000000
vt 0.880988 0.722105 0.000000
vt 0.881157 0.733066 0.000000
vt 0.885885 0.725264 0.000000
vt 0.891729 0.726868 0.000000
vt 0.875214 0.739756 0.000000
vt 0.862446 0.720937 0.000000
vt 0.860076 0.729954 0.000000
vt 0.856679 0.719270 0.000000
vt 0.861064 0.709126 0.000000
vt 0.855300 0.707214 0.000000
vt 0.861042 0.696105 0.000000
vt 0.854866 0.694192 0.000000
vt 0.861391 0.681774 0.000000
vt 0.854737 0.679920 0.000000
vt 0.861501 0.666300 0.000000
vt 0.854431 0.664861 0.000000
vt 0.718573 0.591308 0.000000
vt 0.728349 0.586747 0.000000
vt 0.718349 0.603073 0.000000
vt 0.727717 0.598839 0.000000
vt 0.737206 0.595614 0.000000
vt 0.727075 0.611227 0.000000
vt 0.736127 0.608359 0.000000
vt 0.745133 0.606379 0.000000
vt 0.735030 0.621378 0.000000
vt 0.743654 0.619730 0.000000
vt 0.752168 0.618828 0.000000
vt 0.742070 0.633335 0.000000
vt 0.750285 0.632580 0.000000
vt 0.758502 0.632419 0.000000
vt 0.748135 0.646445 0.000000
vt 0.756227 0.646118 0.000000
vt 0.764470 0.646305 0.000000
vt 0.753673 0.659704 0.000000
vt 0.761903 0.659556 0.000000
vt 0.770207 0.659849 0.000000
vt 0.759081 0.672573 0.000000
vt 0.767264 0.672564 0.000000
vt 0.775301 0.672932 0.000000
vt 0.763962 0.685162 0.000000
vt 0.771608 0.685386 0.000000
vt 0.778869 0.685906 0.000000
vt 0.767387 0.697902 0.000000
vt 0.774102 0.698415 0.000000
vt 0.780446 0.699151 0.000000
vt 0.768812 0.711134 0.000000
vt 0.774634 0.711947 0.000000
vt 0.780202 0.712995 0.000000
vt 0.768261 0.725196 0.000000
vt 0.773348 0.726432 0.000000
vt 0.778358 0.727802 0.000000
vt 0.765640 0.740473 0.000000
vt 0.770459 0.741981 0.000000
vt 0.775795 0.743161 0.000000
vt 0.761735 0.756447 0.000000
vt 0.767599 0.757633 0.000000
vt 0.774846 0.757720 0.000000
vt 0.777940 0.770257 0.000000
vt 0.773311 0.783451 0.000000
vt 0.784936 0.780743 0.000000
vt 0.769634 0.796049 0.000000
vt 0.781558 0.792718 0.000000
vt 0.793414 0.789929 0.000000
vt 0.778179 0.803967 0.000000
vt 0.790047 0.800767 0.000000
vt 0.801869 0.798442 0.000000
vt 0.786190 0.811035 0.000000
vt 0.797861 0.808645 0.000000
vt 0.809394 0.807370 0.000000
vt 0.793337 0.818327 0.000000
vt 0.804615 0.817148 0.000000
vt 0.815683 0.817125 0.000000
vt 0.799649 0.826304 0.000000
vt 0.810080 0.826769 0.000000
vt 0.819237 0.829552 0.000000
vt 0.804525 0.835734 0.000000
vt 0.811935 0.839573 0.000000
vt 0.791377 0.843434 0.000000
vt 0.795060 0.834974 0.000000
vt 0.780509 0.853425 0.000000
vt 0.788635 0.852185 0.000000
vt 0.782191 0.844665 0.000000
vt 0.784908 0.836137 0.000000
vt 0.773193 0.847081 0.000000
vt 0.774881 0.838623 0.000000
vt 0.788807 0.827453 0.000000
vt 0.777985 0.829939 0.000000
vt 0.765353 0.842129 0.000000
vt 0.767471 0.833509 0.000000
vt 0.781996 0.820768 0.000000
vt 0.770763 0.824333 0.000000
vt 0.757503 0.837675 0.000000
vt 0.759894 0.828483 0.000000
vt 0.774524 0.814491 0.000000
vt 0.763051 0.818551 0.000000
vt 0.749553 0.832773 0.000000
vt 0.751917 0.822778 0.000000
vt 0.766363 0.807761 0.000000
vt 0.754620 0.811864 0.000000
vt 0.741114 0.826984 0.000000
vt 0.742879 0.816216 0.000000
vt 0.729888 0.841371 0.000000
vt 0.739651 0.837057 0.000000
vt 0.730381 0.831219 0.000000
vt 0.730961 0.820915 0.000000
vt 0.719175 0.835656 0.000000
vt 0.718560 0.825847 0.000000
vt 0.717483 0.816603 0.000000
vt 0.705353 0.830968 0.000000
vt 0.703497 0.822268 0.000000
vt 0.715749 0.808297 0.000000
vt 0.701361 0.814477 0.000000
vt 0.689105 0.827653 0.000000
vt 0.686791 0.819952 0.000000
vt 0.713349 0.801275 0.000000
vt 0.699104 0.807539 0.000000
vt 0.684632 0.812892 0.000000
vt 0.672042 0.825032 0.000000
vt 0.669959 0.817728 0.000000
vt 0.696935 0.801152 0.000000
vt 0.682802 0.806163 0.000000
vt 0.668377 0.810619 0.000000
vt 0.655027 0.822301 0.000000
vt 0.653655 0.814779 0.000000
vt 0.681367 0.799480 0.000000
vt 0.667351 0.803465 0.000000
vt 0.652991 0.807102 0.000000
vt 0.638691 0.818682 0.000000
vt 0.638361 0.810421 0.000000
vt 0.666916 0.796042 0.000000
vt 0.653015 0.799121 0.000000
vt 0.638733 0.801841 0.000000
vt 0.623495 0.813391 0.000000
vt 0.624038 0.804206 0.000000
vt 0.653781 0.790771 0.000000
vt 0.639847 0.793013 0.000000
vt 0.625246 0.794901 0.000000
vt 0.608899 0.806310 0.000000
vt 0.609874 0.796535 0.000000
vt 0.641880 0.784018 0.000000
vt 0.627393 0.785674 0.000000
vt 0.611678 0.787038 0.000000
vt 0.593864 0.798167 0.000000
vt 0.594746 0.788350 0.000000
vt 0.630894 0.776476 0.000000
vt 0.614970 0.777822 0.000000
vt 0.635974 0.767113 0.000000
vt 0.620621 0.768543 0.000000
vt 0.642344 0.757526 0.000000
vt 0.629061 0.759105 0.000000
vt 0.616002 0.759348 0.000000
vt 0.606313 0.757466 0.000000
vt 0.637733 0.749691 0.000000
vt 0.626814 0.750478 0.000000
vt 0.617618 0.749639 0.000000
vt 0.599861 0.754419 0.000000
vt 0.610673 0.747196 0.000000
vt 0.636030 0.741490 0.000000
vt 0.627617 0.741387 0.000000
vt 0.620836 0.739594 0.000000
vt 0.636081 0.732726 0.000000
vt 0.615852 0.736142 0.000000
vt 0.605705 0.743467 0.000000
vt 0.595612 0.750671 0.000000
vt 0.612486 0.731360 0.000000
vt 0.602083 0.738894 0.000000
vt 0.592454 0.746440 0.000000
vt 0.585944 0.757111 0.000000
vt 0.583758 0.753329 0.000000
vt 0.599180 0.734037 0.000000
vt 0.589552 0.741928 0.000000
vt 0.581331 0.749244 0.000000
vt 0.575528 0.759102 0.000000
vt 0.573809 0.755533 0.000000
vt 0.586672 0.737391 0.000000
vt 0.578366 0.744902 0.000000
vt 0.571117 0.751580 0.000000
vt 0.566005 0.760125 0.000000
vt 0.575172 0.740646 0.000000
vt 0.567492 0.747638 0.000000
vt 0.572147 0.736903 0.000000
vt 0.563093 0.744291 0.000000
vt 0.555136 0.750865 0.000000
vt 0.549270 0.756100 0.000000
vt 0.558394 0.741878 0.000000
vt 0.569448 0.733940 0.000000
vt 0.554313 0.740231 0.000000
vt 0.552178 0.738626 0.000000
vt 0.538012 0.746512 0.000000
vt 0.522944 0.753350 0.000000
vt 0.550985 0.737234 0.000000
vt 0.537722 0.744709 0.000000
vt 0.523154 0.751677 0.000000
vt 0.507600 0.758498 0.000000
vt 0.507908 0.757097 0.000000
vt 0.537574 0.743184 0.000000
vt 0.523320 0.750135 0.000000
vt 0.508201 0.755637 0.000000
vt 0.492127 0.760068 0.000000
vt 0.492419 0.758739 0.000000
vt 0.523360 0.748523 0.000000
vt 0.508438 0.753966 0.000000
vt 0.492709 0.757151 0.000000
vt 0.476507 0.759221 0.000000
vt 0.476792 0.757807 0.000000
vt 0.508549 0.751936 0.000000
vt 0.492979 0.755159 0.000000
vt 0.477156 0.756023 0.000000
vt 0.461192 0.756782 0.000000
vt 0.461652 0.755204 0.000000
vt 0.493257 0.752648 0.000000
vt 0.477693 0.753697 0.000000
vt 0.462389 0.753089 0.000000
vt 0.446687 0.753302 0.000000
vt 0.447648 0.751343 0.000000
vt 0.463541 0.750264 0.000000
vt 0.449158 0.748632 0.000000
vt 0.433906 0.748348 0.000000
vt 0.435791 0.745796 0.000000
vt 0.420253 0.745651 0.000000
vt 0.432705 0.750138 0.000000
vt 0.421675 0.744034 0.000000
vt 0.423912 0.741723 0.000000
vt 0.411119 0.738930 0.000000
vt 0.413717 0.736824 0.000000
vt 0.427237 0.738530 0.000000
vt 0.400096 0.735228 0.000000
vt 0.409443 0.740469 0.000000
vt 0.402079 0.733688 0.000000
vt 0.405060 0.731709 0.000000
vt 0.394291 0.728536 0.000000
vt 0.397646 0.726665 0.000000
vt 0.384853 0.725057 0.000000
vt 0.391989 0.730095 0.000000
vt 0.387518 0.723488 0.000000
vt 0.391260 0.721741 0.000000
vt 0.381565 0.718514 0.000000
vt 0.385833 0.716893 0.000000
vt 0.372384 0.714943 0.000000
vt 0.378409 0.720070 0.000000
vt 0.376183 0.713427 0.000000
vt 0.381164 0.711926 0.000000
vt 0.371069 0.707964 0.000000
vt 0.376878 0.706573 0.000000
vt 0.387491 0.710363 0.000000
vt 0.383849 0.705198 0.000000
vt 0.372727 0.700624 0.000000
vt 0.380285 0.699397 0.000000
vt 0.391677 0.703721 0.000000
vt 0.388407 0.698082 0.000000
vt 0.376676 0.692983 0.000000
vt 0.384995 0.691783 0.000000
vt 0.399746 0.701844 0.000000
vt 0.396606 0.696449 0.000000
vt 0.393264 0.690277 0.000000
vt 0.381535 0.685091 0.000000
vt 0.389816 0.683752 0.000000
vt 0.401131 0.688461 0.000000
vt 0.397745 0.682087 0.000000
vt 0.386467 0.677141 0.000000
vt 0.394378 0.675685 0.000000
vt 0.408322 0.686670 0.000000
vt 0.405177 0.680266 0.000000
vt 0.401807 0.673892 0.000000
vt 0.391245 0.669345 0.000000
vt 0.398608 0.667681 0.000000
vt 0.380665 0.663753 0.000000
vt 0.383362 0.670491 0.000000
vt 0.388501 0.663067 0.000000
vt 0.395741 0.661752 0.000000
vt 0.386451 0.656831 0.000000
vt 0.402100 0.659582 0.000000
vt 0.377864 0.649850 0.000000
vt 0.378708 0.656867 0.000000
vt 0.385540 0.650593 0.000000
vt 0.369718 0.648865 0.000000
vt 0.370516 0.656504 0.000000
vt 0.372408 0.663961 0.000000
vt 0.361967 0.655890 0.000000
vt 0.363837 0.663826 0.000000
vt 0.366505 0.671493 0.000000
vt 0.375074 0.671178 0.000000
vt 0.369661 0.678917 0.000000
vt 0.378181 0.678208 0.000000
vt 0.373096 0.686105 0.000000
vt 0.361141 0.679410 0.000000
vt 0.364793 0.686916 0.000000
vt 0.368676 0.694038 0.000000
vt 0.356955 0.687708 0.000000
vt 0.361365 0.695098 0.000000
vt 0.366097 0.701888 0.000000
vt 0.355062 0.696251 0.000000
vt 0.360648 0.703228 0.000000
vt 0.366483 0.709417 0.000000
vt 0.356253 0.704698 0.000000
vt 0.362820 0.710989 0.000000
vt 0.369336 0.716550 0.000000
vt 0.359665 0.712745 0.000000
vt 0.366641 0.718319 0.000000
vt 0.373488 0.723432 0.000000
vt 0.375834 0.721684 0.000000
vt 0.380653 0.728317 0.000000
vt 0.382680 0.726636 0.000000
vt 0.388517 0.733115 0.000000
vt 0.390177 0.731586 0.000000
vt 0.397307 0.737942 0.000000
vt 0.398610 0.736603 0.000000
vt 0.407184 0.742931 0.000000
vt 0.408230 0.741745 0.000000
vt 0.418366 0.748000 0.000000
vt 0.419236 0.746901 0.000000
vt 0.431195 0.752547 0.000000
vt 0.431868 0.751460 0.000000
vt 0.445589 0.755886 0.000000
vt 0.446057 0.754741 0.000000
vt 0.460866 0.758032 0.000000
vt 0.445177 0.756931 0.000000
vt 0.460562 0.759165 0.000000
vt 0.476235 0.760444 0.000000
vt 0.460192 0.760377 0.000000
vt 0.475935 0.761640 0.000000
vt 0.491845 0.761278 0.000000
vt 0.475603 0.762939 0.000000
vt 0.491567 0.762527 0.000000
vt 0.507217 0.760023 0.000000
vt 0.491305 0.763866 0.000000
vt 0.506790 0.761725 0.000000
vt 0.491044 0.765231 0.000000
vt 0.506544 0.763445 0.000000
vt 0.490707 0.766679 0.000000
vt 0.506217 0.765194 0.000000
vt 0.520921 0.762914 0.000000
vt 0.505657 0.767158 0.000000
vt 0.520214 0.765382 0.000000
vt 0.533829 0.763869 0.000000
vt 0.534840 0.760784 0.000000
vt 0.546213 0.763255 0.000000
vt 0.546983 0.760058 0.000000
vt 0.556975 0.762526 0.000000
vt 0.545667 0.766213 0.000000
vt 0.557039 0.765429 0.000000
vt 0.566905 0.763236 0.000000
vt 0.556741 0.768488 0.000000
vt 0.567235 0.766195 0.000000
vt 0.576673 0.762377 0.000000
vt 0.567855 0.769601 0.000000
vt 0.578304 0.765786 0.000000
vt 0.588895 0.760752 0.000000
vt 0.557094 0.777356 0.000000
vt 0.556466 0.772338 0.000000
vt 0.543894 0.786847 0.000000
vt 0.558982 0.783993 0.000000
vt 0.543446 0.779844 0.000000
vt 0.543971 0.774138 0.000000
vt 0.529855 0.781569 0.000000
vt 0.530767 0.775463 0.000000
vt 0.544908 0.769642 0.000000
vt 0.531988 0.770554 0.000000
vt 0.517084 0.776713 0.000000
vt 0.518289 0.771819 0.000000
vt 0.533015 0.766845 0.000000
vt 0.519371 0.768149 0.000000
vt 0.503878 0.773180 0.000000
vt 0.504868 0.769689 0.000000
vt 0.487993 0.778750 0.000000
vt 0.502860 0.777860 0.000000
vt 0.488704 0.774264 0.000000
vt 0.489514 0.770892 0.000000
vt 0.472834 0.774902 0.000000
vt 0.473448 0.771528 0.000000
vt 0.490207 0.768460 0.000000
vt 0.474063 0.769054 0.000000
vt 0.456976 0.771308 0.000000
vt 0.457615 0.768607 0.000000
vt 0.474554 0.767231 0.000000
vt 0.458217 0.766591 0.000000
vt 0.441261 0.766831 0.000000
vt 0.442053 0.764463 0.000000
vt 0.474935 0.765746 0.000000
vt 0.458741 0.764935 0.000000
vt 0.442788 0.762620 0.000000
vt 0.426567 0.761186 0.000000
vt 0.427529 0.759016 0.000000
vt 0.459236 0.763343 0.000000
vt 0.443478 0.760980 0.000000
vt 0.428425 0.757311 0.000000
vt 0.413556 0.754905 0.000000
vt 0.414645 0.752974 0.000000
vt 0.444147 0.759429 0.000000
vt 0.429256 0.755852 0.000000
vt 0.415668 0.751462 0.000000
vt 0.402543 0.748624 0.000000
vt 0.403781 0.746850 0.000000
vt 0.429966 0.754615 0.000000
vt 0.416619 0.750197 0.000000
vt 0.404990 0.745397 0.000000
vt 0.393389 0.742458 0.000000
vt 0.394771 0.740748 0.000000
vt 0.417518 0.749068 0.000000
vt 0.406139 0.744119 0.000000
vt 0.396065 0.739296 0.000000
vt 0.385501 0.736392 0.000000
vt 0.386974 0.734699 0.000000
vt 0.375319 0.734395 0.000000
vt 0.383988 0.738387 0.000000
vt 0.377033 0.732075 0.000000
vt 0.378770 0.730113 0.000000
vt 0.369179 0.727570 0.000000
vt 0.371284 0.725364 0.000000
vt 0.358877 0.725718 0.000000
vt 0.367095 0.730237 0.000000
vt 0.361496 0.722728 0.000000
vt 0.364068 0.720333 0.000000
vt 0.353555 0.717316 0.000000
vt 0.356655 0.714789 0.000000
vt 0.341245 0.714629 0.000000
vt 0.350295 0.720582 0.000000
vt 0.345219 0.711131 0.000000
vt 0.348943 0.708467 0.000000
vt 0.336602 0.704193 0.000000
vt 0.341029 0.701360 0.000000
vt 0.352506 0.706395 0.000000
vt 0.345291 0.699212 0.000000
vt 0.333221 0.693638 0.000000
vt 0.338286 0.691371 0.000000
vt 0.349806 0.697574 0.000000
vt 0.343703 0.689761 0.000000
vt 0.331768 0.683068 0.000000
vt 0.338112 0.681445 0.000000
vt 0.349878 0.688614 0.000000
vt 0.345154 0.680489 0.000000
vt 0.333168 0.672762 0.000000
vt 0.340979 0.671992 0.000000
vt 0.352889 0.679883 0.000000
vt 0.349255 0.671717 0.000000
vt 0.337529 0.663209 0.000000
vt 0.346251 0.663256 0.000000
vt 0.357829 0.671612 0.000000
vt 0.355068 0.663536 0.000000
vt 0.344124 0.654550 0.000000
vt 0.353134 0.655189 0.000000
vt 0.333787 0.645042 0.000000
vt 0.335041 0.654204 0.000000
vt 0.343130 0.645679 0.000000
vt 0.352286 0.646654 0.000000
vt 0.343437 0.636749 0.000000
vt 0.352680 0.638079 0.000000
vt 0.361175 0.647758 0.000000
vt 0.361619 0.639600 0.000000
vt 0.354311 0.629612 0.000000
vt 0.363284 0.631607 0.000000
vt 0.370161 0.641209 0.000000
vt 0.371814 0.633722 0.000000
vt 0.365985 0.623912 0.000000
vt 0.374483 0.626540 0.000000
vt 0.378271 0.642810 0.000000
vt 0.379844 0.635875 0.000000
vt 0.382378 0.629151 0.000000
vt 0.377802 0.619688 0.000000
vt 0.385528 0.622650 0.000000
vt 0.387467 0.637978 0.000000
vt 0.389814 0.631661 0.000000
vt 0.392707 0.625395 0.000000
vt 0.388987 0.616206 0.000000
vt 0.395943 0.619025 0.000000
vt 0.396960 0.634174 0.000000
vt 0.399645 0.628033 0.000000
vt 0.402642 0.621654 0.000000
vt 0.399369 0.612238 0.000000
vt 0.405889 0.614793 0.000000
vt 0.406481 0.630997 0.000000
vt 0.409343 0.624549 0.000000
vt 0.412389 0.617660 0.000000
vt 0.409098 0.607248 0.000000
vt 0.415466 0.610170 0.000000
vt 0.416134 0.628232 0.000000
vt 0.419102 0.621285 0.000000
vt 0.422073 0.613856 0.000000
vt 0.418198 0.602094 0.000000
vt 0.424811 0.605915 0.000000
vt 0.426063 0.625722 0.000000
vt 0.429071 0.618316 0.000000
vt 0.431884 0.610556 0.000000
vt 0.427144 0.597584 0.000000
vt 0.436314 0.623287 0.000000
vt 0.439304 0.615727 0.000000
vt 0.443473 0.628502 0.000000
vt 0.446758 0.621052 0.000000
vt 0.450371 0.633783 0.000000
vt 0.422742 0.584852 0.000000
vt 0.420436 0.593610 0.000000
vt 0.416713 0.581902 0.000000
vt 0.414175 0.590572 0.000000
vt 0.411866 0.599081 0.000000
vt 0.408051 0.588214 0.000000
vt 0.405505 0.596656 0.000000
vt 0.402664 0.604770 0.000000
vt 0.398884 0.594367 0.000000
vt 0.395894 0.602259 0.000000
vt 0.392533 0.609510 0.000000
vt 0.388559 0.599268 0.000000
vt 0.385065 0.606331 0.000000
vt 0.381416 0.613038 0.000000
vt 0.376916 0.602543 0.000000
vt 0.373111 0.609502 0.000000
vt 0.369381 0.616565 0.000000
vt 0.364450 0.605663 0.000000
vt 0.360528 0.613379 0.000000
vt 0.357028 0.621358 0.000000
vt 0.351691 0.610277 0.000000
vt 0.347924 0.618985 0.000000
vt 0.345075 0.627831 0.000000
vt 0.338976 0.616868 0.000000
vt 0.335798 0.626351 0.000000
vt 0.334013 0.635759 0.000000
vt 0.326707 0.625185 0.000000
vt 0.324529 0.635287 0.000000
vt 0.324357 0.645081 0.000000
vt 0.317248 0.656133 0.000000
vt 0.326009 0.654566 0.000000
vt 0.321021 0.665453 0.000000
vt 0.329053 0.663793 0.000000
vt 0.325942 0.674419 0.000000
vt 0.313554 0.668359 0.000000
vt 0.319237 0.677077 0.000000
vt 0.325867 0.685506 0.000000
vt 0.312748 0.680595 0.000000
vt 0.320008 0.688712 0.000000
vt 0.328065 0.696642 0.000000
vt 0.314031 0.692675 0.000000
vt 0.322692 0.700436 0.000000
vt 0.331907 0.707862 0.000000
vt 0.317358 0.705117 0.000000
vt 0.327169 0.712526 0.000000
vt 0.337158 0.719188 0.000000
vt 0.322670 0.718240 0.000000
vt 0.333182 0.724934 0.000000
vt 0.343573 0.730421 0.000000
vt 0.346919 0.724867 0.000000
vt 0.353515 0.734730 0.000000
vt 0.356194 0.729600 0.000000
vt 0.362893 0.738188 0.000000
vt 0.364987 0.733647 0.000000
vt 0.371896 0.741229 0.000000
vt 0.373591 0.737326 0.000000
vt 0.380960 0.744213 0.000000
vt 0.382453 0.740893 0.000000
vt 0.390584 0.747398 0.000000
vt 0.391976 0.744590 0.000000
vt 0.401277 0.750955 0.000000
vt 0.389222 0.751284 0.000000
vt 0.399985 0.754211 0.000000
vt 0.412404 0.757565 0.000000
vt 0.398720 0.758725 0.000000
vt 0.411250 0.761281 0.000000
vt 0.425580 0.764143 0.000000
vt 0.410291 0.766197 0.000000
vt 0.424736 0.768122 0.000000
vt 0.440529 0.770031 0.000000
vt 0.424317 0.773168 0.000000
vt 0.440102 0.774208 0.000000
vt 0.456492 0.774910 0.000000
vt 0.440320 0.779337 0.000000
vt 0.456473 0.779490 0.000000
vt 0.472487 0.779311 0.000000
vt 0.457208 0.785038 0.000000
vt 0.472666 0.784798 0.000000
vt 0.487649 0.784405 0.000000
vt 0.473462 0.791326 0.000000
vt 0.487827 0.791169 0.000000
vt 0.501967 0.790787 0.000000
vt 0.502138 0.783759 0.000000
vt 0.515929 0.790046 0.000000
vt 0.516167 0.782824 0.000000
vt 0.529796 0.788809 0.000000
vt 0.516395 0.798191 0.000000
vt 0.530624 0.797081 0.000000
vt 0.545191 0.795171 0.000000
vt 0.531683 0.806114 0.000000
vt 0.546630 0.804490 0.000000
vt 0.561923 0.802278 0.000000
vt 0.560575 0.792580 0.000000
vt 0.577712 0.800054 0.000000
vt 0.577293 0.790016 0.000000
vt 0.562470 0.812464 0.000000
vt 0.577899 0.810384 0.000000
vt 0.593435 0.808322 0.000000
vt 0.577498 0.820657 0.000000
vt 0.593030 0.818437 0.000000
vt 0.608380 0.816039 0.000000
vt 0.592675 0.828188 0.000000
vt 0.608252 0.825436 0.000000
vt 0.623558 0.822258 0.000000
vt 0.608622 0.834441 0.000000
vt 0.624329 0.830783 0.000000
vt 0.639801 0.826677 0.000000
vt 0.625791 0.839132 0.000000
vt 0.641631 0.834614 0.000000
vt 0.657028 0.829896 0.000000
vt 0.643810 0.842817 0.000000
vt 0.659364 0.837870 0.000000
vt 0.674409 0.832829 0.000000
vt 0.661678 0.846503 0.000000
vt 0.676791 0.841384 0.000000
vt 0.691364 0.836191 0.000000
vt 0.679073 0.850723 0.000000
vt 0.693496 0.845541 0.000000
vt 0.706928 0.840450 0.000000
vt 0.695610 0.855574 0.000000
vt 0.708448 0.850536 0.000000
vt 0.719733 0.845808 0.000000
vt 0.710259 0.861045 0.000000
vt 0.720730 0.856103 0.000000
vt 0.730049 0.851331 0.000000
vt 0.722758 0.866120 0.000000
vt 0.731290 0.860870 0.000000
vt 0.739518 0.855758 0.000000
vt 0.739033 0.846629 0.000000
vt 0.747839 0.850885 0.000000
vt 0.748095 0.842077 0.000000
vt 0.756392 0.846307 0.000000
vt 0.748843 0.859093 0.000000
vt 0.756631 0.854542 0.000000
vt 0.764703 0.850452 0.000000
vt 0.757656 0.862511 0.000000
vt 0.765068 0.858727 0.000000
vt 0.772624 0.855606 0.000000
vt 0.758533 0.870127 0.000000
vt 0.759071 0.876920 0.000000
vt 0.750475 0.885442 0.000000
vt 0.760070 0.882562 0.000000
vt 0.750265 0.891584 0.000000
vt 0.762124 0.887433 0.000000
vt 0.772699 0.880410 0.000000
vt 0.765346 0.892155 0.000000
vt 0.777724 0.882890 0.000000
vt 0.787218 0.871805 0.000000
vt 0.780838 0.871375 0.000000
vt 0.785783 0.861605 0.000000
vt 0.783554 0.885106 0.000000
vt 0.793977 0.871605 0.000000
vt 0.775275 0.902571 0.000000
vt 0.769742 0.897072 0.000000
vt 0.758690 0.913777 0.000000
vt 0.754194 0.905629 0.000000
vt 0.741324 0.921260 0.000000
vt 0.751328 0.898248 0.000000
vt 0.728284 0.938533 0.000000
vt 0.746626 0.932237 0.000000
vt 0.723062 0.926615 0.000000
vt 0.734884 0.951014 0.000000
vt 0.752955 0.944633 0.000000
vt 0.742973 0.964446 0.000000
vt 0.760426 0.958711 0.000000
vt 0.753147 0.978646 0.000000
vt 0.770033 0.973469 0.000000
vt 0.783211 0.969231 0.000000
vt 0.050649 0.334044 0.000000
vt 0.057098 0.322954 0.000000
vt 0.042833 0.314979 0.000000
vt 0.036670 0.326396 0.000000
vt 0.063695 0.312773 0.000000
vt 0.049294 0.304588 0.000000
vt 0.795114 0.965302 0.000000
vt 0.070748 0.302714 0.000000
vt 0.056301 0.294552 0.000000
vt 0.806309 0.962121 0.000000
vt 0.075532 0.322094 0.000000
vt 0.082290 0.312361 0.000000
vt 0.084589 0.332681 0.000000
vt 0.090892 0.323360 0.000000
vt 0.091424 0.344346 0.000000
vt 0.097344 0.335355 0.000000
vt 0.096203 0.357601 0.000000
vt 0.102016 0.348725 0.000000
vt 0.108534 0.338655 0.000000
vt 0.098862 0.373194 0.000000
vt 0.094547 0.397506 0.000000
vt 0.099692 0.391297 0.000000
vt 0.093593 0.380620 0.000000
vt 0.090851 0.365783 0.000000
vt 0.088692 0.387155 0.000000
vt 0.085811 0.373656 0.000000
vt 0.085856 0.353063 0.000000
vt 0.080507 0.361873 0.000000
vt 0.075182 0.371540 0.000000
vt 0.078632 0.341865 0.000000
vt 0.072859 0.351363 0.000000
vt 0.067023 0.362073 0.000000
vt 0.069841 0.383101 0.000000
vt 0.061034 0.374980 0.000000
vt 0.062950 0.342005 0.000000
vt 0.056632 0.353797 0.000000
vt 0.050145 0.368017 0.000000
vt 0.055182 0.390545 0.000000
vt 0.043806 0.384983 0.000000
vt 0.043975 0.347147 0.000000
vt 0.037116 0.362859 0.000000
vt 0.030537 0.381185 0.000000
vt 0.038206 0.404209 0.000000
vt 0.024902 0.401366 0.000000
vt 0.022434 0.358298 0.000000
vt 0.015443 0.378308 0.000000
vt 0.010195 0.399575 0.000000
vt 0.020570 0.422192 0.000000
vt 0.005841 0.420871 0.000000
vt 0.700621 0.974269 0.000000
vt 0.676571 0.978068 0.000000
vt 0.682710 0.992520 0.000000
vt 0.708949 0.988446 0.000000
vt 0.651592 0.980934 0.000000
vt 0.655954 0.995250 0.000000
vt 0.628833 0.997132 0.000000
vt 0.626072 0.982861 0.000000
vt 0.671192 0.964412 0.000000
vt 0.647771 0.967277 0.000000
vt 0.623726 0.969360 0.000000
vt 0.600063 0.983786 0.000000
vt 0.599066 0.970579 0.000000
vt 0.644616 0.954147 0.000000
vt 0.621794 0.956478 0.000000
vt 0.598251 0.958097 0.000000
vt 0.573684 0.970796 0.000000
vt 0.573944 0.958814 0.000000
vt 0.620198 0.944127 0.000000
vt 0.597517 0.946164 0.000000
vt 0.574064 0.947362 0.000000
vt 0.548811 0.958405 0.000000
vt 0.549902 0.947525 0.000000
vt 0.596810 0.934675 0.000000
vt 0.574109 0.936283 0.000000
vt 0.550819 0.936930 0.000000
vt 0.524849 0.946439 0.000000
vt 0.526700 0.936468 0.000000
vt 0.574145 0.925476 0.000000
vt 0.551709 0.926483 0.000000
vt 0.528464 0.926537 0.000000
vt 0.501139 0.934603 0.000000
vt 0.503731 0.925385 0.000000
vt 0.552619 0.916165 0.000000
vt 0.530245 0.916617 0.000000
vt 0.506441 0.916086 0.000000
vt 0.476782 0.922493 0.000000
vt 0.480591 0.913996 0.000000
vt 0.531969 0.906775 0.000000
vt 0.509178 0.906752 0.000000
vt 0.484643 0.905383 0.000000
vt 0.452662 0.909611 0.000000
vt 0.458538 0.901895 0.000000
vt 0.511624 0.897435 0.000000
vt 0.488466 0.896653 0.000000
vt 0.464325 0.893979 0.000000
vt 0.431726 0.895809 0.000000
vt 0.440019 0.888998 0.000000
vt 0.491586 0.887798 0.000000
vt 0.469428 0.885760 0.000000
vt 0.447573 0.881741 0.000000
vt 0.416562 0.881648 0.000000
vt 0.426546 0.875682 0.000000
vt 0.473582 0.877133 0.000000
vt 0.453932 0.873851 0.000000
vt 0.434910 0.868891 0.000000
vt 0.406840 0.867569 0.000000
vt 0.416656 0.862096 0.000000
vt 0.459312 0.865436 0.000000
vt 0.441782 0.861373 0.000000
vt 0.424651 0.855735 0.000000
vt 0.399577 0.853325 0.000000
vt 0.408461 0.848218 0.000000
vt 0.447946 0.853588 0.000000
vt 0.431695 0.848913 0.000000
vt 0.416338 0.842522 0.000000
vt 0.393938 0.838793 0.000000
vt 0.402580 0.834299 0.000000
vt 0.438670 0.842052 0.000000
vt 0.423994 0.836605 0.000000
vt 0.410778 0.829472 0.000000
vt 0.390778 0.824504 0.000000
vt 0.399388 0.820828 0.000000
vt 0.431823 0.830629 0.000000
vt 0.419096 0.824495 0.000000
vt 0.408079 0.816908 0.000000
vt 0.390111 0.811021 0.000000
vt 0.399163 0.808158 0.000000
vt 0.427758 0.819530 0.000000
vt 0.417503 0.812959 0.000000
vt 0.409179 0.805169 0.000000
vt 0.420687 0.802377 0.000000
vt 0.415317 0.794652 0.000000
vt 0.403167 0.796626 0.000000
vt 0.392751 0.798648 0.000000
vt 0.383365 0.800489 0.000000
vt 0.399508 0.787844 0.000000
vt 0.388870 0.788913 0.000000
vt 0.379246 0.789825 0.000000
vt 0.374123 0.801995 0.000000
vt 0.369793 0.790491 0.000000
vt 0.386962 0.779516 0.000000
vt 0.377247 0.779634 0.000000
vt 0.367771 0.779667 0.000000
vt 0.359754 0.790722 0.000000
vt 0.357723 0.779348 0.000000
vt 0.376779 0.770300 0.000000
vt 0.367440 0.769823 0.000000
vt 0.357525 0.769123 0.000000
vt 0.346279 0.777944 0.000000
vt 0.346225 0.767336 0.000000
vt 0.368009 0.760980 0.000000
vt 0.358231 0.759882 0.000000
vt 0.347323 0.757871 0.000000
vt 0.335134 0.753888 0.000000
vt 0.359379 0.751498 0.000000
vt 0.348940 0.749146 0.000000
vt 0.337608 0.745283 0.000000
vt 0.322241 0.747210 0.000000
vt 0.325803 0.739418 0.000000
vt 0.351028 0.741303 0.000000
vt 0.340430 0.737315 0.000000
vt 0.329415 0.731806 0.000000
vt 0.314316 0.731773 0.000000
vt 0.318458 0.724840 0.000000
vt 0.309903 0.738184 0.000000
vt 0.307980 0.717038 0.000000
vt 0.298199 0.709462 0.000000
vt 0.312409 0.710712 0.000000
vt 0.302741 0.703056 0.000000
vt 0.289165 0.702872 0.000000
vt 0.293955 0.695889 0.000000
vt 0.308143 0.697441 0.000000
vt 0.299857 0.689954 0.000000
vt 0.286152 0.689251 0.000000
vt 0.292670 0.682786 0.000000
vt 0.306255 0.684888 0.000000
vt 0.299555 0.677189 0.000000
vt 0.286618 0.675784 0.000000
vt 0.294009 0.669545 0.000000
vt 0.306489 0.672343 0.000000
vt 0.301358 0.663919 0.000000
vt 0.289544 0.661996 0.000000
vt 0.309014 0.659275 0.000000
vt 0.277685 0.661958 0.000000
vt 0.281685 0.668814 0.000000
vt 0.285879 0.654816 0.000000
vt 0.279281 0.682680 0.000000
vt 0.273456 0.675821 0.000000
vt 0.268675 0.668703 0.000000
vt 0.265526 0.683610 0.000000
vt 0.259397 0.675741 0.000000
vt 0.274265 0.655391 0.000000
vt 0.264618 0.661515 0.000000
vt 0.254207 0.667407 0.000000
vt 0.251063 0.683727 0.000000
vt 0.244113 0.673915 0.000000
vt 0.261038 0.654254 0.000000
vt 0.249814 0.658509 0.000000
vt 0.238179 0.662544 0.000000
vt 0.246339 0.648858 0.000000
vt 0.234431 0.649613 0.000000
vt 0.243746 0.638494 0.000000
vt 0.232279 0.636628 0.000000
vt 0.221469 0.632560 0.000000
vt 0.211959 0.626466 0.000000
vt 0.231355 0.624014 0.000000
vt 0.221392 0.618398 0.000000
vt 0.212640 0.611303 0.000000
vt 0.203898 0.619221 0.000000
vt 0.205160 0.603442 0.000000
vt 0.222437 0.605612 0.000000
vt 0.214321 0.597781 0.000000
vt 0.207343 0.589209 0.000000
vt 0.198535 0.595068 0.000000
vt 0.201293 0.580226 0.000000
vt 0.216973 0.586389 0.000000
vt 0.210494 0.577359 0.000000
vt 0.205045 0.567782 0.000000
vt 0.214541 0.568212 0.000000
vt 0.209683 0.558349 0.000000
vt 0.219235 0.561345 0.000000
vt 0.214898 0.551652 0.000000
vt 0.224206 0.555901 0.000000
vt 0.220323 0.547008 0.000000
vt 0.217609 0.536562 0.000000
vt 0.222309 0.523030 0.000000
vt 0.228627 0.523257 0.000000
vt 0.234693 0.525201 0.000000
vt 0.239224 0.539182 0.000000
vt 0.240463 0.528364 0.000000
vt 0.244355 0.542787 0.000000
vt 0.245937 0.532313 0.000000
vt 0.249486 0.546679 0.000000
vt 0.251255 0.536804 0.000000
vt 0.254826 0.550967 0.000000
vt 0.256649 0.541765 0.000000
vt 0.260566 0.555800 0.000000
vt 0.262352 0.547203 0.000000
vt 0.264207 0.538209 0.000000
vt 0.268483 0.553054 0.000000
vt 0.270283 0.544510 0.000000
vt 0.275046 0.558994 0.000000
vt 0.276748 0.550678 0.000000
vt 0.282008 0.564537 0.000000
vt 0.283618 0.556225 0.000000
vt 0.289273 0.569286 0.000000
vt 0.290847 0.560804 0.000000
vt 0.292644 0.551863 0.000000
vt 0.298261 0.564403 0.000000
vt 0.300042 0.555397 0.000000
vt 0.302254 0.546127 0.000000
vt 0.307514 0.558196 0.000000
vt 0.309736 0.548937 0.000000
vt 0.314855 0.560724 0.000000
vt 0.317180 0.551363 0.000000
vt 0.319755 0.542396 0.000000
vt 0.324503 0.553729 0.000000
vt 0.327224 0.544688 0.000000
vt 0.330114 0.536487 0.000000
vt 0.334708 0.546990 0.000000
vt 0.331780 0.556112 0.000000
vt 0.339188 0.558584 0.000000
vt 0.328978 0.565861 0.000000
vt 0.336020 0.568473 0.000000
vt 0.343194 0.571348 0.000000
vt 0.346820 0.561550 0.000000
vt 0.350451 0.574973 0.000000
vt 0.354587 0.565580 0.000000
vt 0.357725 0.579659 0.000000
vt 0.362264 0.570908 0.000000
vt 0.365097 0.585125 0.000000
vt 0.369745 0.577021 0.000000
vt 0.374471 0.568942 0.000000
vt 0.377135 0.582949 0.000000
vt 0.381727 0.574942 0.000000
vt 0.386697 0.566686 0.000000
vt 0.388625 0.579831 0.000000
vt 0.393255 0.571420 0.000000
vt 0.398635 0.562884 0.000000
vt 0.399366 0.574948 0.000000
vt 0.404394 0.566289 0.000000
vt 0.410236 0.557323 0.000000
vt 0.409788 0.568843 0.000000
vt 0.415312 0.559719 0.000000
vt 0.421283 0.550218 0.000000
vt 0.420153 0.561755 0.000000
vt 0.415012 0.570917 0.000000
vt 0.420253 0.573020 0.000000
vt 0.411008 0.579673 0.000000
vt 0.405260 0.577545 0.000000
vt 0.401788 0.586043 0.000000
vt 0.395304 0.583436 0.000000
vt 0.391871 0.591627 0.000000
vt 0.384544 0.587901 0.000000
vt 0.380705 0.595434 0.000000
vt 0.372759 0.590623 0.000000
vt 0.368547 0.598126 0.000000
vt 0.360509 0.593353 0.000000
vt 0.355991 0.601736 0.000000
vt 0.352974 0.588756 0.000000
vt 0.348041 0.598032 0.000000
vt 0.343216 0.607408 0.000000
vt 0.340662 0.594756 0.000000
vt 0.335346 0.604807 0.000000
vt 0.330490 0.614965 0.000000
vt 0.328298 0.602285 0.000000
vt 0.322788 0.613033 0.000000
vt 0.322178 0.599497 0.000000
vt 0.316155 0.610598 0.000000
vt 0.316820 0.596213 0.000000
vt 0.310694 0.607278 0.000000
vt 0.311780 0.592596 0.000000
vt 0.306047 0.603326 0.000000
vt 0.299680 0.614457 0.000000
vt 0.301661 0.599169 0.000000
vt 0.295965 0.609720 0.000000
vt 0.290151 0.619851 0.000000
vt 0.293366 0.625063 0.000000
vt 0.284074 0.628950 0.000000
vt 0.286936 0.634447 0.000000
vt 0.282658 0.648358 0.000000
vt 0.279746 0.642484 0.000000
vt 0.276985 0.636685 0.000000
vt 0.271169 0.649075 0.000000
vt 0.268257 0.642643 0.000000
vt 0.281188 0.623160 0.000000
vt 0.274220 0.630463 0.000000
vt 0.265479 0.635607 0.000000
vt 0.257863 0.646618 0.000000
vt 0.255095 0.638225 0.000000
vt 0.271418 0.623616 0.000000
vt 0.262923 0.627757 0.000000
vt 0.252868 0.629004 0.000000
vt 0.242069 0.627640 0.000000
vt 0.260791 0.619323 0.000000
vt 0.251400 0.619278 0.000000
vt 0.241404 0.616720 0.000000
vt 0.231580 0.612074 0.000000
vt 0.250844 0.609472 0.000000
vt 0.241768 0.606128 0.000000
vt 0.232853 0.601112 0.000000
vt 0.224493 0.594471 0.000000
vt 0.243073 0.596081 0.000000
vt 0.235022 0.591182 0.000000
vt 0.227413 0.584934 0.000000
vt 0.220497 0.577197 0.000000
vt 0.237878 0.582098 0.000000
vt 0.230987 0.576607 0.000000
vt 0.224674 0.569725 0.000000
vt 0.234915 0.568875 0.000000
vt 0.229176 0.563138 0.000000
vt 0.238766 0.561029 0.000000
vt 0.233514 0.556447 0.000000
vt 0.242018 0.552417 0.000000
vt 0.237001 0.548636 0.000000
vt 0.244385 0.564950 0.000000
vt 0.247239 0.556065 0.000000
vt 0.250317 0.568710 0.000000
vt 0.252750 0.559906 0.000000
vt 0.256599 0.572780 0.000000
vt 0.258672 0.564254 0.000000
vt 0.263227 0.577420 0.000000
vt 0.265060 0.569212 0.000000
vt 0.266792 0.561183 0.000000
vt 0.271822 0.574664 0.000000
vt 0.273459 0.566870 0.000000
vt 0.278717 0.580312 0.000000
vt 0.280451 0.572453 0.000000
vt 0.285429 0.585728 0.000000
vt 0.287580 0.577499 0.000000
vt 0.291604 0.590590 0.000000
vt 0.294516 0.581770 0.000000
vt 0.296596 0.573128 0.000000
vt 0.300895 0.585465 0.000000
vt 0.303644 0.576347 0.000000
vt 0.305619 0.567345 0.000000
vt 0.310190 0.579395 0.000000
vt 0.312701 0.570085 0.000000
vt 0.316218 0.582564 0.000000
vt 0.319421 0.572903 0.000000
vt 0.321979 0.563272 0.000000
vt 0.325888 0.575794 0.000000
vt 0.321939 0.585815 0.000000
vt 0.327704 0.588930 0.000000
vt 0.332327 0.578649 0.000000
vt 0.333883 0.591828 0.000000
vt 0.338945 0.581530 0.000000
vt 0.345819 0.584791 0.000000
vt 0.306593 0.588982 0.000000
vt 0.296982 0.594981 0.000000
vt 0.287830 0.599676 0.000000
vt 0.292195 0.604814 0.000000
vt 0.283344 0.608677 0.000000
vt 0.286962 0.614410 0.000000
vt 0.278058 0.616945 0.000000
vt 0.279026 0.602673 0.000000
vt 0.274560 0.610433 0.000000
vt 0.268646 0.616331 0.000000
vt 0.273908 0.596620 0.000000
vt 0.270003 0.582688 0.000000
vt 0.267983 0.590921 0.000000
vt 0.276577 0.588409 0.000000
vt 0.282602 0.594189 0.000000
vt 0.261382 0.585910 0.000000
vt 0.254480 0.581544 0.000000
vt 0.252580 0.590584 0.000000
vt 0.251260 0.599881 0.000000
vt 0.245138 0.586599 0.000000
vt 0.247673 0.577544 0.000000
vt 0.241130 0.573502 0.000000
vt 0.196709 0.611205 0.000000
vt 0.195645 0.627933 0.000000
vt 0.203445 0.635889 0.000000
vt 0.195048 0.644852 0.000000
vt 0.203422 0.652936 0.000000
vt 0.194552 0.661550 0.000000
vt 0.203360 0.669912 0.000000
vt 0.193914 0.677786 0.000000
vt 0.203324 0.686809 0.000000
vt 0.212220 0.694145 0.000000
vt 0.203589 0.703556 0.000000
vt 0.213351 0.711547 0.000000
vt 0.222946 0.718231 0.000000
vt 0.221144 0.700925 0.000000
vt 0.232849 0.724425 0.000000
vt 0.230450 0.707956 0.000000
vt 0.243355 0.730680 0.000000
vt 0.240423 0.715428 0.000000
vt 0.240903 0.702955 0.000000
vt 0.251016 0.723268 0.000000
vt 0.244664 0.692711 0.000000
vt 0.254400 0.737105 0.000000
vt 0.248556 0.747579 0.000000
vt 0.260128 0.753150 0.000000
vt 0.271711 0.758255 0.000000
vt 0.265807 0.769560 0.000000
vt 0.277801 0.774401 0.000000
vt 0.289399 0.778395 0.000000
vt 0.282576 0.762144 0.000000
vt 0.300266 0.781292 0.000000
vt 0.292335 0.764485 0.000000
vt 0.294344 0.794721 0.000000
vt 0.306228 0.798125 0.000000
vt 0.317889 0.800465 0.000000
vt 0.311633 0.814703 0.000000
vt 0.324803 0.816988 0.000000
vt 0.337451 0.818016 0.000000
vt 0.329684 0.802045 0.000000
vt 0.349583 0.818040 0.000000
vt 0.341724 0.803118 0.000000
vt 0.361054 0.817212 0.000000
vt 0.353458 0.803477 0.000000
vt 0.348551 0.790112 0.000000
vt 0.364293 0.803047 0.000000
vt 0.371603 0.815664 0.000000
vt 0.381167 0.813559 0.000000
vt 0.381567 0.827786 0.000000
vt 0.371363 0.830483 0.000000
vt 0.384292 0.842673 0.000000
vt 0.360011 0.832362 0.000000
vt 0.373176 0.845629 0.000000
vt 0.388916 0.857475 0.000000
vt 0.360269 0.847495 0.000000
vt 0.376149 0.860545 0.000000
vt 0.395009 0.872057 0.000000
vt 0.361555 0.862720 0.000000
vt 0.381786 0.875813 0.000000
vt 0.405603 0.887030 0.000000
vt 0.368420 0.879415 0.000000
vt 0.394740 0.892209 0.000000
vt 0.423489 0.902395 0.000000
vt 0.385297 0.897666 0.000000
vt 0.416238 0.908945 0.000000
vt 0.447356 0.917187 0.000000
vt 0.410694 0.915639 0.000000
vt 0.442996 0.924643 0.000000
vt 0.473376 0.930843 0.000000
vt 0.439398 0.932091 0.000000
vt 0.470097 0.939080 0.000000
vt 0.498445 0.943760 0.000000
vt 0.466486 0.947420 0.000000
vt 0.495342 0.953012 0.000000
vt 0.522694 0.956589 0.000000
vt 0.491704 0.962702 0.000000
vt 0.520118 0.967172 0.000000
vt 0.547419 0.969767 0.000000
vt 0.517239 0.978571 0.000000
vt 0.545855 0.981890 0.000000
vt 0.573407 0.983528 0.000000
vt 0.544642 0.995173 0.000000
vt 0.573491 0.997299 0.000000
vt 0.601401 0.998047 0.000000
vt 0.016493 0.484401 0.000000
vt 0.016436 0.463722 0.000000
vt 0.001953 0.462978 0.000000
vt 0.002403 0.483817 0.000000
vt 0.017785 0.443019 0.000000
vt 0.003332 0.442052 0.000000
vt 0.029749 0.465233 0.000000
vt 0.031144 0.444828 0.000000
vt 0.033917 0.424437 0.000000
vt 0.043496 0.447484 0.000000
vt 0.046087 0.427699 0.000000
vt 0.050026 0.408457 0.000000
vt 0.057109 0.431741 0.000000
vt 0.060434 0.413666 0.000000
vt 0.064783 0.397204 0.000000
vt 0.069516 0.418517 0.000000
vt 0.075524 0.438195 0.000000
vt 0.077296 0.421365 0.000000
vt 0.066964 0.435641 0.000000
vt 0.082619 0.438948 0.000000
vt 0.083810 0.421526 0.000000
vt 0.088413 0.438188 0.000000
vt 0.089336 0.419548 0.000000
vt 0.089614 0.402492 0.000000
vt 0.094309 0.416160 0.000000
vt 0.097904 0.433717 0.000000
vt 0.099161 0.411661 0.000000
vt 0.093361 0.436377 0.000000
vt 0.102454 0.430147 0.000000
vt 0.100523 0.455299 0.000000
vt 0.096293 0.457000 0.000000
vt 0.098348 0.481020 0.000000
vt 0.094395 0.480872 0.000000
vt 0.092007 0.457907 0.000000
vt 0.090333 0.480281 0.000000
vt 0.092409 0.504629 0.000000
vt 0.088535 0.503041 0.000000
vt 0.087164 0.458237 0.000000
vt 0.085688 0.479370 0.000000
vt 0.084165 0.501282 0.000000
vt 0.087214 0.526109 0.000000
vt 0.083124 0.523899 0.000000
vt 0.079994 0.478097 0.000000
vt 0.078832 0.499291 0.000000
vt 0.078219 0.521413 0.000000
vt 0.083212 0.547201 0.000000
vt 0.078654 0.544389 0.000000
vt 0.071975 0.496903 0.000000
vt 0.071880 0.518539 0.000000
vt 0.072796 0.541088 0.000000
vt 0.080410 0.568097 0.000000
vt 0.074918 0.564463 0.000000
vt 0.063727 0.515264 0.000000
vt 0.065156 0.537342 0.000000
vt 0.067740 0.560255 0.000000
vt 0.078157 0.588522 0.000000
vt 0.071339 0.583838 0.000000
vt 0.055737 0.533467 0.000000
vt 0.058782 0.555825 0.000000
vt 0.062861 0.578777 0.000000
vt 0.075578 0.607679 0.000000
vt 0.067510 0.601805 0.000000
vt 0.048415 0.551807 0.000000
vt 0.052997 0.573986 0.000000
vt 0.058168 0.595977 0.000000
vt 0.071805 0.623911 0.000000
vt 0.062766 0.616658 0.000000
vt 0.042058 0.570311 0.000000
vt 0.047818 0.591208 0.000000
vt 0.030227 0.568521 0.000000
vt 0.036698 0.588673 0.000000
vt 0.017487 0.568646 0.000000
vt 0.024518 0.588779 0.000000
vt 0.457140 0.965902 0.000000
vt 0.426185 0.956701 0.000000
vt 0.419462 0.966750 0.000000
vt 0.451446 0.976858 0.000000
vt 0.395114 0.945881 0.000000
vt 0.387903 0.954250 0.000000
vt 0.359131 0.942214 0.000000
vt 0.365350 0.934301 0.000000
vt 0.431664 0.947847 0.000000
vt 0.400210 0.937700 0.000000
vt 0.369297 0.926197 0.000000
vt 0.339189 0.923215 0.000000
vt 0.341609 0.914474 0.000000
vt 0.403788 0.929954 0.000000
vt 0.371889 0.918302 0.000000
vt 0.342893 0.905748 0.000000
vt 0.319095 0.904091 0.000000
vt 0.318628 0.893875 0.000000
vt 0.374355 0.910758 0.000000
vt 0.344471 0.897285 0.000000
vt 0.318845 0.883717 0.000000
vt 0.299332 0.884034 0.000000
vt 0.297703 0.871651 0.000000
vt 0.348567 0.889731 0.000000
vt 0.378430 0.903810 0.000000
vt 0.356719 0.883768 0.000000
vt 0.406851 0.922621 0.000000
vt 0.435883 0.939738 0.000000
vt 0.462215 0.956230 0.000000
vt 0.487596 0.973242 0.000000
vt 0.483415 0.985078 0.000000
vt 0.514523 0.991407 0.000000
vt 0.024756 0.547543 0.000000
vt 0.020600 0.526350 0.000000
vt 0.007079 0.526253 0.000000
vt 0.011579 0.547624 0.000000
vt 0.017863 0.505255 0.000000
vt 0.004014 0.504863 0.000000
vt 0.033190 0.527522 0.000000
vt 0.030749 0.506461 0.000000
vt 0.029626 0.485727 0.000000
vt 0.042800 0.508760 0.000000
vt 0.041889 0.487988 0.000000
vt 0.042125 0.467590 0.000000
vt 0.053208 0.490895 0.000000
vt 0.053546 0.470539 0.000000
vt 0.054839 0.450788 0.000000
vt 0.063857 0.473603 0.000000
vt 0.065081 0.454094 0.000000
vt 0.072763 0.476222 0.000000
vt 0.073987 0.456588 0.000000
vt 0.081310 0.457907 0.000000
vt 0.063354 0.494021 0.000000
vt 0.053897 0.511847 0.000000
vt 0.044956 0.530013 0.000000
vt 0.037012 0.548882 0.000000
vt 0.289034 0.890648 0.000000
vt 0.301909 0.896122 0.000000
vt 0.284174 0.876592 0.000000
vt 0.280311 0.861860 0.000000
vt 0.271840 0.871027 0.000000
vt 0.265555 0.853798 0.000000
vt 0.264478 0.838664 0.000000
vt 0.251178 0.845720 0.000000
vt 0.249634 0.829615 0.000000
vt 0.267445 0.825799 0.000000
vt 0.253024 0.817311 0.000000
vt 0.238863 0.808392 0.000000
vt 0.270561 0.813318 0.000000
vt 0.256810 0.805856 0.000000
vt 0.243173 0.797996 0.000000
vt 0.224074 0.798153 0.000000
vt 0.228929 0.789123 0.000000
vt 0.258610 0.793535 0.000000
vt 0.245537 0.786631 0.000000
vt 0.231835 0.778726 0.000000
vt 0.213301 0.778127 0.000000
vt 0.216956 0.768933 0.000000
vt 0.245068 0.773576 0.000000
vt 0.232081 0.766493 0.000000
vt 0.218218 0.757659 0.000000
vt 0.200514 0.756034 0.000000
vt 0.203272 0.746133 0.000000
vt 0.229893 0.752145 0.000000
vt 0.217388 0.744169 0.000000
vt 0.204235 0.733866 0.000000
vt 0.187072 0.730861 0.000000
vt 0.190093 0.720359 0.000000
vt 0.215388 0.728603 0.000000
vt 0.204084 0.719512 0.000000
vt 0.191919 0.707681 0.000000
vt 0.174997 0.703015 0.000000
vt 0.178716 0.692407 0.000000
vt 0.193070 0.693315 0.000000
vt 0.181501 0.679940 0.000000
vt 0.165157 0.673633 0.000000
vt 0.169393 0.663134 0.000000
vt 0.183621 0.665967 0.000000
vt 0.145886 0.658347 0.000000
vt 0.159851 0.682020 0.000000
vt 0.152347 0.651984 0.000000
vt 0.138384 0.662092 0.000000
vt 0.153318 0.687885 0.000000
vt 0.170009 0.711264 0.000000
vt 0.145754 0.690894 0.000000
vt 0.163637 0.716664 0.000000
vt 0.182450 0.738729 0.000000
vt 0.156213 0.719315 0.000000
vt 0.176210 0.743849 0.000000
vt 0.195697 0.763467 0.000000
vt 0.168705 0.746403 0.000000
vt 0.189137 0.768492 0.000000
vt 0.207720 0.785415 0.000000
vt 0.181474 0.771229 0.000000
vt 0.151950 0.745596 0.000000
vt 0.173547 0.772449 0.000000
vt 0.160413 0.746634 0.000000
vt 0.144813 0.747817 0.000000
vt 0.165795 0.774391 0.000000
vt 0.277594 0.899655 0.000000
vt 0.271143 0.885402 0.000000
vt 0.265922 0.886818 0.000000
vt 0.272938 0.900170 0.000000
vt 0.261209 0.866981 0.000000
vt 0.253984 0.867578 0.000000
vt 0.279078 0.887122 0.000000
vt 0.292423 0.903257 0.000000
vt 0.284159 0.900756 0.000000
vt 0.302476 0.917706 0.000000
vt 0.303381 0.907464 0.000000
vt 0.293598 0.914597 0.000000
vt 0.286873 0.912578 0.000000
vt 0.082826 0.652024 0.000000
vt 0.084034 0.670345 0.000000
vt 0.093593 0.680518 0.000000
vt 0.090892 0.660145 0.000000
vt 0.281293 0.911597 0.000000
vt 0.099033 0.668300 0.000000
vt 0.104860 0.692167 0.000000
vt 0.086787 0.637337 0.000000
vt 0.093005 0.643103 0.000000
vt 0.117945 0.706347 0.000000
vt 0.107385 0.676187 0.000000
vt 0.098827 0.648248 0.000000
vt 0.087684 0.617570 0.000000
vt 0.092382 0.621444 0.000000
vt 0.115435 0.682328 0.000000
vt 0.104481 0.652701 0.000000
vt 0.096801 0.624849 0.000000
vt 0.087777 0.595794 0.000000
vt 0.091653 0.598645 0.000000
vt 0.110111 0.656464 0.000000
vt 0.101227 0.627898 0.000000
vt 0.095453 0.601203 0.000000
vt 0.088515 0.573711 0.000000
vt 0.092116 0.575997 0.000000
vt 0.105980 0.630681 0.000000
vt 0.099497 0.603607 0.000000
vt 0.095830 0.578162 0.000000
vt 0.090716 0.551792 0.000000
vt 0.094331 0.553868 0.000000
vt 0.104252 0.605956 0.000000
vt 0.100017 0.580326 0.000000
vt 0.098188 0.555975 0.000000
vt 0.094574 0.530122 0.000000
vt 0.098313 0.532215 0.000000
vt 0.105163 0.582363 0.000000
vt 0.102721 0.558067 0.000000
vt 0.102490 0.534632 0.000000
vt 0.108367 0.559649 0.000000
vt 0.107473 0.537036 0.000000
vt 0.115084 0.559656 0.000000
vt 0.113458 0.537789 0.000000
vt 0.111548 0.583655 0.000000
vt 0.118817 0.583208 0.000000
vt 0.117368 0.608994 0.000000
vt 0.125058 0.607934 0.000000
vt 0.126250 0.635381 0.000000
vt 0.134097 0.633267 0.000000
vt 0.110203 0.608012 0.000000
vt 0.118444 0.635087 0.000000
vt 0.130361 0.663132 0.000000
vt 0.111588 0.633214 0.000000
vt 0.122723 0.662008 0.000000
vt 0.137834 0.691336 0.000000
vt 0.116032 0.659599 0.000000
vt 0.130171 0.689796 0.000000
vt 0.148212 0.719546 0.000000
vt 0.122837 0.686751 0.000000
vt 0.139905 0.717604 0.000000
vt 0.131025 0.713757 0.000000
vt 0.090948 0.528144 0.000000
vt 0.096134 0.506078 0.000000
vt 0.087088 0.549623 0.000000
vt 0.084748 0.571132 0.000000
vt 0.083458 0.592490 0.000000
vt 0.082246 0.613020 0.000000
vt 0.079802 0.630919 0.000000
vt 0.074338 0.643607 0.000000
vt 0.065132 0.634621 0.000000
vt 0.065006 0.650302 0.000000
vt 0.074837 0.660805 0.000000
vt 0.318549 0.914051 0.000000
vt 0.315432 0.923207 0.000000
vt 0.333938 0.931202 0.000000
vt 0.276394 0.911598 0.000000
vt 0.226345 0.735801 0.000000
vt 0.241975 0.758606 0.000000
vt 0.237324 0.741902 0.000000
vt 0.253855 0.764271 0.000000
vt 0.257519 0.779675 0.000000
vt 0.269825 0.785228 0.000000
vt 0.271540 0.799882 0.000000
vt 0.284656 0.805774 0.000000
vt 0.282144 0.790313 0.000000
vt 0.298115 0.810924 0.000000
vt 0.345481 0.848266 0.000000
vt 0.333527 0.832923 0.000000
vt 0.347427 0.833234 0.000000
vt 0.272776 0.690759 0.000000
vt 0.280761 0.696975 0.000000
vt 0.360959 0.744160 0.000000
vt 0.368997 0.753135 0.000000
vt 0.370323 0.746474 0.000000
vt 0.378281 0.754715 0.000000
vt 0.379549 0.748751 0.000000
vt 0.387930 0.756550 0.000000
vt 0.377284 0.761966 0.000000
vt 0.386887 0.763145 0.000000
vt 0.397681 0.764545 0.000000
vt 0.386421 0.770855 0.000000
vt 0.397220 0.771488 0.000000
vt 0.409846 0.772226 0.000000
vt 0.397718 0.779335 0.000000
vt 0.410272 0.779164 0.000000
vt 0.424670 0.779152 0.000000
vt 0.411937 0.786761 0.000000
vt 0.426166 0.785866 0.000000
vt 0.441516 0.785311 0.000000
vt 0.429119 0.793017 0.000000
vt 0.443859 0.791965 0.000000
vt 0.458783 0.791490 0.000000
vt 0.447052 0.799034 0.000000
vt 0.460836 0.798662 0.000000
vt 0.474603 0.798719 0.000000
vt 0.462339 0.806236 0.000000
vt 0.475322 0.806685 0.000000
vt 0.488801 0.807076 0.000000
vt 0.488402 0.798827 0.000000
vt 0.502740 0.807222 0.000000
vt 0.502330 0.798711 0.000000
vt 0.517043 0.806967 0.000000
vt 0.502263 0.815978 0.000000
vt 0.516900 0.816002 0.000000
vt 0.531907 0.815495 0.000000
vt 0.515134 0.824980 0.000000
vt 0.530534 0.824845 0.000000
vt 0.546159 0.824077 0.000000
vt 0.547143 0.814289 0.000000
vt 0.561851 0.822615 0.000000
vt 0.543833 0.833558 0.000000
vt 0.560340 0.832378 0.000000
vt 0.576701 0.830528 0.000000
vt 0.558480 0.841648 0.000000
vt 0.575867 0.839893 0.000000
vt 0.592548 0.837489 0.000000
vt 0.575188 0.848841 0.000000
vt 0.592692 0.846436 0.000000
vt 0.609492 0.843174 0.000000
vt 0.592986 0.855224 0.000000
vt 0.610614 0.851840 0.000000
vt 0.627581 0.847581 0.000000
vt 0.611707 0.860652 0.000000
vt 0.629266 0.856358 0.000000
vt 0.645894 0.851537 0.000000
vt 0.630652 0.865561 0.000000
vt 0.647704 0.860817 0.000000
vt 0.663816 0.855834 0.000000
vt 0.649326 0.870578 0.000000
vt 0.665852 0.865727 0.000000
vt 0.681323 0.860710 0.000000
vt 0.667980 0.876094 0.000000
vt 0.683746 0.871246 0.000000
vt 0.697954 0.866174 0.000000
vt 0.686817 0.882241 0.000000
vt 0.701166 0.877111 0.000000
vt 0.713030 0.871584 0.000000
vt 0.726647 0.875044 0.000000
vt 0.732818 0.881838 0.000000
vt 0.734117 0.869308 0.000000
vt 0.741356 0.864001 0.000000
vt 0.741048 0.885383 0.000000
vt 0.673610 0.898189 0.000000
vt 0.670519 0.886900 0.000000
vt 0.657729 0.913834 0.000000
vt 0.676967 0.910043 0.000000
vt 0.655212 0.902301 0.000000
vt 0.652910 0.891303 0.000000
vt 0.636019 0.906261 0.000000
vt 0.634316 0.895514 0.000000
vt 0.650979 0.880747 0.000000
vt 0.632937 0.885174 0.000000
vt 0.614911 0.899304 0.000000
vt 0.614012 0.889111 0.000000
vt 0.631795 0.875187 0.000000
vt 0.613313 0.879273 0.000000
vt 0.594411 0.892267 0.000000
vt 0.594060 0.882522 0.000000
vt 0.612610 0.869776 0.000000
vt 0.593713 0.873134 0.000000
vt 0.574387 0.884835 0.000000
vt 0.574320 0.875464 0.000000
vt 0.593339 0.864066 0.000000
vt 0.574375 0.866408 0.000000
vt 0.554672 0.876975 0.000000
vt 0.554880 0.867880 0.000000
vt 0.574680 0.857595 0.000000
vt 0.555533 0.859126 0.000000
vt 0.534917 0.868925 0.000000
vt 0.535756 0.860088 0.000000
vt 0.556768 0.850492 0.000000
vt 0.537779 0.851425 0.000000
vt 0.516330 0.860526 0.000000
vt 0.519275 0.851635 0.000000
vt 0.540753 0.842649 0.000000
vt 0.523400 0.842847 0.000000
vt 0.502022 0.851197 0.000000
vt 0.506884 0.842427 0.000000
vt 0.527512 0.833967 0.000000
vt 0.511606 0.833765 0.000000
vt 0.491104 0.841616 0.000000
vt 0.496188 0.833190 0.000000
vt 0.500106 0.824676 0.000000
vt 0.481219 0.832266 0.000000
vt 0.485542 0.824023 0.000000
vt 0.488084 0.815579 0.000000
vt 0.471605 0.822922 0.000000
vt 0.474550 0.814861 0.000000
vt 0.452745 0.828269 0.000000
vt 0.466699 0.830740 0.000000
vt 0.458473 0.821157 0.000000
vt 0.461845 0.813816 0.000000
vt 0.445830 0.835215 0.000000
vt 0.460613 0.838364 0.000000
vt 0.475744 0.840368 0.000000
vt 0.454183 0.845921 0.000000
vt 0.469938 0.848514 0.000000
vt 0.485774 0.850187 0.000000
vt 0.464443 0.856882 0.000000
vt 0.481047 0.859061 0.000000
vt 0.498141 0.860245 0.000000
vt 0.477171 0.868145 0.000000
vt 0.495632 0.869509 0.000000
vt 0.514942 0.869622 0.000000
vt 0.493804 0.878754 0.000000
vt 0.514333 0.878872 0.000000
vt 0.534715 0.878089 0.000000
vt 0.513400 0.888151 0.000000
vt 0.534361 0.887494 0.000000
vt 0.554538 0.886394 0.000000
vt 0.533421 0.897064 0.000000
vt 0.554152 0.896089 0.000000
vt 0.574407 0.894553 0.000000
vt 0.553481 0.906021 0.000000
vt 0.574354 0.904596 0.000000
vt 0.594857 0.902375 0.000000
vt 0.574239 0.914914 0.000000
vt 0.595406 0.912815 0.000000
vt 0.616057 0.909870 0.000000
vt 0.596074 0.923571 0.000000
vt 0.617391 0.920831 0.000000
vt 0.637936 0.917481 0.000000
vt 0.618784 0.932246 0.000000
vt 0.639925 0.929230 0.000000
vt 0.660335 0.925913 0.000000
vt 0.642075 0.941472 0.000000
vt 0.663245 0.938417 0.000000
vt 0.683843 0.935004 0.000000
vt 0.680257 0.922400 0.000000
vt 0.703851 0.931097 0.000000
vt 0.688226 0.947757 0.000000
vt 0.708809 0.943572 0.000000
vt 0.693777 0.960773 0.000000
vt 0.715136 0.956321 0.000000
vt 0.722980 0.969656 0.000000
vt 0.732854 0.983514 0.000000
vt 0.666767 0.951244 0.000000
vt 0.439633 0.824604 0.000000
vt 0.433495 0.800224 0.000000
vt 0.029747 0.340968 0.000000
vt 0.069157 0.331767 0.000000
vt 0.413171 0.634822 0.000000
vt 0.403784 0.637132 0.000000
vt 0.410143 0.641048 0.000000
vt 0.401216 0.642879 0.000000
vt 0.406942 0.646693 0.000000
vt 0.394668 0.640152 0.000000
vt 0.385948 0.644312 0.000000
vt 0.430589 0.753551 0.000000
vt 0.444718 0.758068 0.000000
vt 0.459733 0.761788 0.000000
vt 0.475272 0.764332 0.000000
vt 0.508502 0.749461 0.000000
vt 0.523224 0.746651 0.000000
vt 0.522870 0.744406 0.000000
vt 0.536846 0.740086 0.000000
vt 0.536241 0.738100 0.000000
vt 0.549325 0.733182 0.000000
vt 0.548628 0.731351 0.000000
vt 0.560350 0.727147 0.000000
vt 0.549840 0.734705 0.000000
vt 0.550203 0.736051 0.000000
vt 0.537290 0.741727 0.000000
vt 0.582286 0.729236 0.000000
vt 0.580879 0.725945 0.000000
vt 0.593889 0.721296 0.000000
vt 0.593253 0.717855 0.000000
vt 0.592564 0.714868 0.000000
vt 0.606348 0.709267 0.000000
vt 0.605851 0.706129 0.000000
vt 0.605306 0.703306 0.000000
vt 0.592018 0.712191 0.000000
vt 0.604821 0.700618 0.000000
vt 0.592379 0.709369 0.000000
vt 0.617878 0.694194 0.000000
vt 0.617002 0.691283 0.000000
vt 0.629676 0.685033 0.000000
vt 0.628644 0.681641 0.000000
vt 0.640818 0.675530 0.000000
vt 0.639787 0.671361 0.000000
vt 0.651535 0.665243 0.000000
vt 0.650626 0.660078 0.000000
vt 0.661938 0.654224 0.000000
vt 0.661188 0.647927 0.000000
vt 0.672007 0.643037 0.000000
vt 0.671369 0.635561 0.000000
vt 0.681682 0.632424 0.000000
vt 0.681115 0.623795 0.000000
vt 0.690983 0.622986 0.000000
vt 0.690507 0.613291 0.000000
vt 0.700074 0.614992 0.000000
vt 0.699751 0.604402 0.000000
vt 0.709155 0.608408 0.000000
vt 0.709059 0.597130 0.000000
vt 0.700360 0.625443 0.000000
vt 0.709206 0.619679 0.000000
vt 0.718091 0.614987 0.000000
vt 0.709097 0.631012 0.000000
vt 0.717696 0.627010 0.000000
vt 0.726348 0.623805 0.000000
vt 0.717008 0.639266 0.000000
vt 0.725387 0.636624 0.000000
vt 0.733767 0.634665 0.000000
vt 0.723929 0.649791 0.000000
vt 0.732067 0.648259 0.000000
vt 0.740124 0.647177 0.000000
vt 0.729680 0.662039 0.000000
vt 0.737628 0.661104 0.000000
vt 0.745586 0.660293 0.000000
vt 0.734588 0.674776 0.000000
vt 0.742676 0.673867 0.000000
vt 0.750854 0.673038 0.000000
vt 0.739459 0.686859 0.000000
vt 0.747780 0.685946 0.000000
vt 0.755987 0.685337 0.000000
vt 0.744393 0.698297 0.000000
vt 0.752513 0.697789 0.000000
vt 0.760201 0.697668 0.000000
vt 0.748626 0.709868 0.000000
vt 0.755931 0.710034 0.000000
vt 0.762628 0.710489 0.000000
vt 0.751175 0.722181 0.000000
vt 0.757322 0.723091 0.000000
vt 0.762965 0.724103 0.000000
vt 0.751237 0.735489 0.000000
vt 0.756253 0.737174 0.000000
vt 0.760990 0.738841 0.000000
vt 0.748376 0.749793 0.000000
vt 0.752565 0.752265 0.000000
vt 0.756892 0.754539 0.000000
vt 0.743023 0.764470 0.000000
vt 0.747092 0.767613 0.000000
vt 0.732442 0.774724 0.000000
vt 0.736136 0.778854 0.000000
vt 0.723920 0.787955 0.000000
vt 0.720815 0.782951 0.000000
vt 0.710719 0.795219 0.000000
vt 0.708245 0.789537 0.000000
vt 0.729181 0.770505 0.000000
vt 0.718073 0.777925 0.000000
vt 0.706106 0.783782 0.000000
vt 0.695017 0.794935 0.000000
vt 0.693488 0.788551 0.000000
vt 0.715711 0.772545 0.000000
vt 0.704397 0.777621 0.000000
vt 0.692467 0.781710 0.000000
vt 0.680409 0.792564 0.000000
vt 0.680046 0.785165 0.000000
vt 0.703266 0.770747 0.000000
vt 0.692070 0.774169 0.000000
vt 0.680372 0.777114 0.000000
vt 0.667161 0.788165 0.000000
vt 0.668180 0.779721 0.000000
vt 0.692469 0.765785 0.000000
vt 0.681501 0.768327 0.000000
vt 0.670061 0.770663 0.000000
vt 0.655400 0.782021 0.000000
vt 0.658004 0.772816 0.000000
vt 0.683514 0.758861 0.000000
vt 0.672810 0.761047 0.000000
vt 0.661549 0.763168 0.000000
vt 0.645078 0.774780 0.000000
vt 0.649425 0.765229 0.000000
vt 0.676248 0.750987 0.000000
vt 0.665754 0.753159 0.000000
vt 0.654564 0.755390 0.000000
vt 0.670289 0.742859 0.000000
vt 0.659988 0.745312 0.000000
vt 0.649078 0.747759 0.000000
vt 0.665359 0.735003 0.000000
vt 0.655503 0.737769 0.000000
vt 0.645563 0.740125 0.000000
vt 0.661496 0.727339 0.000000
vt 0.652462 0.730074 0.000000
vt 0.643852 0.732011 0.000000
vt 0.658531 0.719261 0.000000
vt 0.650291 0.721809 0.000000
vt 0.642645 0.723536 0.000000
vt 0.655463 0.711057 0.000000
vt 0.647381 0.713865 0.000000
vt 0.659501 0.700306 0.000000
vt 0.650782 0.704210 0.000000
vt 0.641783 0.708153 0.000000
vt 0.632154 0.712777 0.000000
vt 0.653064 0.695209 0.000000
vt 0.643250 0.700404 0.000000
vt 0.632605 0.706193 0.000000
vt 0.621556 0.718763 0.000000
vt 0.620930 0.713105 0.000000
vt 0.643849 0.693704 0.000000
vt 0.632658 0.700536 0.000000
vt 0.620414 0.708204 0.000000
vt 0.608575 0.721072 0.000000
vt 0.607446 0.716658 0.000000
vt 0.632249 0.695805 0.000000
vt 0.619894 0.704018 0.000000
vt 0.606790 0.712768 0.000000
vt 0.594926 0.725125 0.000000
vt 0.619318 0.700370 0.000000
vt 0.631522 0.691799 0.000000
vt 0.630635 0.688304 0.000000
vt 0.618647 0.697142 0.000000
vt 0.642853 0.683456 0.000000
vt 0.641863 0.679416 0.000000
vt 0.653479 0.674994 0.000000
vt 0.652525 0.670065 0.000000
vt 0.663579 0.666258 0.000000
vt 0.662772 0.660195 0.000000
vt 0.673310 0.657488 0.000000
vt 0.672688 0.650220 0.000000
vt 0.682701 0.649220 0.000000
vt 0.682248 0.640790 0.000000
vt 0.691732 0.641968 0.000000
vt 0.691432 0.632457 0.000000
vt 0.700483 0.635933 0.000000
vt 0.691681 0.651924 0.000000
vt 0.700251 0.646768 0.000000
vt 0.708653 0.642615 0.000000
vt 0.699351 0.658331 0.000000
vt 0.707591 0.654749 0.000000
vt 0.715762 0.651928 0.000000
vt 0.705528 0.667551 0.000000
vt 0.713621 0.665041 0.000000
vt 0.721673 0.663259 0.000000
vt 0.710394 0.678391 0.000000
vt 0.718476 0.676734 0.000000
vt 0.726534 0.675655 0.000000
vt 0.714565 0.689872 0.000000
vt 0.722818 0.688741 0.000000
vt 0.731125 0.687818 0.000000
vt 0.718906 0.701097 0.000000
vt 0.727446 0.700045 0.000000
vt 0.735982 0.699101 0.000000
vt 0.723775 0.711579 0.000000
vt 0.732377 0.710671 0.000000
vt 0.740729 0.710081 0.000000
vt 0.728830 0.721680 0.000000
vt 0.736947 0.721322 0.000000
vt 0.744407 0.721527 0.000000
vt 0.733171 0.731849 0.000000
vt 0.739856 0.732544 0.000000
vt 0.745804 0.733869 0.000000
vt 0.739592 0.744612 0.000000
vt 0.744083 0.747202 0.000000
vt 0.732273 0.753776 0.000000
vt 0.735737 0.757540 0.000000
vt 0.739314 0.761115 0.000000
vt 0.726225 0.765985 0.000000
vt 0.723650 0.761007 0.000000
vt 0.713869 0.766516 0.000000
vt 0.712867 0.759649 0.000000
vt 0.702965 0.762963 0.000000
vt 0.713049 0.751796 0.000000
vt 0.703714 0.754241 0.000000
vt 0.693817 0.756588 0.000000
vt 0.705530 0.744702 0.000000
vt 0.696074 0.746734 0.000000
vt 0.686313 0.748853 0.000000
vt 0.699052 0.736383 0.000000
vt 0.689701 0.738409 0.000000
vt 0.680141 0.740565 0.000000
vt 0.693508 0.727554 0.000000
vt 0.684326 0.729791 0.000000
vt 0.674959 0.732286 0.000000
vt 0.688739 0.718574 0.000000
vt 0.679745 0.721302 0.000000
vt 0.670648 0.724289 0.000000
vt 0.684662 0.709607 0.000000
vt 0.675901 0.712824 0.000000
vt 0.667139 0.716148 0.000000
vt 0.680965 0.700506 0.000000
vt 0.672340 0.704171 0.000000
vt 0.663801 0.707787 0.000000
vt 0.676830 0.691810 0.000000
vt 0.668156 0.696137 0.000000
vt 0.680218 0.679620 0.000000
vt 0.671355 0.684826 0.000000
vt 0.662349 0.690085 0.000000
vt 0.673147 0.674417 0.000000
vt 0.663852 0.680855 0.000000
vt 0.654162 0.687270 0.000000
vt 0.664102 0.672965 0.000000
vt 0.654164 0.680582 0.000000
vt 0.643618 0.688112 0.000000
vt 0.673628 0.665361 0.000000
vt 0.682172 0.668260 0.000000
vt 0.682823 0.658189 0.000000
vt 0.690911 0.662816 0.000000
vt 0.688906 0.674855 0.000000
vt 0.697329 0.670816 0.000000
vt 0.685470 0.687653 0.000000
vt 0.693951 0.683939 0.000000
vt 0.702241 0.680813 0.000000
vt 0.689539 0.697065 0.000000
vt 0.697998 0.694030 0.000000
vt 0.706324 0.691589 0.000000
vt 0.693354 0.706693 0.000000
vt 0.701930 0.704256 0.000000
vt 0.710416 0.702418 0.000000
vt 0.697607 0.716220 0.000000
vt 0.706370 0.714299 0.000000
vt 0.715086 0.712776 0.000000
vt 0.702546 0.725586 0.000000
vt 0.711470 0.723904 0.000000
vt 0.720264 0.722573 0.000000
vt 0.708205 0.734550 0.000000
vt 0.717095 0.733041 0.000000
vt 0.725531 0.732053 0.000000
vt 0.714555 0.742867 0.000000
vt 0.596738 0.729373 0.000000
vt 0.584144 0.733097 0.000000
vt 0.610209 0.726072 0.000000
vt 0.432081 0.505020 0.000000
vt 0.424504 0.514424 0.000000
vt 0.427735 0.501273 0.000000
vt 0.419453 0.510607 0.000000
vt 0.411824 0.519809 0.000000
vt 0.414970 0.505839 0.000000
vt 0.406557 0.514621 0.000000
vt 0.398365 0.522786 0.000000
vt 0.402352 0.508417 0.000000
vt 0.393523 0.516081 0.000000
vt 0.390244 0.508675 0.000000
vt 0.379379 0.507406 0.000000
vt 0.129230 0.431920 0.000000
vt 0.131177 0.417285 0.000000
vt 0.136600 0.415062 0.000000
vt 0.144313 0.394831 0.000000
vt 0.141695 0.385419 0.000000
vt 0.138477 0.378058 0.000000
vt 0.131799 0.381148 0.000000
vt 0.134950 0.372342 0.000000
vt 0.124555 0.392023 0.000000
vt 0.129305 0.392039 0.000000
vt 0.127526 0.378603 0.000000
vt 0.131415 0.367510 0.000000
vt 0.123359 0.376967 0.000000
vt 0.128088 0.363060 0.000000
vt 0.119862 0.393782 0.000000
vt 0.454104 0.444982 0.000000
vt 0.450764 0.438630 0.000000
vt 0.438161 0.444962 0.000000
vt 0.447228 0.431846 0.000000
vt 0.433887 0.437917 0.000000
vt 0.422601 0.444344 0.000000
vt 0.416490 0.437467 0.000000
vt 0.406985 0.443985 0.000000
vt 0.408165 0.431463 0.000000
vt 0.399256 0.438179 0.000000
vt 0.391489 0.444820 0.000000
vt 0.389924 0.433252 0.000000
vt 0.382996 0.439888 0.000000
vt 0.376184 0.446870 0.000000
vt 0.373186 0.435809 0.000000
vt 0.367248 0.442824 0.000000
vt 0.360947 0.450776 0.000000
vt 0.357014 0.439722 0.000000
vt 0.351694 0.447788 0.000000
vt 0.345994 0.456813 0.000000
vt 0.341125 0.445749 0.000000
vt 0.336718 0.454869 0.000000
vt 0.329249 0.444688 0.000000
vt 0.326193 0.454295 0.000000
vt 0.333119 0.435662 0.000000
vt 0.345532 0.437411 0.000000
vt 0.337472 0.427681 0.000000
vt 0.349982 0.430033 0.000000
vt 0.362078 0.432617 0.000000
vt 0.354726 0.423283 0.000000
vt 0.367297 0.425992 0.000000
vt 0.379195 0.429206 0.000000
vt 0.373004 0.419491 0.000000
vt 0.385766 0.422608 0.000000
vt 0.397679 0.426527 0.000000
vt 0.393124 0.415814 0.000000
vt 0.462500 0.426755 0.000000
vt 0.477730 0.416586 0.000000
vt 0.476791 0.410381 0.000000
vt 0.476575 0.404132 0.000000
vt 0.460561 0.398380 0.000000
vt 0.592606 0.373104 0.000000
vt 0.583722 0.372332 0.000000
vt 0.582749 0.367347 0.000000
vt 0.573953 0.366925 0.000000
vt 0.581119 0.361567 0.000000
vt 0.572601 0.361467 0.000000
vt 0.563595 0.361954 0.000000
vt 0.570667 0.355218 0.000000
vt 0.561733 0.355815 0.000000
vt 0.552147 0.356990 0.000000
vt 0.559662 0.348861 0.000000
vt 0.550343 0.350037 0.000000
vt 0.540561 0.351637 0.000000
vt 0.548652 0.342448 0.000000
vt 0.539406 0.344140 0.000000
vt 0.529992 0.345839 0.000000
vt 0.538027 0.336370 0.000000
vt 0.529263 0.338396 0.000000
vt 0.527486 0.331250 0.000000
vt 0.624177 0.398399 0.000000
vt 0.642164 0.337681 0.000000
vt 0.635199 0.324588 0.000000
vt 0.635047 0.333909 0.000000
vt 0.625703 0.321398 0.000000
vt 0.626414 0.330387 0.000000
vt 0.615667 0.318634 0.000000
vt 0.616787 0.327263 0.000000
vt 0.605683 0.316459 0.000000
vt 0.606978 0.324795 0.000000
vt 0.596089 0.315080 0.000000
vt 0.603546 0.307786 0.000000
vt 0.593816 0.306572 0.000000
vt 0.584334 0.306064 0.000000
vt 0.590910 0.297891 0.000000
vt 0.581177 0.297445 0.000000
vt 0.571384 0.297492 0.000000
vt 0.577540 0.288953 0.000000
vt 0.567271 0.289190 0.000000
vt 0.556662 0.290033 0.000000
vt 0.562745 0.281426 0.000000
vt 0.551410 0.282663 0.000000
vt 0.539846 0.284876 0.000000
vt 0.546066 0.276005 0.000000
vt 0.533894 0.278625 0.000000
vt 0.522112 0.282390 0.000000
vt 0.528595 0.273048 0.000000
vt 0.516580 0.277094 0.000000
vt 0.505370 0.282216 0.000000
vt 0.512418 0.272631 0.000000
vt 0.501089 0.277957 0.000000
vt 0.490339 0.284178 0.000000
vt 0.498222 0.274639 0.000000
vt 0.487144 0.280985 0.000000
vt 0.476371 0.287968 0.000000
vt 0.484876 0.278446 0.000000
vt 0.473664 0.285490 0.000000
vt 0.462838 0.293039 0.000000
vt 0.471533 0.283290 0.000000
vt 0.460315 0.290811 0.000000
vt 0.449444 0.298518 0.000000
vt 0.458221 0.288530 0.000000
vt 0.447021 0.296032 0.000000
vt 0.436113 0.303464 0.000000
vt 0.445043 0.293334 0.000000
vt 0.433881 0.300415 0.000000
vt 0.422743 0.307367 0.000000
vt 0.432138 0.297080 0.000000
vt 0.420696 0.303520 0.000000
vt 0.408971 0.309922 0.000000
vt 0.419125 0.299211 0.000000
vt 0.407101 0.305020 0.000000
vt 0.394805 0.310997 0.000000
vt 0.405828 0.299564 0.000000
vt 0.393374 0.304984 0.000000
vt 0.380727 0.310601 0.000000
vt 0.392776 0.298484 0.000000
vt 0.380063 0.303502 0.000000
vt 0.367175 0.308602 0.000000
vt 0.380537 0.296008 0.000000
vt 0.367601 0.300382 0.000000
vt 0.354477 0.304877 0.000000
vt 0.369505 0.291749 0.000000
vt 0.356258 0.295473 0.000000
vt 0.372957 0.282826 0.000000
vt 0.390110 0.272320 0.000000
vt 0.385392 0.280285 0.000000
vt 0.382250 0.288220 0.000000
vt 0.392980 0.291646 0.000000
vt 0.404601 0.287217 0.000000
vt 0.405062 0.293542 0.000000
vt 0.415368 0.282547 0.000000
vt 0.416768 0.288596 0.000000
vt 0.417891 0.294258 0.000000
vt 0.427884 0.283460 0.000000
vt 0.429458 0.288817 0.000000
vt 0.430745 0.293300 0.000000
vt 0.440573 0.282992 0.000000
vt 0.442050 0.287037 0.000000
vt 0.443425 0.290376 0.000000
vt 0.453243 0.280467 0.000000
vt 0.454771 0.283412 0.000000
vt 0.456386 0.286062 0.000000
vt 0.466177 0.276479 0.000000
vt 0.467868 0.278823 0.000000
vt 0.469643 0.281096 0.000000
vt 0.479330 0.271927 0.000000
vt 0.481157 0.274048 0.000000
vt 0.482981 0.276206 0.000000
vt 0.492587 0.267693 0.000000
vt 0.494392 0.269776 0.000000
vt 0.496181 0.272024 0.000000
vt 0.505719 0.264247 0.000000
vt 0.507527 0.266486 0.000000
vt 0.509585 0.269171 0.000000
vt 0.519058 0.261892 0.000000
vt 0.521352 0.264707 0.000000
vt 0.524398 0.268357 0.000000
vt 0.533467 0.261217 0.000000
vt 0.536829 0.265149 0.000000
vt 0.541080 0.270115 0.000000
vt 0.549280 0.262933 0.000000
vt 0.553458 0.268189 0.000000
vt 0.558040 0.274389 0.000000
vt 0.565322 0.267095 0.000000
vt 0.569439 0.273549 0.000000
vt 0.573572 0.280890 0.000000
vt 0.580246 0.273311 0.000000
vt 0.583946 0.280913 0.000000
vt 0.587556 0.289224 0.000000
vt 0.594099 0.281436 0.000000
vt 0.597518 0.290012 0.000000
vt 0.600747 0.298908 0.000000
vt 0.607628 0.291310 0.000000
vt 0.610841 0.300482 0.000000
vt 0.613618 0.309649 0.000000
vt 0.621172 0.302606 0.000000
vt 0.623869 0.312079 0.000000
vt 0.617952 0.293127 0.000000
vt 0.614549 0.283851 0.000000
vt 0.604265 0.282419 0.000000
vt 0.600889 0.274151 0.000000
vt 0.590658 0.273545 0.000000
vt 0.597526 0.266739 0.000000
vt 0.587258 0.266557 0.000000
vt 0.576564 0.266621 0.000000
vt 0.583871 0.260540 0.000000
vt 0.572943 0.260901 0.000000
vt 0.561384 0.261597 0.000000
vt 0.569469 0.256108 0.000000
vt 0.557772 0.257053 0.000000
vt 0.545692 0.258674 0.000000
vt 0.554585 0.253349 0.000000
vt 0.542686 0.255290 0.000000
vt 0.530806 0.258156 0.000000
vt 0.540147 0.252568 0.000000
vt 0.528563 0.255697 0.000000
vt 0.517090 0.259601 0.000000
vt 0.526538 0.253616 0.000000
vt 0.515212 0.257610 0.000000
vt 0.503911 0.262246 0.000000
vt 0.513313 0.255773 0.000000
vt 0.502029 0.260379 0.000000
vt 0.490711 0.265717 0.000000
vt 0.500061 0.258560 0.000000
vt 0.488767 0.263801 0.000000
vt 0.477491 0.269831 0.000000
vt 0.486611 0.261702 0.000000
vt 0.475478 0.267537 0.000000
vt 0.464402 0.273894 0.000000
vt 0.472872 0.264505 0.000000
vt 0.462148 0.270589 0.000000
vt 0.451417 0.276827 0.000000
vt 0.458923 0.266133 0.000000
vt 0.448769 0.272107 0.000000
vt 0.438494 0.277952 0.000000
vt 0.444854 0.266484 0.000000
vt 0.435324 0.272157 0.000000
vt 0.425542 0.277535 0.000000
vt 0.430531 0.266406 0.000000
vt 0.421776 0.271890 0.000000
vt 0.423589 0.261626 0.000000
vt 0.415775 0.267536 0.000000
vt 0.407087 0.265107 0.000000
vt 0.439313 0.260713 0.000000
vt 0.454386 0.260684 0.000000
vt 0.469200 0.260268 0.000000
vt 0.483806 0.258864 0.000000
vt 0.497865 0.256550 0.000000
vt 0.511344 0.253975 0.000000
vt 0.524591 0.251737 0.000000
vt 0.537942 0.250306 0.000000
vt 0.551841 0.250313 0.000000
vt 0.566285 0.252114 0.000000
vt 0.580548 0.255462 0.000000
vt 0.594150 0.260297 0.000000
# 6601 texture coords

g Rock_002
usemtl Stone
f 1/1 2/2 3/3 4/4 
f 5/5 4/4 3/3 6/6 
f 7/7 6/6 3/3 2/2 
f 8/8 9/9 10/10 11/11 
f 12/12 13/13 10/10 14/14 
f 15/15 14/14 10/10 9/9 
f 16/16 11/11 10/10 17/17 
f 18/18 17/17 10/10 13/13 
f 19/19 20/20 21/21 22/22 
f 23/23 22/22 21/21 24/24 
f 25/25 24/24 21/21 26/26 
f 27/27 28/28 21/21 20/20 
f 29/29 26/26 21/21 28/28 
f 30/30 31/31 32/32 33/33 
f 34/34 35/35 32/32 36/36 
f 37/37 36/36 32/32 31/31 
f 38/38 39/39 32/32 35/35 
f 40/40 33/33 32/32 39/39 
f 41/41 42/42 43/43 44/44 
f 45/45 46/46 43/43 42/42 
f 47/47 44/44 43/43 46/46 
f 48/48 49/49 50/50 51/51 
f 52/52 51/51 50/50 53/53 
f 54/54 55/55 50/50 49/49 
f 56/56 53/53 50/50 57/57 
f 58/58 57/57 50/50 55/55 
f 59/59 60/60 61/61 62/62 
f 63/63 64/64 61/61 65/65 
f 66/66 62/62 61/61 64/64 
f 67/67 68/68 69/69 70/70 
f 71/71 70/70 69/69 72/72 
f 73/73 72/72 69/69 74/74 
f 75/75 76/76 69/69 68/68 
f 77/77 74/74 69/69 76/76 
f 78/78 79/79 80/80 81/81 
f 82/82 83/83 80/80 79/79 
f 84/84 81/81 80/80 85/85 
f 86/86 85/85 80/80 87/87 
f 88/88 87/87 80/80 83/83 
f 89/89 90/90 91/91 92/92 
f 93/93 94/94 91/91 90/90 
f 95/95 92/92 91/91 94/96 
f 96/97 97/98 98/99 99/100 
f 100/101 99/100 98/99 101/102 
f 102/103 101/102 98/99 97/98 
f 103/104 104/105 105/106 106/107 
f 107/108 108/109 105/106 104/105 
f 109/110 106/107 105/106 108/109 
f 110/111 111/112 112/113 113/114 
f 114/115 113/114 112/113 115/116 
f 116/117 117/118 112/113 111/112 
f 118/119 115/116 112/113 119/120 
f 120/121 119/120 112/113 117/118 
f 18/18 121/122 122/123 17/17 
f 16/16 17/17 122/123 123/124 
f 124/125 123/124 122/123 121/122 
f 125/126 126/127 127/128 128/129 
f 129/130 130/131 127/128 131/132 
f 132/133 131/132 127/128 133/134 
f 134/135 133/134 127/128 126/127 
f 135/136 128/129 127/128 130/131 
f 136/137 137/138 138/139 139/140 
f 140/141 141/142 138/139 142/143 
f 143/144 139/140 138/139 141/142 
f 144/145 145/146 138/139 137/138 
f 146/147 142/143 138/139 145/146 
f 144/148 137/149 147/150 148/151 
f 136/152 149/153 147/150 137/149 
f 150/154 148/151 147/150 149/153 
f 151/155 152/156 153/157 154/158 
f 155/159 156/160 153/157 152/156 
f 157/161 154/158 153/157 156/160 
f 158/162 159/163 160/164 161/165 
f 162/166 163/167 160/164 159/163 
f 164/168 165/169 160/164 163/167 
f 166/170 161/165 160/164 167/171 
f 41/41 167/171 160/164 165/169 
f 168/172 169/173 170/174 171/175 
f 172/176 173/177 170/174 169/173 
f 174/178 171/175 170/174 173/177 
f 175/179 176/180 177/181 178/182 
f 179/183 178/182 177/181 180/184 
f 181/185 180/184 177/181 176/180 
f 182/186 183/187 184/188 185/189 
f 186/190 185/189 184/188 187/191 
f 188/192 187/191 184/188 183/187 
f 189/193 190/194 191/195 192/196 
f 193/197 192/196 191/195 194/198 
f 186/190 187/191 191/195 195/199 
f 196/200 195/199 191/195 190/194 
f 188/192 194/198 191/195 187/191 
f 197/201 198/202 190/194 189/193 
f 199/203 200/204 190/194 198/202 
f 201/205 196/200 190/194 200/204 
f 202/206 203/207 204/208 205/209 
f 206/210 207/211 204/208 208/212 
f 209/213 205/209 204/208 210/214 
f 211/215 210/214 204/208 207/211 
f 212/216 208/212 204/208 203/207 
f 213/217 214/218 215/219 216/220 
f 217/221 218/222 215/219 214/218 
f 219/223 216/220 215/219 218/222 
f 220/224 221/225 222/226 223/227 
f 224/228 223/227 222/226 225/229 
f 226/230 225/229 222/226 221/225 
f 227/231 228/232 229/233 230/234 
f 231/235 232/236 229/233 228/232 
f 233/237 230/234 229/233 232/236 
f 64/64 234/238 235/239 66/66 
f 236/240 237/241 238/242 239/243 
f 239/243 238/242 240/244 241/245 
f 242/246 240/244 238/242 237/241 
f 243/247 244/248 245/249 246/250 
f 247/251 246/250 245/249 248/252 
f 249/253 248/252 245/249 250/254 
f 251/255 252/256 245/249 244/248 
f 253/257 250/254 245/249 252/256 
f 254/258 255/259 256/260 257/261 
f 258/262 259/263 256/260 255/259 
f 260/264 257/261 256/260 259/263 
f 261/265 262/266 263/267 264/268 
f 254/258 264/268 263/267 255/259 
f 258/262 255/259 263/267 262/266 
f 265/269 266/270 267/271 268/272 
f 269/273 270/274 267/271 266/270 
f 271/275 268/272 267/271 270/274 
f 272/276 273/277 274/278 275/279 
f 276/280 277/281 274/278 273/277 
f 278/282 275/279 274/278 279/283 
f 264/268 279/283 274/278 261/265 
f 280/284 261/265 274/278 277/281 
f 281/285 282/286 283/287 284/288 
f 285/289 286/290 283/287 282/286 
f 287/291 288/292 283/287 289/293 
f 290/294 284/288 283/287 288/292 
f 291/295 289/293 283/287 286/290 
f 292/296 293/297 294/298 295/299 
f 296/300 295/299 294/298 297/301 
f 298/302 297/301 294/298 293/297 
f 299/303 300/304 301/305 302/306 
f 303/307 304/308 301/305 300/304 
f 305/309 302/306 301/305 304/308 
f 306/310 307/311 308/312 309/313 
f 310/314 311/315 308/312 299/303 
f 300/304 299/303 308/312 312/316 
f 313/317 312/316 308/312 307/311 
f 314/318 309/313 308/312 311/315 
f 315/319 316/320 317/321 318/322 
f 319/323 318/322 317/321 320/324 
f 321/325 320/324 317/321 316/320 
f 322/326 323/327 324/328 325/329 
f 326/330 327/331 324/328 328/332 
f 329/333 330/334 324/328 327/331 
f 331/335 328/332 324/328 323/327 
f 332/336 325/329 324/328 330/334 
f 333/337 334/338 335/339 336/340 
f 337/341 338/342 339/343 340/344 
f 341/345 340/344 339/343 342/346 
f 343/347 342/346 339/343 338/342 
f 344/348 345/349 346/350 347/351 
f 348/352 347/351 346/350 349/353 
f 350/354 349/353 346/350 345/349 
f 351/355 352/356 353/357 354/358 
f 355/359 354/358 353/357 356/360 
f 357/361 358/362 353/357 352/356 
f 359/363 360/364 353/357 358/362 
f 361/365 356/360 353/357 360/364 
f 362/366 363/367 364/368 365/369 
f 366/370 365/369 364/368 367/371 
f 368/372 369/373 364/368 363/367 
f 161/165 367/371 364/368 158/162 
f 370/374 158/162 364/368 369/373 
f 371/375 372/376 373/377 374/378 
f 375/379 374/378 373/377 376/380 
f 377/381 376/380 373/377 372/376 
f 378/382 379/383 262/266 380/384 
f 381/385 258/262 262/266 379/383 
f 280/284 380/384 262/266 261/265 
f 382/386 383/387 384/388 385/389 
f 386/390 385/389 384/388 387/391 
f 388/392 387/391 384/388 383/387 
f 389/393 390/394 391/395 392/396 
f 393/397 394/398 391/395 390/394 
f 395/399 392/396 391/395 394/398 
f 396/400 397/401 398/402 399/403 
f 400/404 399/403 398/402 401/405 
f 402/406 401/405 398/402 397/401 
f 403/407 404/408 405/409 406/410 
f 407/411 406/410 405/409 408/412 
f 409/413 408/412 405/409 404/408 
f 286/290 410/414 411/415 291/295 
f 412/416 291/295 411/415 413/417 
f 414/418 413/417 411/415 410/414 
f 415/419 416/420 417/421 418/422 
f 419/423 420/424 417/421 416/420 
f 421/425 418/422 417/421 420/424 
f 422/426 423/427 424/428 425/429 
f 426/430 425/429 424/428 427/431 
f 428/432 427/431 424/428 423/427 
f 429/433 430/434 431/435 432/436 
f 433/437 432/436 431/435 434/438 
f 435/439 434/438 431/435 430/434 
f 199/203 436/440 437/441 200/204 
f 201/205 200/204 437/441 438/442 
f 439/443 438/442 437/441 436/440 
f 440/444 441/445 442/446 443/447 
f 444/448 443/447 442/446 445/449 
f 446/450 445/449 442/446 441/445 
f 447/451 448/452 449/453 450/454 
f 451/455 450/454 449/453 452/456 
f 453/457 452/456 449/453 448/452 
f 454/458 455/459 456/460 457/461 
f 458/462 457/461 456/460 459/463 
f 460/464 459/463 456/460 461/465 
f 462/466 463/467 456/460 455/459 
f 464/468 461/465 456/460 463/467 
f 465/469 466/470 467/471 468/472 
f 469/473 470/474 467/471 466/470 
f 471/475 468/472 467/471 470/474 
f 472/476 473/477 474/478 475/479 
f 476/480 475/479 474/478 477/481 
f 478/482 477/481 474/478 473/477 
f 479/483 480/484 481/485 482/486 
f 483/487 484/488 481/485 480/484 
f 485/489 486/490 487/491 488/492 
f 489/493 488/492 487/491 490/494 
f 491/495 490/494 487/491 486/490 
f 492/496 493/497 494/498 495/499 
f 496/500 497/501 494/498 493/497 
f 498/502 495/499 494/498 497/501 
f 499/503 500/504 501/505 502/506 
f 503/507 504/508 501/505 500/504 
f 505/509 506/510 501/505 504/508 
f 507/511 508/512 501/505 506/510 
f 509/513 502/506 501/505 508/512 
f 510/514 511/515 512/516 513/517 
f 514/518 515/519 512/516 511/515 
f 516/520 517/521 512/516 515/519 
f 518/522 513/517 512/516 519/523 
f 520/524 519/523 512/516 517/521 
f 521/525 522/526 523/527 524/528 
f 525/529 526/530 523/527 522/526 
f 527/531 524/528 523/527 526/530 
f 528/532 529/533 530/534 531/535 
f 532/536 531/535 530/534 533/537 
f 534/538 533/537 530/534 529/533 
f 535/539 536/540 537/541 538/542 
f 539/543 538/542 537/541 540/544 
f 541/545 542/546 537/541 536/540 
f 543/547 544/548 545/549 546/550 
f 547/551 548/552 545/549 544/548 
f 549/553 546/550 545/549 548/552 
f 550/554 551/555 552/556 553/557 
f 554/558 555/559 552/556 551/555 
f 556/560 553/557 552/556 557/561 
f 558/562 559/563 552/556 555/559 
f 560/564 561/565 562/566 563/567 
f 564/568 563/567 562/566 565/569 
f 566/570 567/571 562/566 561/565 
f 568/572 565/569 562/566 569/573 
f 570/574 569/573 562/566 567/571 
f 571/575 572/576 573/577 574/578 
f 575/579 574/578 573/577 576/580 
f 577/581 576/580 573/577 572/576 
f 578/582 579/583 580/584 581/585 
f 582/586 583/587 580/584 579/583 
f 584/588 585/589 580/584 586/590 
f 587/591 586/590 580/584 583/587 
f 588/592 581/585 580/584 585/589 
f 589/593 590/594 591/595 592/596 
f 593/597 592/596 591/595 594/598 
f 595/599 596/600 591/595 597/601 
f 598/602 597/601 591/595 590/594 
f 599/603 594/598 591/595 596/600 
f 600/604 601/605 602/606 603/607 
f 604/608 603/607 602/606 605/609 
f 606/610 605/609 602/606 607/611 
f 608/612 609/613 602/606 601/605 
f 610/614 607/611 602/606 609/613 
f 611/615 612/616 613/617 614/618 
f 615/619 614/618 613/617 616/620 
f 617/621 616/620 613/617 612/616 
f 618/622 619/623 620/624 621/625 
f 622/626 623/627 620/624 624/628 
f 625/629 621/625 620/624 623/627 
f 626/630 627/631 620/624 619/623 
f 628/632 624/628 620/624 627/631 
f 629/633 630/634 631/635 632/636 
f 633/637 632/636 631/635 634/638 
f 635/639 636/640 631/635 630/634 
f 483/487 634/638 631/635 484/488 
f 637/641 484/488 631/635 636/640 
f 638/642 639/643 640/644 641/645 
f 642/646 643/647 640/644 639/643 
f 644/648 641/645 640/644 643/647 
f 645/649 646/650 647/651 648/652 
f 649/653 648/652 647/651 650/654 
f 651/655 650/654 647/651 652/656 
f 653/657 652/656 647/651 654/658 
f 655/659 654/658 647/651 646/650 
f 656/660 657/661 658/662 659/663 
f 660/664 661/665 658/662 657/661 
f 662/666 659/663 658/662 663/667 
f 664/668 665/669 666/670 667/671 
f 668/672 669/673 666/670 665/669 
f 670/674 671/675 666/670 669/673 
f 672/676 673/677 666/670 671/675 
f 674/678 667/671 666/670 673/677 
f 675/679 676/680 674/678 673/677 
f 677/681 678/682 674/678 676/680 
f 679/683 667/671 674/678 678/682 
f 680/684 681/685 679/683 678/682 
f 682/686 683/687 679/683 681/685 
f 664/668 667/671 679/683 683/687 
f 684/688 685/689 683/687 682/686 
f 686/690 664/668 683/687 685/689 
f 665/669 664/668 686/690 687/691 
f 688/692 689/693 686/690 685/689 
f 690/694 687/691 686/690 689/693 
f 691/695 687/691 690/694 692/696 
f 693/697 694/698 690/694 689/693 
f 695/699 692/696 690/694 694/698 
f 696/700 692/696 695/699 697/701 
f 698/702 699/703 695/699 694/698 
f 700/704 697/701 695/699 699/703 
f 701/705 697/701 700/704 702/706 
f 703/707 704/708 700/704 699/703 
f 705/709 702/706 700/704 704/708 
f 706/710 702/706 705/709 707/711 
f 708/712 709/713 705/709 704/708 
f 710/714 707/711 705/709 709/713 
f 711/715 707/711 710/714 712/716 
f 713/717 714/718 710/714 709/713 
f 715/719 712/716 710/714 714/718 
f 716/720 712/716 715/719 717/721 
f 718/722 719/723 715/719 714/718 
f 720/724 717/721 715/719 719/723 
f 721/725 717/721 720/724 722/726 
f 723/727 724/728 720/724 719/723 
f 725/729 722/726 720/724 724/728 
f 726/730 722/726 725/729 727/731 
f 728/732 729/733 725/729 724/728 
f 730/734 727/731 725/729 729/733 
f 731/735 727/731 730/734 732/736 
f 733/737 734/738 730/734 729/733 
f 735/739 732/736 730/734 734/738 
f 736/740 732/736 735/739 737/741 
f 738/742 739/743 735/739 734/738 
f 740/744 737/741 735/739 739/743 
f 741/745 737/741 740/744 742/746 
f 743/747 744/748 740/744 739/743 
f 745/749 742/746 740/744 744/748 
f 746/750 742/746 745/749 747/751 
f 748/752 749/753 745/749 744/748 
f 750/754 747/751 745/749 749/753 
f 751/755 747/751 750/754 752/756 
f 753/757 754/758 750/754 749/753 
f 755/759 752/756 750/754 754/758 
f 756/760 752/756 755/759 757/761 
f 758/762 759/763 755/759 754/758 
f 760/764 757/761 755/759 759/763 
f 761/765 757/761 760/764 762/766 
f 763/767 764/768 760/764 759/763 
f 765/769 762/766 760/764 764/768 
f 766/770 762/766 765/769 767/771 
f 768/772 769/773 765/769 764/768 
f 770/774 767/771 765/769 769/773 
f 771/775 767/771 770/774 772/776 
f 773/777 774/778 770/774 769/773 
f 775/779 772/776 770/774 774/778 
f 776/780 772/776 775/779 777/781 
f 778/782 779/783 775/779 774/778 
f 780/784 777/781 775/779 779/783 
f 781/785 777/781 780/784 782/786 
f 783/787 784/788 780/784 779/783 
f 785/789 782/786 780/784 784/788 
f 786/790 782/786 785/789 787/791 
f 788/792 789/793 785/789 784/788 
f 790/794 787/791 785/789 789/793 
f 611/615 787/791 790/794 612/616 
f 791/795 792/796 790/794 789/793 
f 617/621 612/616 790/794 792/796 
f 793/797 794/798 792/796 791/795 
f 795/799 617/621 792/796 794/798 
f 616/620 617/621 795/799 796/800 
f 797/801 798/802 795/799 794/798 
f 799/803 796/800 795/799 798/802 
f 800/804 801/805 799/803 802/806 
f 803/807 796/800 799/803 801/805 
f 804/808 802/806 799/803 798/802 
f 805/809 802/806 804/808 806/810 
f 797/801 807/811 804/808 798/802 
f 808/812 806/810 804/808 807/811 
f 809/813 810/814 808/812 807/811 
f 811/815 600/604 808/812 810/814 
f 603/607 806/810 808/812 600/604 
f 812/816 813/817 811/815 810/814 
f 814/818 815/819 811/815 813/817 
f 601/605 600/604 811/815 815/819 
f 816/820 817/821 815/819 814/818 
f 608/612 601/605 815/819 817/821 
f 155/159 152/156 817/821 816/820 
f 151/155 608/612 817/821 152/156 
f 818/822 819/823 816/820 814/818 
f 820/824 155/159 816/820 819/823 
f 821/825 822/826 820/824 819/823 
f 823/827 824/828 820/824 822/826 
f 156/160 155/159 820/824 824/828 
f 825/829 826/830 824/828 823/827 
f 157/161 156/160 824/828 826/830 
f 827/831 828/832 826/830 825/829 
f 829/833 157/161 826/830 828/832 
f 830/834 831/835 829/833 828/832 
f 832/836 833/837 829/833 831/835 
f 154/158 157/161 829/833 833/837 
f 834/838 835/839 833/837 832/836 
f 151/155 154/158 833/837 835/839 
f 610/614 609/613 835/839 834/838 
f 608/612 151/155 835/839 609/613 
f 836/840 837/841 834/838 832/836 
f 838/842 610/614 834/838 837/841 
f 839/843 840/844 838/842 837/841 
f 841/845 842/846 838/842 840/844 
f 607/611 610/614 838/842 842/846 
f 843/847 844/848 842/846 841/845 
f 606/610 607/611 842/846 844/848 
f 845/849 846/850 844/848 843/847 
f 847/851 606/610 844/848 846/850 
f 848/852 849/853 847/851 846/850 
f 850/854 851/855 847/851 849/853 
f 605/609 606/610 847/851 851/855 
f 852/856 853/857 851/855 850/854 
f 604/608 605/609 851/855 853/857 
f 854/858 855/859 853/857 852/856 
f 805/809 604/608 853/857 855/859 
f 856/860 800/804 855/859 854/858 
f 802/806 805/809 855/859 800/804 
f 857/861 858/862 856/860 854/858 
f 859/863 860/864 856/860 858/862 
f 801/805 800/804 856/860 860/864 
f 861/865 862/866 860/864 859/863 
f 803/807 801/805 860/864 862/866 
f 863/867 864/868 862/866 861/865 
f 615/619 803/807 862/866 864/868 
f 865/869 866/870 864/868 863/867 
f 614/618 615/619 864/868 866/870 
f 867/871 868/872 866/870 865/869 
f 611/615 614/618 866/870 868/872 
f 869/873 786/790 868/872 867/871 
f 787/791 611/615 868/872 786/790 
f 870/874 871/875 869/873 867/871 
f 872/876 781/785 869/873 871/875 
f 782/786 786/790 869/873 781/785 
f 873/877 874/878 872/876 871/875 
f 875/879 776/780 872/876 874/878 
f 777/781 781/785 872/876 776/780 
f 876/880 877/881 875/879 874/878 
f 878/882 771/775 875/879 877/881 
f 772/776 776/780 875/879 771/775 
f 879/883 880/884 878/882 877/881 
f 881/885 766/770 878/882 880/884 
f 767/771 771/775 878/882 766/770 
f 882/886 883/887 881/885 880/884 
f 884/888 761/765 881/885 883/887 
f 762/766 766/770 881/885 761/765 
f 885/889 886/890 884/888 883/887 
f 887/891 756/760 884/888 886/890 
f 757/761 761/765 884/888 756/760 
f 888/892 889/893 887/891 886/890 
f 890/894 751/755 887/891 889/893 
f 752/756 756/760 887/891 751/755 
f 891/895 892/896 890/894 889/893 
f 893/897 746/750 890/894 892/896 
f 747/751 751/755 890/894 746/750 
f 894/898 895/899 893/897 892/896 
f 896/900 741/745 893/897 895/899 
f 742/746 746/750 893/897 741/745 
f 897/901 898/902 896/900 895/899 
f 899/903 736/740 896/900 898/902 
f 737/741 741/745 896/900 736/740 
f 900/904 901/905 899/903 898/902 
f 902/906 731/735 899/903 901/905 
f 732/736 736/740 899/903 731/735 
f 903/907 904/908 902/906 901/905 
f 905/909 726/730 902/906 904/908 
f 727/731 731/735 902/906 726/730 
f 906/910 907/911 905/909 904/908 
f 908/912 721/725 905/909 907/911 
f 722/726 726/730 905/909 721/725 
f 909/913 910/914 908/912 907/911 
f 911/915 716/720 908/912 910/914 
f 717/721 721/725 908/912 716/720 
f 912/916 913/917 911/915 910/914 
f 914/918 711/715 911/915 913/917 
f 712/716 716/720 911/915 711/715 
f 915/919 916/920 914/918 913/917 
f 917/921 706/710 914/918 916/920 
f 707/711 711/715 914/918 706/710 
f 918/922 919/923 917/921 916/920 
f 920/924 701/705 917/921 919/923 
f 702/706 706/710 917/921 701/705 
f 921/925 922/926 920/924 919/923 
f 923/927 696/700 920/924 922/926 
f 697/701 701/705 920/924 696/700 
f 924/928 925/929 923/927 922/926 
f 668/672 691/695 923/927 925/929 
f 692/696 696/700 923/927 691/695 
f 926/930 927/931 925/929 924/928 
f 669/673 668/672 925/929 927/931 
f 928/932 929/933 927/931 926/930 
f 670/674 669/673 927/931 929/933 
f 930/934 670/674 929/933 931/935 
f 932/936 931/935 929/933 928/932 
f 933/937 931/935 932/936 934/938 
f 935/939 936/940 932/936 928/932 
f 937/941 934/938 932/936 936/940 
f 938/942 934/938 937/941 939/943 
f 940/944 941/945 937/941 936/940 
f 942/946 939/943 937/941 941/945 
f 943/947 939/943 942/946 944/948 
f 945/949 946/950 942/946 941/945 
f 947/951 944/948 942/946 946/950 
f 948/952 944/948 947/951 949/953 
f 950/954 951/955 947/951 946/950 
f 952/956 949/953 947/951 951/955 
f 953/957 949/953 952/956 954/958 
f 955/959 956/960 952/956 951/955 
f 957/961 954/958 952/956 956/960 
f 958/962 954/958 957/961 959/963 
f 960/964 961/965 957/961 956/960 
f 962/966 959/963 957/961 961/965 
f 963/967 959/963 962/966 964/968 
f 965/969 966/970 962/966 961/965 
f 967/971 964/968 962/966 966/970 
f 968/972 964/968 967/971 969/973 
f 970/974 971/975 967/971 966/970 
f 972/976 969/973 967/971 971/975 
f 973/977 969/973 972/976 974/978 
f 975/979 976/980 972/976 971/975 
f 977/981 974/978 972/976 976/980 
f 978/982 974/978 977/981 979/983 
f 980/984 981/985 977/981 976/980 
f 982/986 979/983 977/981 981/985 
f 983/987 979/983 982/986 984/988 
f 985/989 986/990 982/986 981/985 
f 987/991 984/988 982/986 986/990 
f 988/992 984/988 987/991 989/993 
f 990/994 991/995 987/991 986/990 
f 992/996 989/993 987/991 991/995 
f 993/997 989/993 992/996 994/998 
f 995/999 996/1000 992/996 991/995 
f 997/1001 994/998 992/996 996/1000 
f 998/1002 994/998 997/1001 999/1003 
f 1000/1004 1001/1005 997/1001 996/1000 
f 1002/1006 999/1003 997/1001 1001/1005 
f 1003/1007 999/1003 1002/1006 1004/1008 
f 1005/1009 1006/1010 1002/1006 1001/1005 
f 1007/1011 1004/1008 1002/1006 1006/1010 
f 1008/1012 1004/1008 1007/1011 1009/1013 
f 1010/1014 1011/1015 1007/1011 1006/1010 
f 1012/1016 1009/1013 1007/1011 1011/1015 
f 1013/1017 1009/1013 1012/1016 1014/1018 
f 1015/1019 1016/1020 1012/1016 1011/1015 
f 1017/1021 1014/1018 1012/1016 1016/1020 
f 1018/1022 1019/1023 1017/1021 1020/1024 
f 1021/1025 1014/1018 1017/1021 1019/1023 
f 1022/1026 1020/1024 1017/1021 1016/1020 
f 1015/1019 1023/1027 1022/1026 1016/1020 
f 1024/1028 1025/1029 1022/1026 1023/1027 
f 1026/1030 1020/1024 1022/1026 1025/1029 
f 1018/1022 1020/1024 1026/1030 1027/1031 
f 1028/1032 1029/1033 1026/1030 1025/1029 
f 118/119 1027/1031 1026/1030 1029/1033 
f 1030/1034 1031/1035 1029/1033 1028/1032 
f 115/116 118/119 1029/1033 1031/1035 
f 1032/1036 1033/1037 1031/1035 1030/1034 
f 114/115 115/116 1031/1035 1033/1037 
f 1034/1038 1035/1039 1033/1037 1032/1036 
f 1036/1040 114/115 1033/1037 1035/1039 
f 113/114 114/115 1036/1040 1037/1041 
f 1038/1042 1039/1043 1036/1040 1035/1039 
f 1040/1044 1037/1041 1036/1040 1039/1043 
f 1041/1045 1037/1041 1040/1044 1042/1046 
f 1043/1047 1044/1048 1040/1044 1039/1043 
f 1045/1049 1042/1046 1040/1044 1044/1048 
f 1046/1050 1042/1046 1045/1049 1047/1051 
f 1048/1052 1049/1053 1045/1049 1044/1048 
f 1050/1054 1047/1051 1045/1049 1049/1053 
f 1051/1055 1047/1051 1050/1054 1052/1056 
f 850/854 849/853 1050/1054 1049/1053 
f 848/852 1052/1056 1050/1054 849/853 
f 1053/1057 1054/1058 1051/1055 1055/1059 
f 1046/1050 1047/1051 1051/1055 1054/1058 
f 1056/1060 1055/1059 1051/1055 1052/1056 
f 1057/1061 1055/1059 1056/1060 1058/1062 
f 848/852 1059/1063 1056/1060 1052/1056 
f 1060/1064 1058/1062 1056/1060 1059/1063 
f 1061/1065 1058/1062 1060/1064 1062/1066 
f 845/849 1063/1067 1060/1064 1059/1063 
f 1064/1068 1062/1066 1060/1064 1063/1067 
f 1065/1069 1062/1066 1064/1068 1066/1070 
f 1067/1071 1068/1072 1064/1068 1063/1067 
f 1069/1073 1066/1070 1064/1068 1068/1072 
f 1070/1074 1066/1070 1069/1073 547/551 
f 1071/1075 1072/1076 1069/1073 1068/1072 
f 548/552 547/551 1069/1073 1072/1076 
f 1073/1077 1074/1078 1072/1076 1071/1075 
f 549/553 548/552 1072/1076 1074/1078 
f 1075/1079 549/553 1074/1078 1076/1080 
f 1077/1081 1076/1080 1074/1078 1073/1077 
f 1078/1082 1076/1080 1077/1081 1079/1083 
f 1080/1084 1081/1085 1077/1081 1073/1077 
f 1082/1086 1079/1083 1077/1081 1081/1085 
f 550/554 1079/1083 1082/1086 551/555 
f 839/843 1083/1087 1082/1086 1081/1085 
f 554/558 551/555 1082/1086 1083/1087 
f 837/841 836/840 1083/1087 839/843 
f 1084/1088 554/558 1083/1087 836/840 
f 555/559 554/558 1084/1088 1085/1089 
f 832/836 831/835 1084/1088 836/840 
f 830/834 1085/1089 1084/1088 831/835 
f 1086/1090 1087/1091 1085/1089 830/834 
f 558/562 555/559 1085/1089 1087/1091 
f 1088/1092 1089/1093 1087/1091 1086/1090 
f 1090/1094 558/562 1087/1091 1089/1093 
f 1091/1095 1092/1096 1090/1094 1089/1093 
f 1093/1097 1094/1098 1090/1094 1092/1096 
f 559/563 558/562 1090/1094 1094/1098 
f 1095/1099 1096/1100 1094/1098 1093/1097 
f 1097/1101 559/563 1094/1098 1096/1100 
f 552/556 559/563 1097/1101 557/561 
f 1098/1102 1099/1103 1097/1101 1096/1100 
f 1100/1104 557/561 1097/1101 1099/1103 
f 1101/1105 1102/1106 1100/1104 1103/1107 
f 556/560 557/561 1100/1104 1102/1106 
f 1104/1108 1103/1107 1100/1104 1099/1103 
f 1098/1102 1105/1109 1104/1108 1099/1103 
f 1106/1110 1107/1111 1104/1108 1105/1109 
f 1108/1112 1103/1107 1104/1108 1107/1111 
f 1109/1113 1110/1114 1108/1112 1111/1115 
f 1101/1105 1103/1107 1108/1112 1110/1114 
f 1112/1116 1111/1115 1108/1112 1107/1111 
f 1106/1110 1113/1117 1112/1116 1107/1111 
f 1114/1118 1115/1119 1112/1116 1113/1117 
f 1116/1120 1111/1115 1112/1116 1115/1119 
f 1117/1121 1118/1122 1116/1120 1119/1123 
f 1109/1113 1111/1115 1116/1120 1118/1122 
f 1120/1124 1119/1123 1116/1120 1115/1119 
f 1121/1125 1119/1123 1120/1124 1122/1126 
f 1114/1118 1123/1127 1120/1124 1115/1119 
f 1124/1128 1122/1126 1120/1124 1123/1127 
f 1125/1129 1122/1126 1124/1128 1126/1130 
f 1127/1131 1128/1132 1124/1128 1123/1127 
f 1129/1133 1126/1130 1124/1128 1128/1132 
f 1130/1134 1131/1135 1129/1133 1128/1132 
f 1132/1136 1133/1137 1129/1133 1131/1135 
f 1134/1138 1126/1130 1129/1133 1133/1137 
f 1135/1139 1136/1140 1134/1138 1137/1141 
f 1125/1129 1126/1130 1134/1138 1136/1140 
f 1138/1142 1137/1141 1134/1138 1133/1137 
f 1139/1143 1137/1141 1138/1142 1140/1144 
f 1132/1136 1141/1145 1138/1142 1133/1137 
f 1142/1146 1140/1144 1138/1142 1141/1145 
f 1143/1147 1144/1148 1142/1146 1141/1145 
f 440/444 1145/1149 1142/1146 1144/1148 
f 1146/1150 1140/1144 1142/1146 1145/1149 
f 1147/1151 1148/1152 1146/1150 1149/1153 
f 1139/1143 1140/1144 1146/1150 1148/1152 
f 1150/1154 1149/1153 1146/1150 1145/1149 
f 1151/1155 1149/1153 1150/1154 1152/1156 
f 440/444 443/447 1150/1154 1145/1149 
f 444/448 1152/1156 1150/1154 443/447 
f 1153/1157 1154/1158 1151/1155 1155/1159 
f 1147/1151 1149/1153 1151/1155 1154/1158 
f 1156/1160 1155/1159 1151/1155 1152/1156 
f 444/448 1157/1161 1156/1160 1152/1156 
f 1158/1162 1159/1163 1156/1160 1157/1161 
f 1160/1164 1155/1159 1156/1160 1159/1163 
f 1161/1165 1162/1166 1160/1164 1159/1163 
f 1163/1167 1164/1168 1160/1164 1162/1166 
f 1153/1157 1155/1159 1160/1164 1164/1168 
f 1165/1169 1166/1170 1164/1168 1163/1167 
f 1167/1171 1153/1157 1164/1168 1166/1170 
f 1168/1172 1169/1173 1167/1171 1166/1170 
f 1170/1174 1171/1175 1167/1171 1169/1173 
f 1154/1158 1153/1157 1167/1171 1171/1175 
f 1172/1176 1173/1177 1171/1175 1170/1174 
f 1147/1151 1154/1158 1171/1175 1173/1177 
f 1174/1178 1175/1179 1173/1177 1172/1176 
f 1148/1152 1147/1151 1173/1177 1175/1179 
f 1176/1180 1177/1181 1175/1179 1174/1178 
f 1139/1143 1148/1152 1175/1179 1177/1181 
f 1178/1182 1135/1139 1177/1181 1176/1180 
f 1137/1141 1139/1143 1177/1181 1135/1139 
f 1179/1183 1180/1184 1178/1182 1176/1180 
f 1181/1185 1182/1186 1178/1182 1180/1184 
f 1136/1140 1135/1139 1178/1182 1182/1186 
f 1183/1187 1184/1188 1182/1186 1181/1185 
f 1125/1129 1136/1140 1182/1186 1184/1188 
f 1185/1189 1121/1125 1184/1188 1183/1187 
f 1122/1126 1125/1129 1184/1188 1121/1125 
f 1186/1190 1187/1191 1185/1189 1183/1187 
f 1188/1192 1117/1121 1185/1189 1187/1191 
f 1119/1123 1121/1125 1185/1189 1117/1121 
f 1189/1193 1190/1194 1188/1192 1187/1191 
f 1191/1195 1192/1196 1188/1192 1190/1194 
f 1118/1122 1117/1121 1188/1192 1192/1196 
f 1193/1197 1194/1198 1192/1196 1191/1195 
f 1109/1113 1118/1122 1192/1196 1194/1198 
f 1195/1199 1196/1200 1194/1198 1193/1197 
f 1110/1114 1109/1113 1194/1198 1196/1200 
f 1197/1201 1198/1202 1196/1200 1195/1199 
f 1101/1105 1110/1114 1196/1200 1198/1202 
f 1199/1203 1200/1204 1198/1202 1197/1201 
f 1102/1106 1101/1105 1198/1202 1200/1204 
f 1201/1205 1202/1206 1200/1204 1199/1203 
f 556/560 1102/1106 1200/1204 1202/1206 
f 1203/1207 1204/1208 1202/1206 1201/1205 
f 553/557 556/560 1202/1206 1204/1208 
f 1205/1209 1206/1210 1204/1208 1203/1207 
f 550/554 553/557 1204/1208 1206/1210 
f 1207/1211 1078/1082 1206/1210 1205/1209 
f 1079/1083 550/554 1206/1210 1078/1082 
f 1208/1212 1209/1213 1207/1211 1205/1209 
f 1210/1214 1075/1079 1207/1211 1209/1213 
f 1076/1080 1078/1082 1207/1211 1075/1079 
f 1211/1215 1212/1216 1210/1214 1209/1213 
f 543/547 546/550 1210/1214 1212/1216 
f 549/553 1075/1079 1210/1214 546/550 
f 1213/1217 1214/1218 1212/1216 1211/1215 
f 1215/1219 543/547 1212/1216 1214/1218 
f 1216/1220 1217/1221 1215/1219 1214/1218 
f 1218/1222 1219/1223 1215/1219 1217/1221 
f 544/548 543/547 1215/1219 1219/1223 
f 1220/1224 1070/1074 1219/1223 1218/1222 
f 547/551 544/548 1219/1223 1070/1074 
f 1221/1225 1222/1226 1220/1224 1218/1222 
f 1223/1227 1065/1069 1220/1224 1222/1226 
f 1066/1070 1070/1074 1220/1224 1065/1069 
f 1224/1228 1225/1229 1223/1227 1222/1226 
f 1226/1230 1061/1065 1223/1227 1225/1229 
f 1062/1066 1065/1069 1223/1227 1061/1065 
f 590/594 589/593 1226/1230 1225/1229 
f 1227/1231 1057/1061 1226/1230 589/593 
f 1058/1062 1061/1065 1226/1230 1057/1061 
f 592/596 1228/1232 1227/1231 589/593 
f 1229/1233 1053/1057 1227/1231 1228/1232 
f 1055/1059 1057/1061 1227/1231 1053/1057 
f 1230/1234 1231/1235 1229/1233 1228/1232 
f 1232/1236 1233/1237 1229/1233 1231/1235 
f 1054/1058 1053/1057 1229/1233 1233/1237 
f 1234/1238 1235/1239 1233/1237 1232/1236 
f 1046/1050 1054/1058 1233/1237 1235/1239 
f 110/111 1041/1045 1235/1239 1234/1238 
f 1042/1046 1046/1050 1235/1239 1041/1045 
f 1236/1240 1237/1241 1234/1238 1232/1236 
f 111/112 110/111 1234/1238 1237/1241 
f 1238/1242 1239/1243 1237/1241 1236/1240 
f 116/117 111/112 1237/1241 1239/1243 
f 1240/1244 1241/1245 1239/1243 1238/1242 
f 1242/1246 116/117 1239/1243 1241/1245 
f 1243/1247 1244/1248 1242/1246 1241/1245 
f 1245/1249 1246/1250 1242/1246 1244/1248 
f 117/118 116/117 1242/1246 1246/1250 
f 1247/1251 1248/1252 1246/1250 1245/1249 
f 120/121 117/118 1246/1250 1248/1252 
f 1249/1253 1250/1254 1248/1252 1247/1251 
f 1251/1255 120/121 1248/1252 1250/1254 
f 1252/1256 1253/1257 1251/1255 1250/1254 
f 1254/1258 1255/1259 1251/1255 1253/1257 
f 119/120 120/121 1251/1255 1255/1259 
f 1018/1022 1027/1031 1255/1259 1254/1258 
f 118/119 119/120 1255/1259 1027/1031 
f 1256/1260 1257/1261 1254/1258 1253/1257 
f 1019/1023 1018/1022 1254/1258 1257/1261 
f 1258/1262 1259/1263 1257/1261 1256/1260 
f 1021/1025 1019/1023 1257/1261 1259/1263 
f 1260/1264 1261/1265 1259/1263 1258/1262 
f 1262/1266 1021/1025 1259/1263 1261/1265 
f 1263/1267 1264/1268 1262/1266 1261/1265 
f 1265/1269 1013/1017 1262/1266 1264/1268 
f 1014/1018 1021/1025 1262/1266 1013/1017 
f 1266/1270 1267/1271 1265/1269 1264/1268 
f 1268/1272 1008/1012 1265/1269 1267/1271 
f 1009/1013 1013/1017 1265/1269 1008/1012 
f 1269/1273 1270/1274 1268/1272 1267/1271 
f 1271/1275 1003/1007 1268/1272 1270/1274 
f 1004/1008 1008/1012 1268/1272 1003/1007 
f 1272/1276 1273/1277 1271/1275 1270/1274 
f 1274/1278 998/1002 1271/1275 1273/1277 
f 999/1003 1003/1007 1271/1275 998/1002 
f 1275/1279 1276/1280 1274/1278 1273/1277 
f 1277/1281 993/997 1274/1278 1276/1280 
f 994/998 998/1002 1274/1278 993/997 
f 1/1 4/4 1277/1281 1276/1280 
f 5/5 988/992 1277/1281 4/4 
f 989/993 993/997 1277/1281 988/992 
f 1278/1282 1/1 1276/1280 1275/1279 
f 1279/1283 1280/1284 1278/1282 1275/1279 
f 1281/1285 1282/1286 1278/1282 1280/1284 
f 2/2 1/1 1278/1282 1282/1286 
f 1283/1287 1284/1288 1282/1286 1281/1285 
f 7/7 2/2 1282/1286 1284/1288 
f 1285/1289 1286/1290 1284/1288 1283/1287 
f 1287/1291 7/7 1284/1288 1286/1290 
f 1288/1292 1289/1293 1287/1291 1286/1290 
f 978/982 1290/1294 1287/1291 1289/1293 
f 6/6 7/7 1287/1291 1290/1294 
f 979/983 983/987 1290/1294 978/982 
f 5/5 6/6 1290/1294 983/987 
f 1291/1295 973/977 1289/1293 1288/1292 
f 974/978 978/982 1289/1293 973/977 
f 1292/1296 1293/1297 1291/1295 1288/1292 
f 1294/1298 968/972 1291/1295 1293/1297 
f 969/973 973/977 1291/1295 968/972 
f 1295/1299 1296/1300 1294/1298 1293/1297 
f 1297/1301 963/967 1294/1298 1296/1300 
f 964/968 968/972 1294/1298 963/967 
f 1298/1302 1299/1303 1297/1301 1296/1300 
f 1300/1304 958/962 1297/1301 1299/1303 
f 959/963 963/967 1297/1301 958/962 
f 1301/1305 1302/1306 1300/1304 1299/1303 
f 1303/1307 953/957 1300/1304 1302/1306 
f 954/958 958/962 1300/1304 953/957 
f 1304/1308 1305/1309 1303/1307 1302/1306 
f 1306/1310 948/952 1303/1307 1305/1309 
f 949/953 953/957 1303/1307 948/952 
f 1307/1311 1308/1312 1306/1310 1305/1309 
f 1309/1313 943/947 1306/1310 1308/1312 
f 944/948 948/952 1306/1310 943/947 
f 1310/1314 1311/1315 1309/1313 1308/1312 
f 1312/1316 938/942 1309/1313 1311/1315 
f 939/943 943/947 1309/1313 938/942 
f 1313/1317 1314/1318 1312/1316 1311/1315 
f 1315/1319 933/937 1312/1316 1314/1318 
f 934/938 938/942 1312/1316 933/937 
f 1316/1320 1317/1321 1315/1319 1314/1318 
f 1318/1322 930/934 1315/1319 1317/1321 
f 931/935 933/937 1315/1319 930/934 
f 1319/1323 1320/1324 1318/1322 1317/1321 
f 672/676 671/675 1318/1322 1320/1324 
f 670/674 930/934 1318/1322 671/675 
f 1321/1325 1322/1326 1320/1324 1319/1323 
f 1323/1327 672/676 1320/1324 1322/1326 
f 1324/1328 1325/1329 1323/1327 1322/1326 
f 1326/1330 675/679 1323/1327 1325/1329 
f 673/677 672/676 1323/1327 675/679 
f 16/16 123/124 1326/1330 1325/1329 
f 124/125 1327/1331 1326/1330 123/124 
f 676/680 675/679 1326/1330 1327/1331 
f 1328/1332 1329/1333 1327/1331 124/125 
f 677/681 676/680 1327/1331 1329/1333 
f 1330/1334 1331/1335 1329/1333 1328/1332 
f 1332/1336 677/681 1329/1333 1331/1335 
f 1333/1337 1334/1338 1332/1336 1331/1335 
f 1335/1339 680/684 1332/1336 1334/1338 
f 678/682 677/681 1332/1336 680/684 
f 1336/1340 1337/1341 1335/1339 1334/1338 
f 1338/1342 1339/1343 1335/1339 1337/1341 
f 681/685 680/684 1335/1339 1339/1343 
f 1340/1344 1341/1345 1339/1343 1338/1342 
f 682/686 681/685 1339/1343 1341/1345 
f 1342/1346 1343/1347 1341/1345 1340/1344 
f 684/688 682/686 1341/1345 1343/1347 
f 1344/1348 1345/1349 1343/1347 1342/1346 
f 1346/1350 684/688 1343/1347 1345/1349 
f 685/689 684/688 1346/1350 688/692 
f 1347/1351 1348/1352 1346/1350 1345/1349 
f 1349/1353 688/692 1346/1350 1348/1352 
f 689/693 688/692 1349/1353 693/697 
f 1350/1354 1351/1355 1349/1353 1348/1352 
f 1352/1356 693/697 1349/1353 1351/1355 
f 694/698 693/697 1352/1356 698/702 
f 1353/1357 1354/1358 1352/1356 1351/1355 
f 1355/1359 698/702 1352/1356 1354/1358 
f 699/703 698/702 1355/1359 703/707 
f 1356/1360 1357/1361 1355/1359 1354/1358 
f 1358/1362 703/707 1355/1359 1357/1361 
f 704/708 703/707 1358/1362 708/712 
f 1359/1363 1360/1364 1358/1362 1357/1361 
f 1361/1365 708/712 1358/1362 1360/1364 
f 709/713 708/712 1361/1365 713/717 
f 1362/1366 1363/1367 1361/1365 1360/1364 
f 1364/1368 713/717 1361/1365 1363/1367 
f 714/718 713/717 1364/1368 718/722 
f 1365/1369 1366/1370 1364/1368 1363/1367 
f 1367/1371 718/722 1364/1368 1366/1370 
f 719/723 718/722 1367/1371 723/727 
f 1368/1372 1369/1373 1367/1371 1366/1370 
f 1370/1374 723/727 1367/1371 1369/1373 
f 724/728 723/727 1370/1374 728/732 
f 1371/1375 1372/1376 1370/1374 1369/1373 
f 1373/1377 728/732 1370/1374 1372/1376 
f 729/733 728/732 1373/1377 733/737 
f 1374/1378 1375/1379 1373/1377 1372/1376 
f 1376/1380 733/737 1373/1377 1375/1379 
f 734/738 733/737 1376/1380 738/742 
f 1377/1381 1378/1382 1376/1380 1375/1379 
f 1379/1383 738/742 1376/1380 1378/1382 
f 739/743 738/742 1379/1383 743/747 
f 1380/1384 1381/1385 1379/1383 1378/1382 
f 1382/1386 743/747 1379/1383 1381/1385 
f 744/748 743/747 1382/1386 748/752 
f 1383/1387 1384/1388 1382/1386 1381/1385 
f 1385/1389 748/752 1382/1386 1384/1388 
f 749/753 748/752 1385/1389 753/757 
f 1386/1390 1387/1391 1385/1389 1384/1388 
f 1388/1392 753/757 1385/1389 1387/1391 
f 754/758 753/757 1388/1392 758/762 
f 109/110 108/109 1388/1392 1387/1391 
f 107/108 758/762 1388/1392 108/109 
f 1389/1393 109/110 1387/1391 1386/1390 
f 106/107 109/110 1389/1393 1390/1394 
f 1391/1395 1392/1396 1389/1393 1386/1390 
f 1393/1397 1390/1394 1389/1393 1392/1396 
f 1394/1398 1390/1394 1393/1397 1395/1399 
f 1396/1400 1397/1401 1393/1397 1392/1396 
f 1398/1402 1395/1399 1393/1397 1397/1401 
f 1399/1403 1395/1399 1398/1402 1400/1404 
f 1401/1405 1402/1406 1398/1402 1397/1401 
f 1403/1407 1400/1404 1398/1402 1402/1406 
f 1404/1408 1400/1404 1403/1407 1405/1409 
f 1406/1410 1407/1411 1403/1407 1402/1406 
f 1408/1412 1405/1409 1403/1407 1407/1411 
f 1409/1413 1405/1409 1408/1412 1410/1414 
f 1411/1415 1412/1416 1408/1412 1407/1411 
f 1413/1417 1410/1414 1408/1412 1412/1416 
f 1414/1418 1410/1414 1413/1417 1415/1419 
f 1416/1420 1417/1421 1413/1417 1412/1416 
f 1418/1422 1415/1419 1413/1417 1417/1421 
f 1419/1423 1415/1419 1418/1422 1420/1424 
f 1421/1425 1422/1426 1418/1422 1417/1421 
f 1423/1427 1420/1424 1418/1422 1422/1426 
f 1424/1428 1420/1424 1423/1427 812/816 
f 1425/1429 1426/1430 1423/1427 1422/1426 
f 813/817 812/816 1423/1427 1426/1430 
f 1427/1431 818/822 1426/1430 1425/1429 
f 814/818 813/817 1426/1430 818/822 
f 1428/1432 1429/1433 1427/1431 1425/1429 
f 1430/1434 821/825 1427/1431 1429/1433 
f 819/823 818/822 1427/1431 821/825 
f 1431/1435 1432/1436 1430/1434 1429/1433 
f 1433/1437 1434/1438 1430/1434 1432/1436 
f 822/826 821/825 1430/1434 1434/1438 
f 1435/1439 1436/1440 1434/1438 1433/1437 
f 823/827 822/826 1434/1438 1436/1440 
f 1437/1441 1438/1442 1436/1440 1435/1439 
f 825/829 823/827 1436/1440 1438/1442 
f 1439/1443 1440/1444 1438/1442 1437/1441 
f 827/831 825/829 1438/1442 1440/1444 
f 1441/1445 1088/1092 1440/1444 1439/1443 
f 1086/1090 827/831 1440/1444 1088/1092 
f 1442/1446 1443/1447 1441/1445 1439/1443 
f 1444/1448 1091/1095 1441/1445 1443/1447 
f 1089/1093 1088/1092 1441/1445 1091/1095 
f 1445/1449 1446/1450 1444/1448 1443/1447 
f 1447/1451 1448/1452 1444/1448 1446/1450 
f 1092/1096 1091/1095 1444/1448 1448/1452 
f 1449/1453 1450/1454 1448/1452 1447/1451 
f 1093/1097 1092/1096 1448/1452 1450/1454 
f 1451/1455 1452/1456 1450/1454 1449/1453 
f 1095/1099 1093/1097 1450/1454 1452/1456 
f 1453/1457 1454/1458 1452/1456 1451/1455 
f 1455/1459 1095/1099 1452/1456 1454/1458 
f 1096/1100 1095/1099 1455/1459 1098/1102 
f 1456/1460 1457/1461 1455/1459 1454/1458 
f 1105/1109 1098/1102 1455/1459 1457/1461 
f 1458/1462 1459/1463 1457/1461 1456/1460 
f 1106/1110 1105/1109 1457/1461 1459/1463 
f 1460/1464 1461/1465 1459/1463 1458/1462 
f 1113/1117 1106/1110 1459/1463 1461/1465 
f 1462/1466 1463/1467 1461/1465 1460/1464 
f 1114/1118 1113/1117 1461/1465 1463/1467 
f 1464/1468 1127/1131 1463/1467 1462/1466 
f 1123/1127 1114/1118 1463/1467 1127/1131 
f 1465/1469 1466/1470 1464/1468 1462/1466 
f 1467/1471 1130/1134 1464/1468 1466/1470 
f 1128/1132 1127/1131 1464/1468 1130/1134 
f 1468/1472 1469/1473 1467/1471 1466/1470 
f 1470/1474 1471/1475 1467/1471 1469/1473 
f 1131/1135 1130/1134 1467/1471 1471/1475 
f 1472/1476 1473/1477 1471/1475 1470/1474 
f 1132/1136 1131/1135 1471/1475 1473/1477 
f 1474/1478 1143/1147 1473/1477 1472/1476 
f 1141/1145 1132/1136 1473/1477 1143/1147 
f 1475/1479 1476/1480 1474/1478 1472/1476 
f 1477/1481 1478/1482 1474/1478 1476/1480 
f 1144/1148 1143/1147 1474/1478 1478/1482 
f 446/450 441/445 1478/1482 1477/1481 
f 440/444 1144/1148 1478/1482 441/445 
f 1479/1483 1480/1484 1477/1481 1476/1480 
f 1481/1485 446/450 1477/1481 1480/1484 
f 1482/1486 1483/1487 1481/1485 1480/1484 
f 1484/1488 1485/1489 1481/1485 1483/1487 
f 445/449 446/450 1481/1485 1485/1489 
f 1158/1162 1157/1161 1485/1489 1484/1488 
f 444/448 445/449 1485/1489 1157/1161 
f 1486/1490 1487/1491 1484/1488 1483/1487 
f 1488/1492 1158/1162 1484/1488 1487/1491 
f 1489/1493 1490/1494 1488/1492 1487/1491 
f 1491/1495 1161/1165 1488/1492 1490/1494 
f 1159/1163 1158/1162 1488/1492 1161/1165 
f 1492/1496 1493/1497 1491/1495 1490/1494 
f 1494/1498 1495/1499 1491/1495 1493/1497 
f 1162/1166 1161/1165 1491/1495 1495/1499 
f 1496/1500 1497/1501 1495/1499 1494/1498 
f 1163/1167 1162/1166 1495/1499 1497/1501 
f 1498/1502 1499/1503 1497/1501 1496/1500 
f 1165/1169 1163/1167 1497/1501 1499/1503 
f 1500/1504 1501/1505 1499/1503 1498/1502 
f 1502/1506 1165/1169 1499/1503 1501/1505 
f 1503/1507 1504/1508 1502/1506 1501/1505 
f 1505/1509 1168/1172 1502/1506 1504/1508 
f 1166/1170 1165/1169 1502/1506 1168/1172 
f 1506/1510 1507/1511 1505/1509 1504/1508 
f 1508/1512 1509/1513 1505/1509 1507/1511 
f 1169/1173 1168/1172 1505/1509 1509/1513 
f 1510/1514 1511/1515 1509/1513 1508/1512 
f 1170/1174 1169/1173 1509/1513 1511/1515 
f 1512/1516 1513/1517 1511/1515 1510/1514 
f 1172/1176 1170/1174 1511/1515 1513/1517 
f 1514/1518 1515/1519 1513/1517 1512/1516 
f 1174/1178 1172/1176 1513/1517 1515/1519 
f 1516/1520 1179/1183 1515/1519 1514/1518 
f 1176/1180 1174/1178 1515/1519 1179/1183 
f 1517/1521 1518/1522 1516/1520 1514/1518 
f 1519/1523 1520/1524 1516/1520 1518/1522 
f 1180/1184 1179/1183 1516/1520 1520/1524 
f 1521/1525 1522/1526 1520/1524 1519/1523 
f 1181/1185 1180/1184 1520/1524 1522/1526 
f 1523/1527 1186/1190 1522/1526 1521/1525 
f 1183/1187 1181/1185 1522/1526 1186/1190 
f 1524/1528 1525/1529 1523/1527 1521/1525 
f 1526/1530 1189/1193 1523/1527 1525/1529 
f 1187/1191 1186/1190 1523/1527 1189/1193 
f 1527/1531 1528/1532 1526/1530 1525/1529 
f 1529/1533 1530/1534 1526/1530 1528/1532 
f 1190/1194 1189/1193 1526/1530 1530/1534 
f 1531/1535 1532/1536 1530/1534 1529/1533 
f 1191/1195 1190/1194 1530/1534 1532/1536 
f 1533/1537 1534/1538 1532/1536 1531/1535 
f 1193/1197 1191/1195 1532/1536 1534/1538 
f 1535/1539 1536/1540 1534/1538 1533/1537 
f 1195/1199 1193/1197 1534/1538 1536/1540 
f 1537/1541 1538/1542 1536/1540 1535/1539 
f 1197/1201 1195/1199 1536/1540 1538/1542 
f 1539/1543 1540/1544 1538/1542 1537/1541 
f 1199/1203 1197/1201 1538/1542 1540/1544 
f 1541/1545 1542/1546 1540/1544 1539/1543 
f 1201/1205 1199/1203 1540/1544 1542/1546 
f 1543/1547 1544/1548 1542/1546 1541/1545 
f 1203/1207 1201/1205 1542/1546 1544/1548 
f 1545/1549 1208/1212 1544/1548 1543/1547 
f 1205/1209 1203/1207 1544/1548 1208/1212 
f 1546/1550 1547/1551 1545/1549 1543/1547 
f 1213/1217 1211/1215 1545/1549 1547/1551 
f 1209/1213 1208/1212 1545/1549 1211/1215 
f 1548/1552 1549/1553 1547/1551 1546/1550 
f 1550/1554 1213/1217 1547/1551 1549/1553 
f 1551/1555 1552/1556 1550/1554 1549/1553 
f 1553/1557 1216/1220 1550/1554 1552/1556 
f 1214/1218 1213/1217 1550/1554 1216/1220 
f 529/533 528/532 1553/1557 1552/1556 
f 1554/1558 1555/1559 1553/1557 528/532 
f 1217/1221 1216/1220 1553/1557 1555/1559 
f 1556/1560 1221/1225 1555/1559 1554/1558 
f 1218/1222 1217/1221 1555/1559 1221/1225 
f 1557/1561 1558/1562 1556/1560 1554/1558 
f 598/602 1224/1228 1556/1560 1558/1562 
f 1222/1226 1221/1225 1556/1560 1224/1228 
f 1559/1563 1560/1564 1558/1562 1557/1561 
f 597/601 598/602 1558/1562 1560/1564 
f 1561/1565 1562/1566 1560/1564 1559/1563 
f 595/599 597/601 1560/1564 1562/1566 
f 1563/1567 1564/1568 1562/1566 1561/1565 
f 1565/1569 595/599 1562/1566 1564/1568 
f 1566/1570 1567/1571 1565/1569 1564/1568 
f 1568/1572 1569/1573 1565/1569 1567/1571 
f 596/600 595/599 1565/1569 1569/1573 
f 1570/1574 1571/1575 1569/1573 1568/1572 
f 599/603 596/600 1569/1573 1571/1575 
f 1572/1576 1573/1577 1571/1575 1570/1574 
f 1574/1578 599/603 1571/1575 1573/1577 
f 1575/1579 1576/1580 1574/1578 1573/1577 
f 1577/1581 1578/1582 1574/1578 1576/1580 
f 594/598 599/603 1574/1578 1578/1582 
f 1579/1583 1580/1584 1578/1582 1577/1581 
f 593/597 594/598 1578/1582 1580/1584 
f 1581/1585 1582/1586 1580/1584 1579/1583 
f 1230/1234 593/597 1580/1584 1582/1586 
f 1583/1587 1584/1588 1582/1586 1581/1585 
f 1231/1235 1230/1234 1582/1586 1584/1588 
f 1238/1242 1236/1240 1584/1588 1583/1587 
f 1232/1236 1231/1235 1584/1588 1236/1240 
f 1585/1589 1586/1590 1583/1587 1581/1585 
f 1240/1244 1238/1242 1583/1587 1586/1590 
f 1587/1591 1588/1592 1586/1590 1585/1589 
f 1589/1593 1240/1244 1586/1590 1588/1592 
f 1590/1594 1591/1595 1589/1593 1588/1592 
f 1592/1596 1243/1247 1589/1593 1591/1595 
f 1241/1245 1240/1244 1589/1593 1243/1247 
f 1593/1597 1594/1598 1592/1596 1591/1595 
f 1595/1599 1596/1600 1592/1596 1594/1598 
f 1244/1248 1243/1247 1592/1596 1596/1600 
f 1597/1601 1598/1602 1596/1600 1595/1599 
f 1245/1249 1244/1248 1596/1600 1598/1602 
f 1599/1603 1600/1604 1598/1602 1597/1601 
f 1247/1251 1245/1249 1598/1602 1600/1604 
f 1601/1605 1602/1606 1600/1604 1599/1603 
f 1249/1253 1247/1251 1600/1604 1602/1606 
f 1603/1607 1604/1608 1602/1606 1601/1605 
f 1605/1609 1249/1253 1602/1606 1604/1608 
f 1606/1610 1607/1611 1605/1609 1604/1608 
f 1608/1612 1252/1256 1605/1609 1607/1611 
f 1250/1254 1249/1253 1605/1609 1252/1256 
f 1609/1613 1610/1614 1608/1612 1607/1611 
f 1258/1262 1256/1260 1608/1612 1610/1614 
f 1253/1257 1252/1256 1608/1612 1256/1260 
f 1611/1615 1612/1616 1610/1614 1609/1613 
f 1260/1264 1258/1262 1610/1614 1612/1616 
f 1613/1617 1614/1618 1612/1616 1611/1615 
f 1615/1619 1260/1264 1612/1616 1614/1618 
f 1616/1620 1617/1621 1615/1619 1614/1618 
f 1618/1622 1263/1267 1615/1619 1617/1621 
f 1261/1265 1260/1264 1615/1619 1263/1267 
f 1619/1623 1620/1624 1618/1622 1617/1621 
f 1621/1625 1266/1270 1618/1622 1620/1624 
f 1264/1268 1263/1267 1618/1622 1266/1270 
f 1622/1626 1623/1627 1621/1625 1620/1624 
f 1624/1628 1269/1273 1621/1625 1623/1627 
f 1267/1271 1266/1270 1621/1625 1269/1273 
f 1625/1629 1626/1630 1624/1628 1623/1627 
f 1279/1283 1272/1276 1624/1628 1626/1630 
f 1270/1274 1269/1273 1624/1628 1272/1276 
f 1627/1631 1628/1632 1626/1630 1625/1629 
f 1280/1284 1279/1283 1626/1630 1628/1632 
f 1629/1633 1630/1634 1628/1632 1627/1631 
f 1281/1285 1280/1284 1628/1632 1630/1634 
f 1631/1635 1632/1636 1630/1634 1629/1633 
f 1283/1287 1281/1285 1630/1634 1632/1636 
f 1633/1637 1634/1638 1632/1636 1631/1635 
f 1285/1289 1283/1287 1632/1636 1634/1638 
f 1635/1639 1636/1640 1634/1638 1633/1637 
f 1292/1296 1285/1289 1634/1638 1636/1640 
f 1637/1641 1295/1299 1636/1640 1635/1639 
f 1293/1297 1292/1296 1636/1640 1295/1299 
f 1638/1642 1639/1643 1637/1641 1635/1639 
f 1640/1644 1298/1302 1637/1641 1639/1643 
f 1296/1300 1295/1299 1637/1641 1298/1302 
f 587/591 1641/1645 1640/1644 1639/1643 
f 1642/1646 1301/1305 1640/1644 1641/1645 
f 1299/1303 1298/1302 1640/1644 1301/1305 
f 1643/1647 1644/1648 1642/1646 1641/1645 
f 1645/1649 1304/1308 1642/1646 1644/1648 
f 1302/1306 1301/1305 1642/1646 1304/1308 
f 1646/1650 1647/1651 1645/1649 1644/1648 
f 1648/1652 1307/1311 1645/1649 1647/1651 
f 1305/1309 1304/1308 1645/1649 1307/1311 
f 1649/1653 1650/1654 1648/1652 1647/1651 
f 1651/1655 1310/1314 1648/1652 1650/1654 
f 1308/1312 1307/1311 1648/1652 1310/1314 
f 1652/1656 1653/1657 1651/1655 1650/1654 
f 1654/1658 1313/1317 1651/1655 1653/1657 
f 1311/1315 1310/1314 1651/1655 1313/1317 
f 1655/1659 1656/1660 1654/1658 1653/1657 
f 1657/1661 1316/1320 1654/1658 1656/1660 
f 1314/1318 1313/1317 1654/1658 1316/1320 
f 1658/1662 1659/1663 1657/1661 1656/1660 
f 1321/1325 1319/1323 1657/1661 1659/1663 
f 1317/1321 1316/1320 1657/1661 1319/1323 
f 1660/1664 1661/1665 1659/1663 1658/1662 
f 1662/1666 1321/1325 1659/1663 1661/1665 
f 1663/1667 8/8 1662/1666 1661/1665 
f 11/11 1324/1328 1662/1666 8/8 
f 1322/1326 1321/1325 1662/1666 1324/1328 
f 1664/1668 1665/1669 1663/1667 1666/1670 
f 9/9 8/8 1663/1667 1665/1669 
f 1660/1664 1666/1670 1663/1667 1661/1665 
f 1667/1671 1668/1672 1665/1669 1664/1668 
f 15/15 9/9 1665/1669 1668/1672 
f 1669/1673 1670/1674 1668/1672 1667/1671 
f 1671/1675 15/15 1668/1672 1670/1674 
f 1672/1676 1673/1677 1671/1675 1670/1674 
f 1674/1678 1675/1679 1671/1675 1673/1677 
f 14/14 15/15 1671/1675 1675/1679 
f 1676/1680 1677/1681 1675/1679 1674/1678 
f 12/12 14/14 1675/1679 1677/1681 
f 1678/1682 1679/1683 1677/1681 1676/1680 
f 1680/1684 12/12 1677/1681 1679/1683 
f 1681/1685 1682/1686 1680/1684 1679/1683 
f 1683/1687 1684/1688 1680/1684 1682/1686 
f 13/13 12/12 1680/1684 1684/1688 
f 1685/1689 1686/1690 1684/1688 1683/1687 
f 18/18 13/13 1684/1688 1686/1690 
f 1687/1691 1688/1692 1686/1690 1685/1689 
f 121/122 18/18 1686/1690 1688/1692 
f 1330/1334 1328/1332 1688/1692 1687/1691 
f 124/125 121/122 1688/1692 1328/1332 
f 1689/1693 1690/1694 1687/1691 1685/1689 
f 1691/1695 1330/1334 1687/1691 1690/1694 
f 1692/1696 1693/1697 1691/1695 1690/1694 
f 1694/1698 1333/1337 1691/1695 1693/1697 
f 1331/1335 1330/1334 1691/1695 1333/1337 
f 1695/1699 1696/1700 1694/1698 1693/1697 
f 1697/1701 1336/1340 1694/1698 1696/1700 
f 1334/1338 1333/1337 1694/1698 1336/1340 
f 1698/1702 1699/1703 1697/1701 1696/1700 
f 1700/1704 1701/1705 1697/1701 1699/1703 
f 1337/1341 1336/1340 1697/1701 1701/1705 
f 1702/1706 1703/1707 1701/1705 1700/1704 
f 1338/1342 1337/1341 1701/1705 1703/1707 
f 1704/1708 1705/1709 1703/1707 1702/1706 
f 1340/1344 1338/1342 1703/1707 1705/1709 
f 1706/1710 1707/1711 1705/1709 1704/1708 
f 1342/1346 1340/1344 1705/1709 1707/1711 
f 1708/1712 1709/1713 1707/1711 1706/1710 
f 1344/1348 1342/1346 1707/1711 1709/1713 
f 1710/1714 1711/1715 1709/1713 1708/1712 
f 1712/1716 1344/1348 1709/1713 1711/1715 
f 1345/1349 1344/1348 1712/1716 1347/1351 
f 1713/1717 1714/1718 1712/1716 1711/1715 
f 1715/1719 1347/1351 1712/1716 1714/1718 
f 1348/1352 1347/1351 1715/1719 1350/1354 
f 1716/1720 1717/1721 1715/1719 1714/1718 
f 1718/1722 1350/1354 1715/1719 1717/1721 
f 1351/1355 1350/1354 1718/1722 1353/1357 
f 1719/1723 1720/1724 1718/1722 1717/1721 
f 1721/1725 1353/1357 1718/1722 1720/1724 
f 1354/1358 1353/1357 1721/1725 1356/1360 
f 1722/1726 1723/1727 1721/1725 1720/1724 
f 1724/1728 1356/1360 1721/1725 1723/1727 
f 1357/1361 1356/1360 1724/1728 1359/1363 
f 1725/1729 1726/1730 1724/1728 1723/1727 
f 1727/1731 1359/1363 1724/1728 1726/1730 
f 1360/1364 1359/1363 1727/1731 1362/1366 
f 1728/1732 1729/1733 1727/1731 1726/1730 
f 1730/1734 1362/1366 1727/1731 1729/1733 
f 1363/1367 1362/1366 1730/1734 1365/1369 
f 1731/1735 1732/1736 1730/1734 1729/1733 
f 1733/1737 1365/1369 1730/1734 1732/1736 
f 1366/1370 1365/1369 1733/1737 1368/1372 
f 1734/1738 1735/1739 1733/1737 1732/1736 
f 1736/1740 1368/1372 1733/1737 1735/1739 
f 1369/1373 1368/1372 1736/1740 1371/1375 
f 1737/1741 1738/1742 1736/1740 1735/1739 
f 1739/1743 1371/1375 1736/1740 1738/1742 
f 1372/1376 1371/1375 1739/1743 1374/1378 
f 1740/1744 1741/1745 1739/1743 1738/1742 
f 1742/1746 1374/1378 1739/1743 1741/1745 
f 1375/1379 1374/1378 1742/1746 1377/1381 
f 1743/1747 1744/1748 1742/1746 1741/1745 
f 1745/1749 1377/1381 1742/1746 1744/1748 
f 1378/1382 1377/1381 1745/1749 1380/1384 
f 1746/1750 1747/1751 1745/1749 1744/1748 
f 1748/1752 1380/1384 1745/1749 1747/1751 
f 1381/1385 1380/1384 1748/1752 1383/1387 
f 1749/1753 1750/1754 1748/1752 1747/1751 
f 1391/1395 1383/1387 1748/1752 1750/1754 
f 1392/1396 1391/1395 1750/1754 1396/1400 
f 1751/1755 1396/1400 1750/1754 1749/1753 
f 1397/1401 1396/1400 1751/1755 1401/1405 
f 1752/1756 1753/1757 1751/1755 1749/1753 
f 1754/1758 1401/1405 1751/1755 1753/1757 
f 1402/1406 1401/1405 1754/1758 1406/1410 
f 1755/1759 1756/1760 1754/1758 1753/1757 
f 1757/1761 1406/1410 1754/1758 1756/1760 
f 1407/1411 1406/1410 1757/1761 1411/1415 
f 1758/1762 1759/1763 1757/1761 1756/1760 
f 1760/1764 1411/1415 1757/1761 1759/1763 
f 1412/1416 1411/1415 1760/1764 1416/1420 
f 1761/1765 1762/1766 1760/1764 1759/1763 
f 1763/1767 1416/1420 1760/1764 1762/1766 
f 1417/1421 1416/1420 1763/1767 1421/1425 
f 1764/1768 1765/1769 1763/1767 1762/1766 
f 1428/1432 1421/1425 1763/1767 1765/1769 
f 1766/1770 1431/1435 1765/1769 1764/1768 
f 1429/1433 1428/1432 1765/1769 1431/1435 
f 1767/1771 1768/1772 1766/1770 1764/1768 
f 1769/1773 1770/1774 1766/1770 1768/1772 
f 1432/1436 1431/1435 1766/1770 1770/1774 
f 1771/1775 1772/1776 1770/1774 1769/1773 
f 1433/1437 1432/1436 1770/1774 1772/1776 
f 1773/1777 1774/1778 1772/1776 1771/1775 
f 1435/1439 1433/1437 1772/1776 1774/1778 
f 1775/1779 1776/1780 1774/1778 1773/1777 
f 1437/1441 1435/1439 1774/1778 1776/1780 
f 1777/1781 1442/1446 1776/1780 1775/1779 
f 1439/1443 1437/1441 1776/1780 1442/1446 
f 1778/1782 1779/1783 1777/1781 1775/1779 
f 1780/1784 1445/1449 1777/1781 1779/1783 
f 1443/1447 1442/1446 1777/1781 1445/1449 
f 1781/1785 1782/1786 1780/1784 1779/1783 
f 1783/1787 1784/1788 1780/1784 1782/1786 
f 1446/1450 1445/1449 1780/1784 1784/1788 
f 1785/1789 1786/1790 1784/1788 1783/1787 
f 1447/1451 1446/1450 1784/1788 1786/1790 
f 1787/1791 1788/1792 1786/1790 1785/1789 
f 1449/1453 1447/1451 1786/1790 1788/1792 
f 1789/1793 1790/1794 1788/1792 1787/1791 
f 1451/1455 1449/1453 1788/1792 1790/1794 
f 1791/1795 1792/1796 1790/1794 1789/1793 
f 1453/1457 1451/1455 1790/1794 1792/1796 
f 1793/1797 1794/1798 1792/1796 1791/1795 
f 1795/1799 1453/1457 1792/1796 1794/1798 
f 1454/1458 1453/1457 1795/1799 1456/1460 
f 1796/1800 1797/1801 1795/1799 1794/1798 
f 1458/1462 1456/1460 1795/1799 1797/1801 
f 1798/1802 1799/1803 1797/1801 1796/1800 
f 1460/1464 1458/1462 1797/1801 1799/1803 
f 1800/1804 1465/1469 1799/1803 1798/1802 
f 1462/1466 1460/1464 1799/1803 1465/1469 
f 1801/1805 1802/1806 1800/1804 1798/1802 
f 1803/1807 1468/1472 1800/1804 1802/1806 
f 1466/1470 1465/1469 1800/1804 1468/1472 
f 1804/1808 1805/1809 1803/1807 1802/1806 
f 1806/1810 1807/1811 1803/1807 1805/1809 
f 1469/1473 1468/1472 1803/1807 1807/1811 
f 1808/1812 1809/1813 1807/1811 1806/1810 
f 1470/1474 1469/1473 1807/1811 1809/1813 
f 1810/1814 1475/1479 1809/1813 1808/1812 
f 1472/1476 1470/1474 1809/1813 1475/1479 
f 1811/1815 1812/1816 1810/1814 1808/1812 
f 1813/1817 1479/1483 1810/1814 1812/1816 
f 1476/1480 1475/1479 1810/1814 1479/1483 
f 1814/1818 1815/1819 1813/1817 1812/1816 
f 1816/1820 1482/1486 1813/1817 1815/1819 
f 1480/1484 1479/1483 1813/1817 1482/1486 
f 1817/1821 1818/1822 1816/1820 1815/1819 
f 1819/1823 1486/1490 1816/1820 1818/1822 
f 1483/1487 1482/1486 1816/1820 1486/1490 
f 1820/1824 1821/1825 1819/1823 1818/1822 
f 1822/1826 1489/1493 1819/1823 1821/1825 
f 1487/1491 1486/1490 1819/1823 1489/1493 
f 1823/1827 1824/1828 1822/1826 1821/1825 
f 1825/1829 1492/1496 1822/1826 1824/1828 
f 1490/1494 1489/1493 1822/1826 1492/1496 
f 1826/1830 1827/1831 1825/1829 1824/1828 
f 1828/1832 1829/1833 1825/1829 1827/1831 
f 1493/1497 1492/1496 1825/1829 1829/1833 
f 1830/1834 1831/1835 1829/1833 1828/1832 
f 1494/1498 1493/1497 1829/1833 1831/1835 
f 1832/1836 1833/1837 1831/1835 1830/1834 
f 1496/1500 1494/1498 1831/1835 1833/1837 
f 1834/1838 1835/1839 1833/1837 1832/1836 
f 1498/1502 1496/1500 1833/1837 1835/1839 
f 1836/1840 1837/1841 1835/1839 1834/1838 
f 1500/1504 1498/1502 1835/1839 1837/1841 
f 1838/1842 1839/1843 1837/1841 1836/1840 
f 1840/1844 1500/1504 1837/1841 1839/1843 
f 1841/1845 1842/1846 1840/1844 1839/1843 
f 1843/1847 1503/1507 1840/1844 1842/1846 
f 1501/1505 1500/1504 1840/1844 1503/1507 
f 1844/1848 1845/1849 1843/1847 1842/1846 
f 1846/1850 1506/1510 1843/1847 1845/1849 
f 1504/1508 1503/1507 1843/1847 1506/1510 
f 1847/1851 1848/1852 1846/1850 1845/1849 
f 1849/1853 1850/1854 1846/1850 1848/1852 
f 1507/1511 1506/1510 1846/1850 1850/1854 
f 1851/1855 1852/1856 1850/1854 1849/1853 
f 1508/1512 1507/1511 1850/1854 1852/1856 
f 1853/1857 1854/1858 1852/1856 1851/1855 
f 1510/1514 1508/1512 1852/1856 1854/1858 
f 1855/1859 1856/1860 1854/1858 1853/1857 
f 1512/1516 1510/1514 1854/1858 1856/1860 
f 1857/1861 1517/1521 1856/1860 1855/1859 
f 1514/1518 1512/1516 1856/1860 1517/1521 
f 1858/1862 1859/1863 1857/1861 1855/1859 
f 1860/1864 1861/1865 1857/1861 1859/1863 
f 1518/1522 1517/1521 1857/1861 1861/1865 
f 1862/1866 1863/1867 1861/1865 1860/1864 
f 1519/1523 1518/1522 1861/1865 1863/1867 
f 1864/1868 1524/1528 1863/1867 1862/1866 
f 1521/1525 1519/1523 1863/1867 1524/1528 
f 1865/1869 1866/1870 1864/1868 1862/1866 
f 1867/1871 1527/1531 1864/1868 1866/1870 
f 1525/1529 1524/1528 1864/1868 1527/1531 
f 1868/1872 1869/1873 1867/1871 1866/1870 
f 1870/1874 1871/1875 1867/1871 1869/1873 
f 1528/1532 1527/1531 1867/1871 1871/1875 
f 1872/1876 1873/1877 1871/1875 1870/1874 
f 1529/1533 1528/1532 1871/1875 1873/1877 
f 1874/1878 1875/1879 1873/1877 1872/1876 
f 1531/1535 1529/1533 1873/1877 1875/1879 
f 1876/1880 1877/1881 1875/1879 1874/1878 
f 1533/1537 1531/1535 1875/1879 1877/1881 
f 1878/1882 1879/1883 1877/1881 1876/1880 
f 1535/1539 1533/1537 1877/1881 1879/1883 
f 1880/1884 1881/1885 1879/1883 1878/1882 
f 1537/1541 1535/1539 1879/1883 1881/1885 
f 1882/1886 1883/1887 1881/1885 1880/1884 
f 1539/1543 1537/1541 1881/1885 1883/1887 
f 1884/1888 1885/1889 1883/1887 1882/1886 
f 1541/1545 1539/1543 1883/1887 1885/1889 
f 1548/1552 1546/1550 1885/1889 1884/1888 
f 1543/1547 1541/1545 1885/1889 1546/1550 
f 1886/1890 1887/1891 1884/1888 1882/1886 
f 1888/1892 1548/1552 1884/1888 1887/1891 
f 515/519 514/518 1888/1892 1887/1891 
f 534/538 1551/1555 1888/1892 514/518 
f 1549/1553 1548/1552 1888/1892 1551/1555 
f 516/520 515/519 1887/1891 1886/1890 
f 1889/1893 516/520 1886/1890 1890/1894 
f 1880/1884 1890/1894 1886/1890 1882/1886 
f 1891/1895 1892/1896 1889/1893 1893/1897 
f 517/521 516/520 1889/1893 1892/1896 
f 1894/1898 1893/1897 1889/1893 1890/1894 
f 1895/1899 1893/1897 1894/1898 1896/1900 
f 1880/1884 1878/1882 1894/1898 1890/1894 
f 1876/1880 1896/1900 1894/1898 1878/1882 
f 1897/1901 1898/1902 1895/1899 1899/1903 
f 1891/1895 1893/1897 1895/1899 1898/1902 
f 1900/1904 1899/1903 1895/1899 1896/1900 
f 1901/1905 1899/1903 1900/1904 1902/1906 
f 1876/1880 1874/1878 1900/1904 1896/1900 
f 1872/1876 1902/1906 1900/1904 1874/1878 
f 1903/1907 1904/1908 1901/1905 1905/1909 
f 1897/1901 1899/1903 1901/1905 1904/1908 
f 1906/1910 1905/1909 1901/1905 1902/1906 
f 1907/1911 1905/1909 1906/1910 1908/1912 
f 1872/1876 1870/1874 1906/1910 1902/1906 
f 1869/1873 1908/1912 1906/1910 1870/1874 
f 1909/1913 1910/1914 1907/1911 1911/1915 
f 1903/1907 1905/1909 1907/1911 1910/1914 
f 1912/1916 1911/1915 1907/1911 1908/1912 
f 1913/1917 1911/1915 1912/1916 1914/1918 
f 1869/1873 1868/1872 1912/1916 1908/1912 
f 1915/1919 1914/1918 1912/1916 1868/1872 
f 1916/1920 1914/1918 1915/1919 1917/1921 
f 1866/1870 1865/1869 1915/1919 1868/1872 
f 1918/1922 1917/1921 1915/1919 1865/1869 
f 1919/1923 1917/1921 1918/1922 1920/1924 
f 1862/1866 1860/1864 1918/1922 1865/1869 
f 1859/1863 1920/1924 1918/1922 1860/1864 
f 1921/1925 1922/1926 1919/1923 1923/1927 
f 1916/1920 1917/1921 1919/1923 1922/1926 
f 1924/1928 1923/1927 1919/1923 1920/1924 
f 1925/1929 1923/1927 1924/1928 1926/1930 
f 1859/1863 1858/1862 1924/1928 1920/1924 
f 1927/1931 1926/1930 1924/1928 1858/1862 
f 1928/1932 1926/1930 1927/1931 1929/1933 
f 1855/1859 1853/1857 1927/1931 1858/1862 
f 1851/1855 1929/1933 1927/1931 1853/1857 
f 1930/1934 1931/1935 1928/1932 1932/1936 
f 1925/1929 1926/1930 1928/1932 1931/1935 
f 1933/1937 1932/1936 1928/1932 1929/1933 
f 1934/1938 1932/1936 1933/1937 1935/1939 
f 1851/1855 1849/1853 1933/1937 1929/1933 
f 1848/1852 1935/1939 1933/1937 1849/1853 
f 1936/1940 1937/1941 1934/1938 1938/1942 
f 1930/1934 1932/1936 1934/1938 1937/1941 
f 1939/1943 1938/1942 1934/1938 1935/1939 
f 1940/1944 1938/1942 1939/1943 1941/1945 
f 1848/1852 1847/1851 1939/1943 1935/1939 
f 1942/1946 1941/1945 1939/1943 1847/1851 
f 1943/1947 1941/1945 1942/1946 1944/1948 
f 1845/1849 1844/1848 1942/1946 1847/1851 
f 1945/1949 1944/1948 1942/1946 1844/1848 
f 1946/1950 1944/1948 1945/1949 1947/1951 
f 1842/1846 1841/1845 1945/1949 1844/1848 
f 1948/1952 1947/1951 1945/1949 1841/1845 
f 1949/1953 1947/1951 1948/1952 1950/1954 
f 1839/1843 1838/1842 1948/1952 1841/1845 
f 1951/1955 1950/1954 1948/1952 1838/1842 
f 1952/1956 1950/1954 1951/1955 1953/1957 
f 1836/1840 1954/1958 1951/1955 1838/1842 
f 1955/1959 1953/1957 1951/1955 1954/1958 
f 1956/1960 1957/1961 1955/1959 1954/1958 
f 1958/1962 1959/1963 1955/1959 1957/1961 
f 1960/1964 1953/1957 1955/1959 1959/1963 
f 1961/1965 1962/1966 1960/1964 1959/1963 
f 1963/1967 1964/1968 1960/1964 1962/1966 
f 1952/1956 1953/1957 1960/1964 1964/1968 
f 1965/1969 1966/1970 1964/1968 1963/1967 
f 1967/1971 1952/1956 1964/1968 1966/1970 
f 1968/1972 1969/1973 1967/1971 1966/1970 
f 1970/1974 1949/1953 1967/1971 1969/1973 
f 1950/1954 1952/1956 1967/1971 1949/1953 
f 1971/1975 1972/1976 1970/1974 1969/1973 
f 1973/1977 1946/1950 1970/1974 1972/1976 
f 1947/1951 1949/1953 1970/1974 1946/1950 
f 1974/1978 1975/1979 1973/1977 1972/1976 
f 1976/1980 1943/1947 1973/1977 1975/1979 
f 1944/1948 1946/1950 1973/1977 1943/1947 
f 1977/1981 1978/1982 1976/1980 1975/1979 
f 1979/1983 1940/1944 1976/1980 1978/1982 
f 1941/1945 1943/1947 1976/1980 1940/1944 
f 1980/1984 1981/1985 1979/1983 1978/1982 
f 1982/1986 1936/1940 1979/1983 1981/1985 
f 1938/1942 1940/1944 1979/1983 1936/1940 
f 220/224 1983/1987 1982/1986 1981/1985 
f 1984/1988 1985/1989 1982/1986 1983/1987 
f 1937/1941 1936/1940 1982/1986 1985/1989 
f 1986/1990 1987/1991 1985/1989 1984/1988 
f 1930/1934 1937/1941 1985/1989 1987/1991 
f 1988/1992 1989/1993 1987/1991 1986/1990 
f 1931/1935 1930/1934 1987/1991 1989/1993 
f 1990/1994 1991/1995 1989/1993 1988/1992 
f 1925/1929 1931/1935 1989/1993 1991/1995 
f 1992/1996 1921/1925 1991/1995 1990/1994 
f 1923/1927 1925/1929 1991/1995 1921/1925 
f 1993/1997 1994/1998 1992/1996 1990/1994 
f 1995/1999 1996/2000 1992/1996 1994/1998 
f 1922/1926 1921/1925 1992/1996 1996/2000 
f 1997/2001 1998/2002 1996/2000 1995/1999 
f 1916/1920 1922/1926 1996/2000 1998/2002 
f 1999/2003 1913/1917 1998/2002 1997/2001 
f 1914/1918 1916/1920 1998/2002 1913/1917 
f 2000/2004 2001/2005 1999/2003 1997/2001 
f 2002/2006 1909/1913 1999/2003 2001/2005 
f 1911/1915 1913/1917 1999/2003 1909/1913 
f 2003/2007 2004/2008 2002/2006 2001/2005 
f 2005/2009 2006/2010 2002/2006 2004/2008 
f 1910/1914 1909/1913 2002/2006 2006/2010 
f 2007/2011 2008/2012 2006/2010 2005/2009 
f 1903/1907 1910/1914 2006/2010 2008/2012 
f 2009/2013 2010/2014 2008/2012 2007/2011 
f 1904/1908 1903/1907 2008/2012 2010/2014 
f 2011/2015 2012/2016 2010/2014 2009/2013 
f 1897/1901 1904/1908 2010/2014 2012/2016 
f 2013/2017 2014/2018 2012/2016 2011/2015 
f 1898/1902 1897/1901 2012/2016 2014/2018 
f 2015/2019 2016/2020 2014/2018 2013/2017 
f 1891/1895 1898/1902 2014/2018 2016/2020 
f 2017/2021 2018/2022 2016/2020 2015/2019 
f 1892/1896 1891/1895 2016/2020 2018/2022 
f 2019/2023 520/524 2018/2022 2017/2021 
f 517/521 1892/1896 2018/2022 520/524 
f 2020/2024 2021/2025 2019/2023 2017/2021 
f 2022/2026 2023/2027 2019/2023 2021/2025 
f 519/523 520/524 2019/2023 2023/2027 
f 2024/2028 2025/2029 2023/2027 2022/2026 
f 518/522 519/523 2023/2027 2025/2029 
f 2026/2030 2027/2031 2025/2029 2024/2028 
f 2028/2032 518/522 2025/2029 2027/2031 
f 2029/2033 1566/1570 2028/2032 2027/2031 
f 1564/1568 1563/1567 2028/2032 1566/1570 
f 513/517 518/522 2028/2032 1563/1567 
f 2026/2030 2030/2034 2029/2033 2027/2031 
f 2031/2035 2032/2036 2029/2033 2030/2034 
f 1567/1571 1566/1570 2029/2033 2032/2036 
f 2033/2037 2034/2038 2032/2036 2031/2035 
f 1568/1572 1567/1571 2032/2036 2034/2038 
f 2035/2039 2036/2040 2034/2038 2033/2037 
f 1570/1574 1568/1572 2034/2038 2036/2040 
f 2037/2041 2038/2042 2036/2040 2035/2039 
f 1572/1576 1570/1574 2036/2040 2038/2042 
f 2039/2043 2040/2044 2038/2042 2037/2041 
f 2041/2045 1572/1576 2038/2042 2040/2044 
f 2042/2046 2043/2047 2041/2045 2040/2044 
f 2044/2048 1575/1579 2041/2045 2043/2047 
f 1573/1577 1572/1576 2041/2045 1575/1579 
f 2045/2049 2046/2050 2044/2048 2043/2047 
f 2047/2051 2048/2052 2044/2048 2046/2050 
f 1576/1580 1575/1579 2044/2048 2048/2052 
f 2049/2053 2050/2054 2048/2052 2047/2051 
f 1577/1581 1576/1580 2048/2052 2050/2054 
f 2051/2055 2052/2056 2050/2054 2049/2053 
f 1579/1583 1577/1581 2050/2054 2052/2056 
f 1587/1591 1585/1589 2052/2056 2051/2055 
f 1581/1585 1579/1583 2052/2056 1585/1589 
f 2053/2057 2054/2058 2051/2055 2049/2053 
f 2055/2059 1587/1591 2051/2055 2054/2058 
f 2056/2060 2057/2061 2055/2059 2054/2058 
f 2058/2062 1590/1594 2055/2059 2057/2061 
f 1588/1592 1587/1591 2055/2059 1590/1594 
f 2059/2063 2060/2064 2058/2062 2057/2061 
f 2061/2065 1593/1597 2058/2062 2060/2064 
f 1591/1595 1590/1594 2058/2062 1593/1597 
f 2062/2066 2063/2067 2061/2065 2060/2064 
f 2064/2068 2065/2069 2061/2065 2063/2067 
f 1594/1598 1593/1597 2061/2065 2065/2069 
f 2066/2070 2067/2071 2065/2069 2064/2068 
f 1595/1599 1594/1598 2065/2069 2067/2071 
f 2068/2072 2069/2073 2067/2071 2066/2070 
f 1597/1601 1595/1599 2067/2071 2069/2073 
f 2070/2074 2071/2075 2069/2073 2068/2072 
f 1599/1603 1597/1601 2069/2073 2071/2075 
f 2072/2076 2073/2077 2071/2075 2070/2074 
f 1601/1605 1599/1603 2071/2075 2073/2077 
f 2074/2078 2075/2079 2073/2077 2072/2076 
f 1603/1607 1601/1605 2073/2077 2075/2079 
f 2076/2080 2077/2081 2075/2079 2074/2078 
f 2078/2082 1603/1607 2075/2079 2077/2081 
f 2079/2083 2080/2084 2078/2082 2077/2081 
f 2081/2085 1606/1610 2078/2082 2080/2084 
f 1604/1608 1603/1607 2078/2082 1606/1610 
f 2082/2086 2083/2087 2081/2085 2080/2084 
f 1611/1615 1609/1613 2081/2085 2083/2087 
f 1607/1611 1606/1610 2081/2085 1609/1613 
f 2084/2088 2085/2089 2083/2087 2082/2086 
f 1613/1617 1611/1615 2083/2087 2085/2089 
f 2086/2090 2087/2091 2085/2089 2084/2088 
f 2088/2092 1613/1617 2085/2089 2087/2091 
f 2089/2093 2090/2094 2088/2092 2087/2091 
f 2091/2095 1616/1620 2088/2092 2090/2094 
f 1614/1618 1613/1617 2088/2092 1616/1620 
f 2092/2096 2093/2097 2091/2095 2090/2094 
f 2094/2098 1619/1623 2091/2095 2093/2097 
f 1617/1621 1616/1620 2091/2095 1619/1623 
f 2095/2099 2096/2100 2094/2098 2093/2097 
f 2097/2101 1622/1626 2094/2098 2096/2100 
f 1620/1624 1619/1623 2094/2098 1622/1626 
f 2098/2102 2099/2103 2097/2101 2096/2100 
f 1627/1631 1625/1629 2097/2101 2099/2103 
f 1623/1627 1622/1626 2097/2101 1625/1629 
f 2100/2104 2101/2105 2099/2103 2098/2102 
f 1629/1633 1627/1631 2099/2103 2101/2105 
f 2102/2106 2103/2107 2101/2105 2100/2104 
f 1631/1635 1629/1633 2101/2105 2103/2107 
f 584/588 2104/2108 2103/2107 2102/2106 
f 1633/1637 1631/1635 2103/2107 2104/2108 
f 586/590 1638/1642 2104/2108 584/588 
f 1635/1639 1633/1637 2104/2108 1638/1642 
f 2105/2109 2106/2110 2102/2106 2100/2104 
f 585/589 584/588 2102/2106 2106/2110 
f 2107/2111 2108/2112 2106/2110 2105/2109 
f 588/592 585/589 2106/2110 2108/2112 
f 2109/2113 2110/2114 2108/2112 2107/2111 
f 2111/2115 588/592 2108/2112 2110/2114 
f 2112/2116 2113/2117 2111/2115 2110/2114 
f 2114/2118 2115/2119 2111/2115 2113/2117 
f 581/585 588/592 2111/2115 2115/2119 
f 2116/2120 2117/2121 2115/2119 2114/2118 
f 578/582 581/585 2115/2119 2117/2121 
f 2118/2122 2119/2123 2117/2121 2116/2120 
f 2120/2124 578/582 2117/2121 2119/2123 
f 2121/2125 2122/2126 2120/2124 2119/2123 
f 2123/2127 2124/2128 2120/2124 2122/2126 
f 579/583 578/582 2120/2124 2124/2128 
f 2125/2129 2126/2130 2124/2128 2123/2127 
f 582/586 579/583 2124/2128 2126/2130 
f 2127/2131 2128/2132 2126/2130 2125/2129 
f 2129/2133 582/586 2126/2130 2128/2132 
f 2130/2134 1646/1650 2129/2133 2128/2132 
f 1644/1648 1643/1647 2129/2133 1646/1650 
f 583/587 582/586 2129/2133 1643/1647 
f 2127/2131 2131/2135 2130/2134 2128/2132 
f 2132/2136 1649/1653 2130/2134 2131/2135 
f 1647/1651 1646/1650 2130/2134 1649/1653 
f 2133/2137 2134/2138 2132/2136 2131/2135 
f 2135/2139 1652/1656 2132/2136 2134/2138 
f 1650/1654 1649/1653 2132/2136 1652/1656 
f 2136/2140 2137/2141 2135/2139 2134/2138 
f 2138/2142 1655/1659 2135/2139 2137/2141 
f 1653/1657 1652/1656 2135/2139 1655/1659 
f 2139/2143 2140/2144 2138/2142 2137/2141 
f 1660/1664 1658/1662 2138/2142 2140/2144 
f 1656/1660 1655/1659 2138/2142 1658/1662 
f 2141/2145 2142/2146 2140/2144 2139/2143 
f 1666/1670 1660/1664 2140/2144 2142/2146 
f 2143/2147 2144/2148 2142/2146 2141/2145 
f 1664/1668 1666/1670 2142/2146 2144/2148 
f 2145/2149 2146/2150 2144/2148 2143/2147 
f 1667/1671 1664/1668 2144/2148 2146/2150 
f 2147/2151 2148/2152 2146/2150 2145/2149 
f 1669/1673 1667/1671 2146/2150 2148/2152 
f 2149/2153 2150/2154 2148/2152 2147/2151 
f 2151/2155 1669/1673 2148/2152 2150/2154 
f 2152/2156 2153/2157 2151/2155 2150/2154 
f 2154/2158 1672/1676 2151/2155 2153/2157 
f 1670/1674 1669/1673 2151/2155 1672/1676 
f 2155/2159 2156/2160 2154/2158 2153/2157 
f 2157/2161 2158/2162 2154/2158 2156/2160 
f 1673/1677 1672/1676 2154/2158 2158/2162 
f 2159/2163 2160/2164 2158/2162 2157/2161 
f 1674/1678 1673/1677 2158/2162 2160/2164 
f 2161/2165 2162/2166 2160/2164 2159/2163 
f 1676/1680 1674/1678 2160/2164 2162/2166 
f 2163/2167 2164/2168 2162/2166 2161/2165 
f 1678/1682 1676/1680 2162/2166 2164/2168 
f 2165/2169 2166/2170 2164/2168 2163/2167 
f 2167/2171 1678/1682 2164/2168 2166/2170 
f 2168/2172 2169/2173 2167/2171 2166/2170 
f 2170/2174 1681/1685 2167/2171 2169/2173 
f 1679/1683 1678/1682 2167/2171 1681/1685 
f 2171/2175 2172/2176 2170/2174 2169/2173 
f 2173/2177 2174/2178 2170/2174 2172/2176 
f 1682/1686 1681/1685 2170/2174 2174/2178 
f 2175/2179 2176/2180 2174/2178 2173/2177 
f 1683/1687 1682/1686 2174/2178 2176/2180 
f 2177/2181 1689/1693 2176/2180 2175/2179 
f 1685/1689 1683/1687 2176/2180 1689/1693 
f 2178/2182 2179/2183 2177/2181 2175/2179 
f 2180/2184 1692/1696 2177/2181 2179/2183 
f 1690/1694 1689/1693 2177/2181 1692/1696 
f 2181/2185 2182/2186 2180/2184 2179/2183 
f 2183/2187 1695/1699 2180/2184 2182/2186 
f 1693/1697 1692/1696 2180/2184 1695/1699 
f 2184/2188 2185/2189 2183/2187 2182/2186 
f 2186/2190 1698/1702 2183/2187 2185/2189 
f 1696/1700 1695/1699 2183/2187 1698/1702 
f 459/463 460/464 2186/2190 2185/2189 
f 2187/2191 2188/2192 2186/2190 460/464 
f 1699/1703 1698/1702 2186/2190 2188/2192 
f 2189/2193 2190/2194 2188/2192 2187/2191 
f 1700/1704 1699/1703 2188/2192 2190/2194 
f 2191/2195 2192/2196 2190/2194 2189/2193 
f 1702/1706 1700/1704 2190/2194 2192/2196 
f 2193/2197 2194/2198 2192/2196 2191/2195 
f 1704/1708 1702/1706 2192/2196 2194/2198 
f 2195/2199 2196/2200 2194/2198 2193/2197 
f 1706/1710 1704/1708 2194/2198 2196/2200 
f 2197/2201 2198/2202 2196/2200 2195/2199 
f 1708/1712 1706/1710 2196/2200 2198/2202 
f 2199/2203 2200/2204 2198/2202 2197/2201 
f 1710/1714 1708/1712 2198/2202 2200/2204 
f 2201/2205 2202/2206 2200/2204 2199/2203 
f 2203/2207 1710/1714 2200/2204 2202/2206 
f 1711/1715 1710/1714 2203/2207 1713/1717 
f 2204/2208 2205/2209 2203/2207 2202/2206 
f 2206/2210 1713/1717 2203/2207 2205/2209 
f 1714/1718 1713/1717 2206/2210 1716/1720 
f 650/654 651/655 2206/2210 2205/2209 
f 2207/2211 1716/1720 2206/2210 651/655 
f 1717/1721 1716/1720 2207/2211 1719/1723 
f 652/656 2208/2212 2207/2211 651/655 
f 2209/2213 1719/1723 2207/2211 2208/2212 
f 1720/1724 1719/1723 2209/2213 1722/1726 
f 2210/2214 2211/2215 2209/2213 2208/2212 
f 2212/2216 1722/1726 2209/2213 2211/2215 
f 1723/1727 1722/1726 2212/2216 1725/1729 
f 2213/2217 2214/2218 2212/2216 2211/2215 
f 2215/2219 1725/1729 2212/2216 2214/2218 
f 1726/1730 1725/1729 2215/2219 1728/1732 
f 2216/2220 2217/2221 2215/2219 2214/2218 
f 2218/2222 1728/1732 2215/2219 2217/2221 
f 1729/1733 1728/1732 2218/2222 1731/1735 
f 2219/2223 2220/2224 2218/2222 2217/2221 
f 2221/2225 1731/1735 2218/2222 2220/2224 
f 1732/1736 1731/1735 2221/2225 1734/1738 
f 2222/2226 2223/2227 2221/2225 2220/2224 
f 2224/2228 1734/1738 2221/2225 2223/2227 
f 1735/1739 1734/1738 2224/2228 1737/1741 
f 568/572 2225/2229 2224/2228 2223/2227 
f 2226/2230 1737/1741 2224/2228 2225/2229 
f 1738/1742 1737/1741 2226/2230 1740/1744 
f 2227/2231 2228/2232 2226/2230 2225/2229 
f 2229/2233 1740/1744 2226/2230 2228/2232 
f 1741/1745 1740/1744 2229/2233 1743/1747 
f 2230/2234 2231/2235 2229/2233 2228/2232 
f 2232/2236 1743/1747 2229/2233 2231/2235 
f 1752/1756 1746/1750 2232/2236 2233/2237 
f 1744/1748 1743/1747 2232/2236 1746/1750 
f 2234/2238 2233/2237 2232/2236 2231/2235 
f 1755/1759 2233/2237 2234/2238 2235/2239 
f 2230/2234 2236/2240 2234/2238 2231/2235 
f 2237/2241 2235/2239 2234/2238 2236/2240 
f 1758/1762 2235/2239 2237/2241 2238/2242 
f 2239/2243 2240/2244 2237/2241 2236/2240 
f 2241/2245 2238/2242 2237/2241 2240/2244 
f 1761/1765 2238/2242 2241/2245 1767/1771 
f 2242/2246 2243/2247 2241/2245 2240/2244 
f 1768/1772 1767/1771 2241/2245 2243/2247 
f 2244/2248 2245/2249 2243/2247 2242/2246 
f 1769/1773 1768/1772 2243/2247 2245/2249 
f 2246/2250 2247/2251 2245/2249 2244/2248 
f 1771/1775 1769/1773 2245/2249 2247/2251 
f 2248/2252 2249/2253 2247/2251 2246/2250 
f 1773/1777 1771/1775 2247/2251 2249/2253 
f 2250/2254 1778/1782 2249/2253 2248/2252 
f 1775/1779 1773/1777 2249/2253 1778/1782 
f 2251/2255 2252/2256 2250/2254 2248/2252 
f 2253/2257 1781/1785 2250/2254 2252/2256 
f 1779/1783 1778/1782 2250/2254 1781/1785 
f 2254/2258 2255/2259 2253/2257 2252/2256 
f 2256/2260 2257/2261 2253/2257 2255/2259 
f 1782/1786 1781/1785 2253/2257 2257/2261 
f 2258/2262 2259/2263 2257/2261 2256/2260 
f 1783/1787 1782/1786 2257/2261 2259/2263 
f 2260/2264 2261/2265 2259/2263 2258/2262 
f 1785/1789 1783/1787 2259/2263 2261/2265 
f 2262/2266 2263/2267 2261/2265 2260/2264 
f 1787/1791 1785/1789 2261/2265 2263/2267 
f 2264/2268 2265/2269 2263/2267 2262/2266 
f 1789/1793 1787/1791 2263/2267 2265/2269 
f 2266/2270 2267/2271 2265/2269 2264/2268 
f 1791/1795 1789/1793 2265/2269 2267/2271 
f 2268/2272 2269/2273 2267/2271 2266/2270 
f 1793/1797 1791/1795 2267/2271 2269/2273 
f 2270/2274 2271/2275 2269/2273 2268/2272 
f 2272/2276 1793/1797 2269/2273 2271/2275 
f 1794/1798 1793/1797 2272/2276 1796/1800 
f 2273/2277 1801/1805 2272/2276 2271/2275 
f 1798/1802 1796/1800 2272/2276 1801/1805 
f 2270/2274 2274/2278 2273/2277 2271/2275 
f 2275/2279 1804/1808 2273/2277 2274/2278 
f 1802/1806 1801/1805 2273/2277 1804/1808 
f 2276/2280 2277/2281 2275/2279 2274/2278 
f 2278/2282 2279/2283 2275/2279 2277/2281 
f 1805/1809 1804/1808 2275/2279 2279/2283 
f 2280/2284 2281/2285 2279/2283 2278/2282 
f 1806/1810 1805/1809 2279/2283 2281/2285 
f 2282/2286 1811/1815 2281/2285 2280/2284 
f 1808/1812 1806/1810 2281/2285 1811/1815 
f 2283/2287 2284/2288 2282/2286 2280/2284 
f 2285/2289 1814/1818 2282/2286 2284/2288 
f 1812/1816 1811/1815 2282/2286 1814/1818 
f 2286/2290 2287/2291 2285/2289 2284/2288 
f 2288/2292 1817/1821 2285/2289 2287/2291 
f 1815/1819 1814/1818 2285/2289 1817/1821 
f 2289/2293 2290/2294 2288/2292 2287/2291 
f 2291/2295 1820/1824 2288/2292 2290/2294 
f 1818/1822 1817/1821 2288/2292 1820/1824 
f 2292/2296 2293/2297 2291/2295 2290/2294 
f 2294/2298 1823/1827 2291/2295 2293/2297 
f 1821/1825 1820/1824 2291/2295 1823/1827 
f 2295/2299 2296/2300 2294/2298 2293/2297 
f 2297/2301 1826/1830 2294/2298 2296/2300 
f 1824/1828 1823/1827 2294/2298 1826/1830 
f 2298/2302 2299/2303 2297/2301 2296/2300 
f 2300/2304 2301/2305 2297/2301 2299/2303 
f 1827/1831 1826/1830 2297/2301 2301/2305 
f 2302/2306 2303/2307 2301/2305 2300/2304 
f 1828/1832 1827/1831 2301/2305 2303/2307 
f 2304/2308 2305/2309 2303/2307 2302/2306 
f 1830/1834 1828/1832 2303/2307 2305/2309 
f 2306/2310 2307/2311 2305/2309 2304/2308 
f 1832/1836 1830/1834 2305/2309 2307/2311 
f 1957/1961 1956/1960 2307/2311 2306/2310 
f 1834/1838 1832/1836 2307/2311 1956/1960 
f 2308/2312 2309/2313 2306/2310 2304/2308 
f 1958/1962 1957/1961 2306/2310 2309/2313 
f 2310/2314 2311/2315 2309/2313 2308/2312 
f 2312/2316 1958/1962 2309/2313 2311/2315 
f 2313/2317 2314/2318 2312/2316 2311/2315 
f 2315/2319 1961/1965 2312/2316 2314/2318 
f 1959/1963 1958/1962 2312/2316 1961/1965 
f 2316/2320 2317/2321 2315/2319 2314/2318 
f 2318/2322 2319/2323 2315/2319 2317/2321 
f 1962/1966 1961/1965 2315/2319 2319/2323 
f 2320/2324 2321/2325 2319/2323 2318/2322 
f 1963/1967 1962/1966 2319/2323 2321/2325 
f 260/264 2322/2326 2321/2325 2320/2324 
f 1965/1969 1963/1967 2321/2325 2322/2326 
f 259/263 2323/2327 2322/2326 260/264 
f 2324/2328 1965/1969 2322/2326 2323/2327 
f 381/385 2325/2329 2324/2328 2323/2327 
f 2326/2330 1968/1972 2324/2328 2325/2329 
f 1966/1970 1965/1969 2324/2328 1968/1972 
f 2327/2331 2328/2332 2326/2330 2325/2329 
f 2329/2333 1971/1975 2326/2330 2328/2332 
f 1969/1973 1968/1972 2326/2330 1971/1975 
f 2330/2334 2331/2335 2329/2333 2328/2332 
f 2332/2336 1974/1978 2329/2333 2331/2335 
f 1972/1976 1971/1975 2329/2333 1974/1978 
f 2333/2337 2334/2338 2332/2336 2331/2335 
f 2335/2339 1977/1981 2332/2336 2334/2338 
f 1975/1979 1974/1978 2332/2336 1977/1981 
f 2336/2340 226/230 2335/2339 2334/2338 
f 221/225 1980/1984 2335/2339 226/230 
f 1978/1982 1977/1981 2335/2339 1980/1984 
f 2337/2341 2338/2342 2336/2340 2339/2343 
f 225/229 226/230 2336/2340 2338/2342 
f 2333/2337 2339/2343 2336/2340 2334/2338 
f 2340/2344 2341/2345 2338/2342 2337/2341 
f 224/228 225/229 2338/2342 2341/2345 
f 2342/2346 2343/2347 2341/2345 2340/2344 
f 2344/2348 224/228 2341/2345 2343/2347 
f 2345/2349 2346/2350 2344/2348 2343/2347 
f 2347/2351 2348/2352 2344/2348 2346/2350 
f 223/227 224/228 2344/2348 2348/2352 
f 1984/1988 1983/1987 2348/2352 2347/2351 
f 220/224 223/227 2348/2352 1983/1987 
f 2349/2353 2350/2354 2347/2351 2346/2350 
f 1986/1990 1984/1988 2347/2351 2350/2354 
f 2351/2355 2352/2356 2350/2354 2349/2353 
f 1988/1992 1986/1990 2350/2354 2352/2356 
f 2353/2357 1993/1997 2352/2356 2351/2355 
f 1990/1994 1988/1992 2352/2356 1993/1997 
f 2354/2358 2355/2359 2353/2357 2351/2355 
f 2356/2360 2357/2361 2353/2357 2355/2359 
f 1994/1998 1993/1997 2353/2357 2357/2361 
f 2358/2362 2359/2363 2357/2361 2356/2360 
f 1995/1999 1994/1998 2357/2361 2359/2363 
f 2360/2364 2000/2004 2359/2363 2358/2362 
f 1997/2001 1995/1999 2359/2363 2000/2004 
f 2361/2365 2362/2366 2360/2364 2358/2362 
f 2363/2367 2003/2007 2360/2364 2362/2366 
f 2001/2005 2000/2004 2360/2364 2003/2007 
f 203/207 202/206 2363/2367 2362/2366 
f 2364/2368 2365/2369 2363/2367 202/206 
f 2004/2008 2003/2007 2363/2367 2365/2369 
f 2366/2370 2367/2371 2365/2369 2364/2368 
f 2005/2009 2004/2008 2365/2369 2367/2371 
f 2368/2372 2369/2373 2367/2371 2366/2370 
f 2007/2011 2005/2009 2367/2371 2369/2373 
f 2370/2374 2371/2375 2369/2373 2368/2372 
f 2009/2013 2007/2011 2369/2373 2371/2375 
f 2372/2376 2373/2377 2371/2375 2370/2374 
f 2011/2015 2009/2013 2371/2375 2373/2377 
f 181/185 2374/2378 2373/2377 2372/2376 
f 2013/2017 2011/2015 2373/2377 2374/2378 
f 176/180 2375/2379 2374/2378 181/185 
f 2015/2019 2013/2017 2374/2378 2375/2379 
f 175/179 2020/2024 2375/2379 176/180 
f 2017/2021 2015/2019 2375/2379 2020/2024 
f 2376/2380 2377/2381 2372/2376 2370/2374 
f 180/184 181/185 2372/2376 2377/2381 
f 2378/2382 2379/2383 2377/2381 2376/2380 
f 179/183 180/184 2377/2381 2379/2383 
f 2380/2384 2381/2385 2379/2383 2378/2382 
f 2382/2386 179/183 2379/2383 2381/2385 
f 2383/2387 2384/2388 2382/2386 2381/2385 
f 2385/2389 2386/2390 2382/2386 2384/2388 
f 178/182 179/183 2382/2386 2386/2390 
f 2387/2391 2388/2392 2386/2390 2385/2389 
f 175/179 178/182 2386/2390 2388/2392 
f 2022/2026 2021/2025 2388/2392 2387/2391 
f 2020/2024 175/179 2388/2392 2021/2025 
f 2389/2393 2390/2394 2387/2391 2385/2389 
f 2024/2028 2022/2026 2387/2391 2390/2394 
f 2391/2395 2392/2396 2390/2394 2389/2393 
f 2026/2030 2024/2028 2390/2394 2392/2396 
f 2393/2397 2394/2398 2392/2396 2391/2395 
f 2030/2034 2026/2030 2392/2396 2394/2398 
f 2395/2399 2396/2400 2394/2398 2393/2397 
f 2031/2035 2030/2034 2394/2398 2396/2400 
f 2397/2401 2398/2402 2396/2400 2395/2399 
f 2033/2037 2031/2035 2396/2400 2398/2402 
f 2399/2403 2400/2404 2398/2402 2397/2401 
f 2035/2039 2033/2037 2398/2402 2400/2404 
f 486/490 485/489 2400/2404 2399/2403 
f 2037/2041 2035/2039 2400/2404 485/489 
f 2401/2405 2402/2406 2399/2403 2397/2401 
f 491/495 486/490 2399/2403 2402/2406 
f 2403/2407 2404/2408 2402/2406 2401/2405 
f 2405/2409 491/495 2402/2406 2404/2408 
f 2406/2410 2407/2411 2405/2409 2404/2408 
f 2408/2412 2409/2413 2405/2409 2407/2411 
f 490/494 491/495 2405/2409 2409/2413 
f 2410/2414 2411/2415 2409/2413 2408/2412 
f 489/493 490/494 2409/2413 2411/2415 
f 2412/2416 2413/2417 2411/2415 2410/2414 
f 2414/2418 489/493 2411/2415 2413/2417 
f 2415/2419 2042/2046 2414/2418 2413/2417 
f 2040/2044 2039/2043 2414/2418 2042/2046 
f 488/492 489/493 2414/2418 2039/2043 
f 2412/2416 2416/2420 2415/2419 2413/2417 
f 2417/2421 2045/2049 2415/2419 2416/2420 
f 2043/2047 2042/2046 2415/2419 2045/2049 
f 2418/2422 2419/2423 2417/2421 2416/2420 
f 2420/2424 2421/2425 2417/2421 2419/2423 
f 2046/2050 2045/2049 2417/2421 2421/2425 
f 2422/2426 2423/2427 2421/2425 2420/2424 
f 2047/2051 2046/2050 2421/2425 2423/2427 
f 2424/2428 2053/2057 2423/2427 2422/2426 
f 2049/2053 2047/2051 2423/2427 2053/2057 
f 2425/2429 2426/2430 2424/2428 2422/2426 
f 2427/2431 2056/2060 2424/2428 2426/2430 
f 2054/2058 2053/2057 2424/2428 2056/2060 
f 2428/2432 2429/2433 2427/2431 2426/2430 
f 2430/2434 2059/2063 2427/2431 2429/2433 
f 2057/2061 2056/2060 2427/2431 2059/2063 
f 2431/2435 2432/2436 2430/2434 2429/2433 
f 2433/2437 2062/2066 2430/2434 2432/2436 
f 2060/2064 2059/2063 2430/2434 2062/2066 
f 2434/2438 2435/2439 2433/2437 2432/2436 
f 2436/2440 2437/2441 2433/2437 2435/2439 
f 2063/2067 2062/2066 2433/2437 2437/2441 
f 2438/2442 2439/2443 2437/2441 2436/2440 
f 2064/2068 2063/2067 2437/2441 2439/2443 
f 2440/2444 2441/2445 2439/2443 2438/2442 
f 2066/2070 2064/2068 2439/2443 2441/2445 
f 2442/2446 2443/2447 2441/2445 2440/2444 
f 2068/2072 2066/2070 2441/2445 2443/2447 
f 2444/2448 2445/2449 2443/2447 2442/2446 
f 2070/2074 2068/2072 2443/2447 2445/2449 
f 2446/2450 2447/2451 2445/2449 2444/2448 
f 2072/2076 2070/2074 2445/2449 2447/2451 
f 2448/2452 2449/2453 2447/2451 2446/2450 
f 2074/2078 2072/2076 2447/2451 2449/2453 
f 2450/2454 2451/2455 2449/2453 2448/2452 
f 2076/2080 2074/2078 2449/2453 2451/2455 
f 2452/2456 2453/2457 2451/2455 2450/2454 
f 2454/2458 2076/2080 2451/2455 2453/2457 
f 2455/2459 2456/2460 2454/2458 2453/2457 
f 2457/2461 2079/2083 2454/2458 2456/2460 
f 2077/2081 2076/2080 2454/2458 2079/2083 
f 2458/2462 2459/2463 2457/2461 2456/2460 
f 2084/2088 2082/2086 2457/2461 2459/2463 
f 2080/2084 2079/2083 2457/2461 2082/2086 
f 2460/2464 2461/2465 2459/2463 2458/2462 
f 2086/2090 2084/2088 2459/2463 2461/2465 
f 2462/2466 2463/2467 2461/2465 2460/2464 
f 2464/2468 2086/2090 2461/2465 2463/2467 
f 2465/2469 2466/2470 2464/2468 2463/2467 
f 2467/2471 2089/2093 2464/2468 2466/2470 
f 2087/2091 2086/2090 2464/2468 2089/2093 
f 2468/2472 2469/2473 2467/2471 2466/2470 
f 2470/2474 2092/2096 2467/2471 2469/2473 
f 2090/2094 2089/2093 2467/2471 2092/2096 
f 2471/2475 2472/2476 2470/2474 2469/2473 
f 2473/2477 2095/2099 2470/2474 2472/2476 
f 2093/2097 2092/2096 2470/2474 2095/2099 
f 2107/2111 2105/2109 2473/2477 2472/2476 
f 2100/2104 2098/2102 2473/2477 2105/2109 
f 2096/2100 2095/2099 2473/2477 2098/2102 
f 2109/2113 2107/2111 2472/2476 2471/2475 
f 2468/2472 2474/2478 2471/2475 2469/2473 
f 2475/2479 2109/2113 2471/2475 2474/2478 
f 2476/2480 2477/2481 2475/2479 2474/2478 
f 2478/2482 2112/2116 2475/2479 2477/2481 
f 2110/2114 2109/2113 2475/2479 2112/2116 
f 2479/2483 2480/2484 2478/2482 102/103 
f 2113/2117 2112/2116 2478/2482 2480/2484 
f 101/102 102/103 2478/2482 2477/2481 
f 2481/2485 2482/2486 2480/2484 2479/2483 
f 2114/2118 2113/2117 2480/2484 2482/2486 
f 2483/2487 2484/2488 2482/2486 2481/2485 
f 2116/2120 2114/2118 2482/2486 2484/2488 
f 2485/2489 2486/2490 2484/2488 2483/2487 
f 2118/2122 2116/2120 2484/2488 2486/2490 
f 2487/2491 2488/2492 2486/2490 2485/2489 
f 2489/2493 2118/2122 2486/2490 2488/2492 
f 2490/2494 2491/2495 2489/2493 2488/2492 
f 2492/2496 2121/2125 2489/2493 2491/2495 
f 2119/2123 2118/2122 2489/2493 2121/2125 
f 2493/2497 2494/2498 2492/2496 2491/2495 
f 2495/2499 2496/2500 2492/2496 2494/2498 
f 2122/2126 2121/2125 2492/2496 2496/2500 
f 2497/2501 2498/2502 2496/2500 2495/2499 
f 2123/2127 2122/2126 2496/2500 2498/2502 
f 2499/2503 2500/2504 2498/2502 2497/2501 
f 2125/2129 2123/2127 2498/2502 2500/2504 
f 2501/2505 2502/2506 2500/2504 2499/2503 
f 2127/2131 2125/2129 2500/2504 2502/2506 
f 2503/2507 2133/2137 2502/2506 2501/2505 
f 2131/2135 2127/2131 2502/2506 2133/2137 
f 2504/2508 2505/2509 2503/2507 2501/2505 
f 2506/2510 2136/2140 2503/2507 2505/2509 
f 2134/2138 2133/2137 2503/2507 2136/2140 
f 2507/2511 2508/2512 2506/2510 2505/2509 
f 2141/2145 2139/2143 2506/2510 2508/2512 
f 2137/2141 2136/2140 2506/2510 2139/2143 
f 2509/2513 2510/2514 2508/2512 2507/2511 
f 2143/2147 2141/2145 2508/2512 2510/2514 
f 2511/2515 2512/2516 2510/2514 2509/2513 
f 2145/2149 2143/2147 2510/2514 2512/2516 
f 2513/2517 2514/2518 2512/2516 2511/2515 
f 2147/2151 2145/2149 2512/2516 2514/2518 
f 2515/2519 2516/2520 2514/2518 2513/2517 
f 2149/2153 2147/2151 2514/2518 2516/2520 
f 2517/2521 2518/2522 2516/2520 2515/2519 
f 2519/2523 2149/2153 2516/2520 2518/2522 
f 2520/2524 2521/2525 2519/2523 2518/2522 
f 2522/2526 2152/2156 2519/2523 2521/2525 
f 2150/2154 2149/2153 2519/2523 2152/2156 
f 2523/2527 2524/2528 2522/2526 2521/2525 
f 2525/2529 2155/2159 2522/2526 2524/2528 
f 2153/2157 2152/2156 2522/2526 2155/2159 
f 140/141 2526/2530 2525/2529 2524/2528 
f 2527/2531 2528/2532 2525/2529 2526/2530 
f 2156/2160 2155/2159 2525/2529 2528/2532 
f 2529/2533 2530/2534 2528/2532 2527/2531 
f 2157/2161 2156/2160 2528/2532 2530/2534 
f 2531/2535 2532/2536 2530/2534 2529/2533 
f 2159/2163 2157/2161 2530/2534 2532/2536 
f 2533/2537 2534/2538 2532/2536 2531/2535 
f 2161/2165 2159/2163 2532/2536 2534/2538 
f 2535/2539 2536/2540 2534/2538 2533/2537 
f 2163/2167 2161/2165 2534/2538 2536/2540 
f 2537/2541 2538/2542 2536/2540 2535/2539 
f 2165/2169 2163/2167 2536/2540 2538/2542 
f 2539/2543 2540/2544 2538/2542 2537/2541 
f 2541/2545 2165/2169 2538/2542 2540/2544 
f 2542/2546 2543/2547 2541/2545 2540/2544 
f 2544/2548 2168/2172 2541/2545 2543/2547 
f 2166/2170 2165/2169 2541/2545 2168/2172 
f 447/451 2545/2549 2544/2548 2543/2547 
f 2546/2550 2171/2175 2544/2548 2545/2549 
f 2169/2173 2168/2172 2544/2548 2171/2175 
f 2547/2551 2548/2552 2546/2550 2545/2549 
f 2549/2553 2550/2554 2546/2550 2548/2552 
f 2172/2176 2171/2175 2546/2550 2550/2554 
f 2551/2555 2552/2556 2550/2554 2549/2553 
f 2173/2177 2172/2176 2550/2554 2552/2556 
f 2553/2557 2178/2182 2552/2556 2551/2555 
f 2175/2179 2173/2177 2552/2556 2178/2182 
f 2554/2558 2555/2559 2553/2557 2551/2555 
f 2556/2560 2181/2185 2553/2557 2555/2559 
f 2179/2183 2178/2182 2553/2557 2181/2185 
f 2557/2561 2558/2562 2556/2560 2555/2559 
f 458/462 2184/2188 2556/2560 2558/2562 
f 2182/2186 2181/2185 2556/2560 2184/2188 
f 2559/2563 2560/2564 2558/2562 2557/2561 
f 457/461 458/462 2558/2562 2560/2564 
f 2561/2565 2562/2566 2560/2564 2559/2563 
f 454/458 457/461 2560/2564 2562/2566 
f 2563/2567 2564/2568 2562/2566 2561/2565 
f 2565/2569 454/458 2562/2566 2564/2568 
f 2566/2570 2567/2571 2565/2569 2564/2568 
f 2568/2572 2569/2573 2565/2569 2567/2571 
f 455/459 454/458 2565/2569 2569/2573 
f 2570/2574 2571/2575 2569/2573 2568/2572 
f 462/466 455/459 2569/2573 2571/2575 
f 2572/2576 2573/2577 2571/2575 2570/2574 
f 2574/2578 462/466 2571/2575 2573/2577 
f 2575/2579 2576/2580 2574/2578 2573/2577 
f 2577/2581 2578/2582 2574/2578 2576/2580 
f 463/467 462/466 2574/2578 2578/2582 
f 2579/2583 2580/2584 2578/2582 2577/2581 
f 464/468 463/467 2578/2582 2580/2584 
f 2581/2585 2582/2586 2580/2584 2579/2583 
f 2583/2587 464/468 2580/2584 2582/2586 
f 461/465 464/468 2583/2587 2584/2588 
f 2585/2589 2586/2590 2583/2587 2582/2586 
f 2587/2591 2584/2588 2583/2587 2586/2590 
f 2187/2191 2584/2588 2587/2591 2189/2193 
f 2588/2592 2589/2593 2587/2591 2586/2590 
f 2191/2195 2189/2193 2587/2591 2589/2593 
f 2590/2594 2591/2595 2589/2593 2588/2592 
f 2193/2197 2191/2195 2589/2593 2591/2595 
f 2592/2596 2593/2597 2591/2595 2590/2594 
f 2195/2199 2193/2197 2591/2595 2593/2597 
f 2594/2598 2595/2599 2593/2597 2592/2596 
f 2197/2201 2195/2199 2593/2597 2595/2599 
f 2596/2600 2597/2601 2595/2599 2594/2598 
f 2199/2203 2197/2201 2595/2599 2597/2601 
f 2598/2602 2599/2603 2597/2601 2596/2600 
f 2201/2205 2199/2203 2597/2601 2599/2603 
f 2600/2604 2601/2605 2599/2603 2598/2602 
f 2602/2606 2201/2205 2599/2603 2601/2605 
f 2202/2206 2201/2205 2602/2606 2204/2208 
f 2603/2607 2604/2608 2602/2606 2601/2605 
f 649/653 2204/2208 2602/2606 2604/2608 
f 2605/2609 2606/2610 2604/2608 2603/2607 
f 648/652 649/653 2604/2608 2606/2610 
f 2607/2611 2608/2612 2606/2610 2605/2609 
f 645/649 648/652 2606/2610 2608/2612 
f 2609/2613 2610/2614 2608/2612 2607/2611 
f 2611/2615 645/649 2608/2612 2610/2614 
f 646/650 645/649 2611/2615 2612/2616 
f 2613/2617 2614/2618 2611/2615 2610/2614 
f 2615/2619 2612/2616 2611/2615 2614/2618 
f 492/496 2612/2616 2615/2619 493/497 
f 2616/2620 2617/2621 2615/2619 2614/2618 
f 496/500 493/497 2615/2619 2617/2621 
f 2618/2622 2619/2623 2617/2621 2616/2620 
f 2620/2624 496/500 2617/2621 2619/2623 
f 497/501 496/500 2620/2624 2621/2625 
f 2622/2626 2623/2627 2620/2624 2619/2623 
f 2624/2628 2621/2625 2620/2624 2623/2627 
f 2625/2629 2621/2625 2624/2628 2626/2630 
f 2627/2631 2628/2632 2624/2628 2623/2627 
f 2629/2633 2626/2630 2624/2628 2628/2632 
f 2630/2634 2626/2630 2629/2633 2631/2635 
f 2632/2636 2633/2637 2629/2633 2628/2632 
f 2634/2638 2631/2635 2629/2633 2633/2637 
f 2635/2639 2631/2635 2634/2638 2636/2640 
f 2637/2641 2638/2642 2634/2638 2633/2637 
f 2639/2643 2636/2640 2634/2638 2638/2642 
f 2640/2644 2636/2640 2639/2643 2641/2645 
f 2642/2646 2643/2647 2639/2643 2638/2642 
f 2644/2648 2641/2645 2639/2643 2643/2647 
f 2645/2649 2641/2645 2644/2648 2646/2650 
f 2647/2651 2648/2652 2644/2648 2643/2647 
f 2649/2653 2646/2650 2644/2648 2648/2652 
f 2650/2654 2646/2650 2649/2653 2651/2655 
f 2652/2656 2653/2657 2649/2653 2648/2652 
f 2654/2658 2651/2655 2649/2653 2653/2657 
f 2655/2659 2651/2655 2654/2658 2656/2660 
f 2657/2661 2658/2662 2654/2658 2653/2657 
f 2659/2663 2656/2660 2654/2658 2658/2662 
f 2660/2664 2656/2660 2659/2663 2661/2665 
f 2662/2666 2663/2667 2659/2663 2658/2662 
f 2664/2668 2661/2665 2659/2663 2663/2667 
f 2665/2669 2661/2665 2664/2668 2666/2670 
f 2667/2671 2668/2672 2664/2668 2663/2667 
f 2669/2673 2666/2670 2664/2668 2668/2672 
f 2258/2262 2666/2670 2669/2673 2260/2264 
f 2670/2674 2671/2675 2669/2673 2668/2672 
f 2262/2266 2260/2264 2669/2673 2671/2675 
f 2672/2676 2673/2677 2671/2675 2670/2674 
f 2264/2268 2262/2266 2671/2675 2673/2677 
f 2674/2678 2675/2679 2673/2677 2672/2676 
f 2266/2270 2264/2268 2673/2677 2675/2679 
f 2676/2680 2677/2681 2675/2679 2674/2678 
f 2268/2272 2266/2270 2675/2679 2677/2681 
f 2678/2682 2679/2683 2677/2681 2676/2680 
f 2270/2274 2268/2272 2677/2681 2679/2683 
f 2680/2684 2276/2280 2679/2683 2678/2682 
f 2274/2278 2270/2274 2679/2683 2276/2280 
f 2681/2685 2682/2686 2680/2684 2678/2682 
f 2683/2687 2684/2688 2680/2684 2682/2686 
f 2277/2281 2276/2280 2680/2684 2684/2688 
f 2685/2689 2686/2690 2684/2688 2683/2687 
f 2278/2282 2277/2281 2684/2688 2686/2690 
f 2687/2691 2283/2287 2686/2690 2685/2689 
f 2280/2284 2278/2282 2686/2690 2283/2287 
f 2688/2692 2689/2693 2687/2691 2685/2689 
f 2690/2694 2286/2290 2687/2691 2689/2693 
f 2284/2288 2283/2287 2687/2691 2286/2290 
f 2691/2695 2692/2696 2690/2694 2689/2693 
f 2693/2697 2289/2293 2690/2694 2692/2696 
f 2287/2291 2286/2290 2690/2694 2289/2293 
f 2694/2698 2695/2699 2693/2697 2692/2696 
f 2696/2700 2292/2296 2693/2697 2695/2699 
f 2290/2294 2289/2293 2693/2697 2292/2296 
f 2697/2701 2698/2702 2696/2700 2695/2699 
f 2699/2703 2295/2299 2696/2700 2698/2702 
f 2293/2297 2292/2296 2696/2700 2295/2299 
f 2700/2704 2701/2705 2699/2703 2698/2702 
f 2702/2706 2298/2302 2699/2703 2701/2705 
f 2296/2300 2295/2299 2699/2703 2298/2302 
f 2703/2707 2704/2708 2702/2706 2701/2705 
f 2705/2709 2706/2710 2702/2706 2704/2708 
f 2299/2303 2298/2302 2702/2706 2706/2710 
f 2707/2711 2708/2712 2706/2710 2705/2709 
f 2300/2304 2299/2303 2706/2710 2708/2712 
f 2709/2713 2710/2714 2708/2712 2707/2711 
f 2302/2306 2300/2304 2708/2712 2710/2714 
f 2310/2314 2308/2312 2710/2714 2709/2713 
f 2304/2308 2302/2306 2710/2714 2308/2312 
f 2711/2715 2712/2716 2709/2713 2707/2711 
f 2713/2717 2310/2314 2709/2713 2712/2716 
f 2714/2718 2715/2719 2713/2717 2712/2716 
f 2716/2720 2313/2317 2713/2717 2715/2719 
f 2311/2315 2310/2314 2713/2717 2313/2317 
f 2717/2721 2718/2722 2716/2720 2715/2719 
f 2719/2723 2316/2320 2716/2720 2718/2722 
f 2314/2318 2313/2317 2716/2720 2316/2320 
f 2720/2724 2721/2725 2719/2723 2718/2722 
f 2722/2726 2723/2727 2719/2723 2721/2725 
f 2317/2321 2316/2320 2719/2723 2723/2727 
f 2724/2728 2725/2729 2723/2727 2722/2726 
f 2318/2322 2317/2321 2723/2727 2725/2729 
f 2726/2730 2727/2731 2725/2729 2724/2728 
f 2320/2324 2318/2322 2725/2729 2727/2731 
f 254/258 257/261 2727/2731 2726/2730 
f 260/264 2320/2324 2727/2731 257/261 
f 278/282 279/283 2726/2730 2724/2728 
f 264/268 254/258 2726/2730 279/283 
f 2728/2732 278/282 2724/2728 2722/2726 
f 2721/2725 2729/2733 2728/2732 2722/2726 
f 2730/2734 2731/2735 2728/2732 2729/2733 
f 275/279 278/282 2728/2732 2731/2735 
f 2732/2736 2733/2737 2731/2735 2730/2734 
f 272/276 275/279 2731/2735 2733/2737 
f 2734/2738 2735/2739 2733/2737 2732/2736 
f 2736/2740 272/276 2733/2737 2735/2739 
f 2737/2741 2738/2742 2736/2740 2735/2739 
f 382/386 2739/2743 2736/2740 2738/2742 
f 273/277 272/276 2736/2740 2739/2743 
f 385/389 2740/2744 2739/2743 382/386 
f 276/280 273/277 2739/2743 2740/2744 
f 386/390 2741/2745 2740/2744 385/389 
f 2742/2746 276/280 2740/2744 2741/2745 
f 2743/2747 2744/2748 2742/2746 2741/2745 
f 2745/2749 2746/2750 2742/2746 2744/2748 
f 277/281 276/280 2742/2746 2746/2750 
f 2747/2751 2748/2752 2746/2750 2745/2749 
f 280/284 277/281 2746/2750 2748/2752 
f 2749/2753 2750/2754 2748/2752 2747/2751 
f 380/384 280/284 2748/2752 2750/2754 
f 2751/2755 2752/2756 2750/2754 2749/2753 
f 378/382 380/384 2750/2754 2752/2756 
f 2753/2757 2754/2758 2752/2756 2751/2755 
f 2755/2759 378/382 2752/2756 2754/2758 
f 2756/2760 2330/2334 2755/2759 2754/2758 
f 2328/2332 2327/2331 2755/2759 2330/2334 
f 379/383 378/382 2755/2759 2327/2331 
f 2753/2757 2757/2761 2756/2760 2754/2758 
f 2339/2343 2333/2337 2756/2760 2757/2761 
f 2331/2335 2330/2334 2756/2760 2333/2337 
f 2758/2762 2759/2763 2757/2761 2753/2757 
f 2337/2341 2339/2343 2757/2761 2759/2763 
f 244/248 243/247 2759/2763 2758/2762 
f 2340/2344 2337/2341 2759/2763 243/247 
f 251/255 244/248 2758/2762 2760/2764 
f 2751/2755 2760/2764 2758/2762 2753/2757 
f 2761/2765 251/255 2760/2764 2762/2766 
f 2749/2753 2762/2766 2760/2764 2751/2755 
f 2763/2767 2764/2768 2761/2765 2765/2769 
f 252/256 251/255 2761/2765 2764/2768 
f 2766/2770 2765/2769 2761/2765 2762/2766 
f 2767/2771 2765/2769 2766/2770 2768/2772 
f 2749/2753 2747/2751 2766/2770 2762/2766 
f 2745/2749 2768/2772 2766/2770 2747/2751 
f 2769/2773 2770/2774 2767/2771 2771/2775 
f 2763/2767 2765/2769 2767/2771 2770/2774 
f 2772/2776 2771/2775 2767/2771 2768/2772 
f 2773/2777 2771/2775 2772/2776 2774/2778 
f 2745/2749 2744/2748 2772/2776 2768/2772 
f 2743/2747 2774/2778 2772/2776 2744/2748 
f 2775/2779 2776/2780 2773/2777 2777/2781 
f 2769/2773 2771/2775 2773/2777 2776/2780 
f 2778/2782 2777/2781 2773/2777 2774/2778 
f 2779/2783 2777/2781 2778/2782 2780/2784 
f 2743/2747 2781/2785 2778/2782 2774/2778 
f 2782/2786 2780/2784 2778/2782 2781/2785 
f 2783/2787 2780/2784 2782/2786 2784/2788 
f 386/390 387/391 2782/2786 2781/2785 
f 388/392 2784/2788 2782/2786 387/391 
f 2785/2789 2786/2790 2783/2787 2787/2791 
f 2779/2783 2780/2784 2783/2787 2786/2790 
f 2788/2792 2787/2791 2783/2787 2784/2788 
f 2789/2793 2787/2791 2788/2792 2790/2794 
f 388/392 2791/2795 2788/2792 2784/2788 
f 2792/2796 2790/2794 2788/2792 2791/2795 
f 2793/2797 2790/2794 2792/2796 2794/2798 
f 2795/2799 2796/2800 2792/2796 2791/2795 
f 2797/2801 2794/2798 2792/2796 2796/2800 
f 2798/2802 2799/2803 2797/2801 2800/2804 
f 2801/2805 2794/2798 2797/2801 2799/2803 
f 2737/2741 2800/2804 2797/2801 2796/2800 
f 2802/2806 2803/2807 2801/2805 2799/2803 
f 2804/2808 2805/2809 2801/2805 2803/2807 
f 2793/2797 2794/2798 2801/2805 2805/2809 
f 2806/2810 2807/2811 2805/2809 2804/2808 
f 2808/2812 2793/2797 2805/2809 2807/2811 
f 2809/2813 2810/2814 2808/2812 2807/2811 
f 2811/2815 2789/2793 2808/2812 2810/2814 
f 2790/2794 2793/2797 2808/2812 2789/2793 
f 2812/2816 2813/2817 2811/2815 2810/2814 
f 2814/2818 2785/2789 2811/2815 2813/2817 
f 2787/2791 2789/2793 2811/2815 2785/2789 
f 2815/2819 2816/2820 2814/2818 2813/2817 
f 2817/2821 2818/2822 2814/2818 2816/2820 
f 2786/2790 2785/2789 2814/2818 2818/2822 
f 2819/2823 2820/2824 2818/2822 2817/2821 
f 2779/2783 2786/2790 2818/2822 2820/2824 
f 2821/2825 2775/2779 2820/2824 2819/2823 
f 2777/2781 2779/2783 2820/2824 2775/2779 
f 2822/2826 2823/2827 2821/2825 2819/2823 
f 2824/2828 2825/2829 2821/2825 2823/2827 
f 2776/2780 2775/2779 2821/2825 2825/2829 
f 2826/2830 2827/2831 2825/2829 2824/2828 
f 2769/2773 2776/2780 2825/2829 2827/2831 
f 2828/2832 2829/2833 2827/2831 2826/2830 
f 2770/2774 2769/2773 2827/2831 2829/2833 
f 2830/2834 2831/2835 2829/2833 2828/2832 
f 2763/2767 2770/2774 2829/2833 2831/2835 
f 2832/2836 2833/2837 2831/2835 2830/2834 
f 2764/2768 2763/2767 2831/2835 2833/2837 
f 2834/2838 253/257 2833/2837 2832/2836 
f 252/256 2764/2768 2833/2837 253/257 
f 2835/2839 2836/2840 2834/2838 2832/2836 
f 2837/2841 2838/2842 2834/2838 2836/2840 
f 250/254 253/257 2834/2838 2838/2842 
f 2839/2843 2840/2844 2838/2842 2837/2841 
f 249/253 250/254 2838/2842 2840/2844 
f 2841/2845 2842/2846 2840/2844 2839/2843 
f 2843/2847 249/253 2840/2844 2842/2846 
f 2844/2848 2845/2849 2843/2847 2842/2846 
f 2846/2850 2847/2851 2843/2847 2845/2849 
f 248/252 249/253 2843/2847 2847/2851 
f 2848/2852 2849/2853 2847/2851 2846/2850 
f 247/251 248/252 2847/2851 2849/2853 
f 2850/2854 2851/2855 2849/2853 2848/2852 
f 2852/2856 247/251 2849/2853 2851/2855 
f 246/250 247/251 2852/2856 2342/2346 
f 2853/2857 2345/2349 2852/2856 2851/2855 
f 2343/2347 2342/2346 2852/2856 2345/2349 
f 2850/2854 2354/2358 2853/2857 2851/2855 
f 2351/2355 2349/2353 2853/2857 2354/2358 
f 2346/2350 2345/2349 2853/2857 2349/2353 
f 2854/2858 2855/2859 2850/2854 2848/2852 
f 2355/2359 2354/2358 2850/2854 2855/2859 
f 2856/2860 2857/2861 2855/2859 2854/2858 
f 2356/2360 2355/2359 2855/2859 2857/2861 
f 212/216 2361/2365 2857/2861 2856/2860 
f 2358/2362 2356/2360 2857/2861 2361/2365 
f 2858/2862 2859/2863 2856/2860 2854/2858 
f 208/212 212/216 2856/2860 2859/2863 
f 2860/2864 2861/2865 2859/2863 2858/2862 
f 206/210 208/212 2859/2863 2861/2865 
f 2862/2866 2863/2867 2861/2865 2860/2864 
f 2864/2868 206/210 2861/2865 2863/2867 
f 2865/2869 2866/2870 2864/2868 2863/2867 
f 2867/2871 2868/2872 2864/2868 2866/2870 
f 207/211 206/210 2864/2868 2868/2872 
f 2869/2873 2870/2874 2868/2872 2867/2871 
f 211/215 207/211 2868/2872 2870/2874 
f 2871/2875 2872/2876 2870/2874 2869/2873 
f 2873/2877 211/215 2870/2874 2872/2876 
f 2874/2878 2875/2879 2873/2877 2872/2876 
f 2876/2880 2877/2881 2873/2877 2875/2879 
f 210/214 211/215 2873/2877 2877/2881 
f 2878/2882 2879/2883 2877/2881 2876/2880 
f 209/213 210/214 2877/2881 2879/2883 
f 2880/2884 2881/2885 2879/2883 2878/2882 
f 2882/2886 209/213 2879/2883 2881/2885 
f 205/209 209/213 2882/2886 2883/2887 
f 2884/2888 2885/2889 2882/2886 2881/2885 
f 2886/2890 2883/2887 2882/2886 2885/2889 
f 2364/2368 2883/2887 2886/2890 2366/2370 
f 2887/2891 2888/2892 2886/2890 2885/2889 
f 2368/2372 2366/2370 2886/2890 2888/2892 
f 2378/2382 2376/2380 2888/2892 2887/2891 
f 2370/2374 2368/2372 2888/2892 2376/2380 
f 2884/2888 2889/2893 2887/2891 2885/2889 
f 2380/2384 2378/2382 2887/2891 2889/2893 
f 2890/2894 2891/2895 2889/2893 2884/2888 
f 2892/2896 2380/2384 2889/2893 2891/2895 
f 2893/2897 2894/2898 2892/2896 2891/2895 
f 2895/2899 2383/2387 2892/2896 2894/2898 
f 2381/2385 2380/2384 2892/2896 2383/2387 
f 2896/2900 2897/2901 2895/2899 2894/2898 
f 2898/2902 2899/2903 2895/2899 2897/2901 
f 2384/2388 2383/2387 2895/2899 2899/2903 
f 2391/2395 2389/2393 2899/2903 2898/2902 
f 2385/2389 2384/2388 2899/2903 2389/2393 
f 2900/2904 2901/2905 2898/2902 2897/2901 
f 2393/2397 2391/2395 2898/2902 2901/2905 
f 2902/2906 2903/2907 2901/2905 2900/2904 
f 2395/2399 2393/2397 2901/2905 2903/2907 
f 2403/2407 2401/2405 2903/2907 2902/2906 
f 2397/2401 2395/2399 2903/2907 2401/2405 
f 2904/2908 2905/2909 2902/2906 2900/2904 
f 2906/2910 2403/2407 2902/2906 2905/2909 
f 2907/2911 2908/2912 2906/2910 2905/2909 
f 2909/2913 2406/2410 2906/2910 2908/2912 
f 2404/2408 2403/2407 2906/2910 2406/2410 
f 2910/2914 2911/2915 2909/2913 2908/2912 
f 2912/2916 2913/2917 2909/2913 2911/2915 
f 2407/2411 2406/2410 2909/2913 2913/2917 
f 2914/2918 2915/2919 2913/2917 2912/2916 
f 2408/2412 2407/2411 2913/2917 2915/2919 
f 2916/2920 2917/2921 2915/2919 2914/2918 
f 2410/2414 2408/2412 2915/2919 2917/2921 
f 2918/2922 2919/2923 2917/2921 2916/2920 
f 2412/2416 2410/2414 2917/2921 2919/2923 
f 2920/2924 2418/2422 2919/2923 2918/2922 
f 2416/2420 2412/2416 2919/2923 2418/2422 
f 2921/2925 2922/2926 2920/2924 2918/2922 
f 2923/2927 2924/2928 2920/2924 2922/2926 
f 2419/2423 2418/2422 2920/2924 2924/2928 
f 2925/2929 2926/2930 2924/2928 2923/2927 
f 2420/2424 2419/2423 2924/2928 2926/2930 
f 2927/2931 2425/2429 2926/2930 2925/2929 
f 2422/2426 2420/2424 2926/2930 2425/2429 
f 2928/2932 2929/2933 2927/2931 2925/2929 
f 2930/2934 2428/2432 2927/2931 2929/2933 
f 2426/2430 2425/2429 2927/2931 2428/2432 
f 2931/2935 2932/2936 2930/2934 2929/2933 
f 2933/2937 2431/2435 2930/2934 2932/2936 
f 2429/2433 2428/2432 2930/2934 2431/2435 
f 2934/2938 2935/2939 2933/2937 2932/2936 
f 2936/2940 2434/2438 2933/2937 2935/2939 
f 2432/2436 2431/2435 2933/2937 2434/2438 
f 504/508 503/507 2936/2940 2935/2939 
f 2937/2941 2938/2942 2936/2940 503/507 
f 2435/2439 2434/2438 2936/2940 2938/2942 
f 2939/2943 2940/2944 2938/2942 2937/2941 
f 2436/2440 2435/2439 2938/2942 2940/2944 
f 2941/2945 2942/2946 2940/2944 2939/2943 
f 2438/2442 2436/2440 2940/2944 2942/2946 
f 2943/2947 2944/2948 2942/2946 2941/2945 
f 2440/2444 2438/2442 2942/2946 2944/2948 
f 2945/2949 2946/2950 2944/2948 2943/2947 
f 2442/2446 2440/2444 2944/2948 2946/2950 
f 2947/2951 2948/2952 2946/2950 2945/2949 
f 2444/2448 2442/2446 2946/2950 2948/2952 
f 2949/2953 2950/2954 2948/2952 2947/2951 
f 2446/2450 2444/2448 2948/2952 2950/2954 
f 2951/2955 2952/2956 2950/2954 2949/2953 
f 2448/2452 2446/2450 2950/2954 2952/2956 
f 2953/2957 2954/2958 2952/2956 2951/2955 
f 2450/2454 2448/2452 2952/2956 2954/2958 
f 2955/2959 2956/2960 2954/2958 2953/2957 
f 2452/2456 2450/2454 2954/2958 2956/2960 
f 2957/2961 2958/2962 2956/2960 2955/2959 
f 2959/2963 2452/2456 2956/2960 2958/2962 
f 2960/2964 2961/2965 2959/2963 2958/2962 
f 2962/2966 2455/2459 2959/2963 2961/2965 
f 2453/2457 2452/2456 2959/2963 2455/2459 
f 2963/2967 2964/2968 2962/2966 2961/2965 
f 2460/2464 2458/2462 2962/2966 2964/2968 
f 2456/2460 2455/2459 2962/2966 2458/2462 
f 2965/2969 2966/2970 2964/2968 2963/2967 
f 2462/2466 2460/2464 2964/2968 2966/2970 
f 2967/2971 2968/2972 2966/2970 2965/2969 
f 2969/2973 2462/2466 2966/2970 2968/2972 
f 2970/2974 2971/2975 2969/2973 2968/2972 
f 2972/2976 2465/2469 2969/2973 2971/2975 
f 2463/2467 2462/2466 2969/2973 2465/2469 
f 100/101 2476/2480 2972/2976 2971/2975 
f 2474/2478 2468/2472 2972/2976 2476/2480 
f 2466/2470 2465/2469 2972/2976 2468/2472 
f 99/100 100/101 2971/2975 2970/2974 
f 2967/2971 2973/2977 2970/2974 2968/2972 
f 96/97 99/100 2970/2974 2973/2977 
f 2974/2978 2975/2979 2973/2977 2967/2971 
f 2976/2980 96/97 2973/2977 2975/2979 
f 2977/2981 2978/2982 2976/2980 2975/2979 
f 2979/2983 2980/2984 2976/2980 2978/2982 
f 97/98 96/97 2976/2980 2980/2984 
f 2481/2485 2479/2483 2980/2984 2979/2983 
f 102/103 97/98 2980/2984 2479/2483 
f 2981/2985 2982/2986 2979/2983 2978/2982 
f 2483/2487 2481/2485 2979/2983 2982/2986 
f 2983/2987 2984/2988 2982/2986 2981/2985 
f 2485/2489 2483/2487 2982/2986 2984/2988 
f 2985/2989 2986/2990 2984/2988 2983/2987 
f 2487/2491 2485/2489 2984/2988 2986/2990 
f 2987/2991 2988/2992 2986/2990 2985/2989 
f 2989/2993 2487/2491 2986/2990 2988/2992 
f 2990/2994 2991/2995 2989/2993 2988/2992 
f 2992/2996 2490/2494 2989/2993 2991/2995 
f 2488/2492 2487/2491 2989/2993 2490/2494 
f 2993/2997 2994/2998 2992/2996 2991/2995 
f 2995/2999 2493/2497 2992/2996 2994/2998 
f 2491/2495 2490/2494 2992/2996 2493/2497 
f 2996/3000 2997/3001 2995/2999 2994/2998 
f 2998/3002 2999/3003 2995/2999 2997/3001 
f 2494/2498 2493/2497 2995/2999 2999/3003 
f 3000/3004 3001/3005 2999/3003 2998/3002 
f 2495/2499 2494/2498 2999/3003 3001/3005 
f 3002/3006 3003/3007 3001/3005 3000/3004 
f 2497/2501 2495/2499 3001/3005 3003/3007 
f 3004/3008 3005/3009 3003/3007 3002/3006 
f 2499/2503 2497/2501 3003/3007 3005/3009 
f 3006/3010 2504/2508 3005/3009 3004/3008 
f 2501/2505 2499/2503 3005/3009 2504/2508 
f 3007/3011 3008/3012 3006/3010 3004/3008 
f 2509/2513 2507/2511 3006/3010 3008/3012 
f 2505/2509 2504/2508 3006/3010 2507/2511 
f 3009/3013 3010/3014 3008/3012 3007/3011 
f 2511/2515 2509/2513 3008/3012 3010/3014 
f 3011/3015 3012/3016 3010/3014 3009/3013 
f 2513/2517 2511/2515 3010/3014 3012/3016 
f 3013/3017 3014/3018 3012/3016 3011/3015 
f 2515/2519 2513/2517 3012/3016 3014/3018 
f 3015/3019 3016/3020 3014/3018 3013/3017 
f 2517/2521 2515/2519 3014/3018 3016/3020 
f 3017/3021 3018/3022 3016/3020 3015/3019 
f 3019/3023 2517/2521 3016/3020 3018/3022 
f 3020/3024 3021/3025 3019/3023 3018/3022 
f 3022/3026 2520/2524 3019/3023 3021/3025 
f 2518/2522 2517/2521 3019/3023 2520/2524 
f 3023/3027 143/144 3022/3026 3021/3025 
f 141/142 2523/2527 3022/3026 143/144 
f 2521/2525 2520/2524 3022/3026 2523/2527 
f 3024/3028 3025/3029 3023/3027 3026/3030 
f 139/140 143/144 3023/3027 3025/3029 
f 3020/3024 3026/3030 3023/3027 3021/3025 
f 3027/3031 3028/3032 3025/3029 3024/3028 
f 136/137 139/140 3025/3029 3028/3032 
f 3029/3033 3030/3034 3028/3035 3027/3036 
f 149/153 136/152 3028/3035 3030/3034 
f 3031/3037 3032/3038 3030/3034 3029/3033 
f 150/154 149/153 3030/3034 3032/3038 
f 3033/3039 3034/3040 3032/3038 3031/3037 
f 3035/3041 150/154 3032/3038 3034/3040 
f 3036/3042 3037/3043 3035/3041 3034/3040 
f 3038/3044 3039/3045 3035/3041 3037/3043 
f 148/151 150/154 3035/3041 3039/3045 
f 3040/3046 3041/3047 3039/3045 3038/3044 
f 144/148 148/151 3039/3045 3041/3047 
f 3042/3048 3043/3049 3041/3050 3040/3051 
f 145/146 144/145 3041/3050 3043/3049 
f 3044/3052 3045/3053 3043/3049 3042/3048 
f 146/147 145/146 3043/3049 3045/3053 
f 3046/3054 3047/3055 3045/3053 3044/3052 
f 3048/3056 146/147 3045/3053 3047/3055 
f 3049/3057 3050/3058 3048/3056 3047/3055 
f 3051/3059 3052/3060 3048/3056 3050/3058 
f 142/143 146/147 3048/3056 3052/3060 
f 2527/2531 2526/2530 3052/3060 3051/3059 
f 140/141 142/143 3052/3060 2526/2530 
f 3053/3061 3054/3062 3051/3059 3050/3058 
f 2529/2533 2527/2531 3051/3059 3054/3062 
f 3055/3063 3056/3064 3054/3062 3053/3061 
f 2531/2535 2529/2533 3054/3062 3056/3064 
f 3057/3065 3058/3066 3056/3064 3055/3063 
f 2533/2537 2531/2535 3056/3064 3058/3066 
f 3059/3067 3060/3068 3058/3066 3057/3065 
f 2535/2539 2533/2537 3058/3066 3060/3068 
f 3061/3069 3062/3070 3060/3068 3059/3067 
f 2537/2541 2535/2539 3060/3068 3062/3070 
f 3063/3071 3064/3072 3062/3070 3061/3069 
f 2539/2543 2537/2541 3062/3070 3064/3072 
f 3065/3073 3066/3074 3064/3072 3063/3071 
f 3067/3075 2539/2543 3064/3072 3066/3074 
f 3068/3076 453/457 3067/3075 3066/3074 
f 448/452 2542/2546 3067/3075 453/457 
f 2540/2544 2539/2543 3067/3075 2542/2546 
f 3065/3073 3069/3077 3068/3076 3066/3074 
f 3070/3078 3071/3079 3068/3076 3069/3077 
f 452/456 453/457 3068/3076 3071/3079 
f 3072/3080 3073/3081 3071/3079 3070/3078 
f 451/455 452/456 3071/3079 3073/3081 
f 3074/3082 3075/3083 3073/3081 3072/3080 
f 3076/3084 451/455 3073/3081 3075/3083 
f 450/454 451/455 3076/3084 2547/2551 
f 3077/3085 3078/3086 3076/3084 3075/3083 
f 2548/2552 2547/2551 3076/3084 3078/3086 
f 3079/3087 3080/3088 3078/3086 3077/3085 
f 2549/2553 2548/2552 3078/3086 3080/3088 
f 3081/3089 2554/2558 3080/3088 3079/3087 
f 2551/2555 2549/2553 3080/3088 2554/2558 
f 3082/3090 3083/3091 3081/3089 3079/3087 
f 2559/2563 2557/2561 3081/3089 3083/3091 
f 2555/2559 2554/2558 3081/3089 2557/2561 
f 3084/3092 3085/3093 3083/3091 3082/3090 
f 2561/2565 2559/2563 3083/3091 3085/3093 
f 3086/3094 3087/3095 3085/3093 3084/3092 
f 2563/2567 2561/2565 3085/3093 3087/3095 
f 3088/3096 3089/3097 3087/3095 3086/3094 
f 3090/3098 2563/2567 3087/3095 3089/3097 
f 3091/3099 3092/3100 3090/3098 3089/3097 
f 3093/3101 2566/2570 3090/3098 3092/3100 
f 2564/2568 2563/2567 3090/3098 2566/2570 
f 3094/3102 3095/3103 3093/3101 3092/3100 
f 3096/3104 3097/3105 3093/3101 3095/3103 
f 2567/2571 2566/2570 3093/3101 3097/3105 
f 3098/3106 3099/3107 3097/3105 3096/3104 
f 2568/2572 2567/2571 3097/3105 3099/3107 
f 3100/3108 3101/3109 3099/3107 3098/3106 
f 2570/2574 2568/2572 3099/3107 3101/3109 
f 3102/3110 3103/3111 3101/3109 3100/3108 
f 2572/2576 2570/2574 3101/3109 3103/3111 
f 3104/3112 3105/3113 3103/3111 3102/3110 
f 3106/3114 2572/2576 3103/3111 3105/3113 
f 3107/3115 3108/3116 3106/3114 3105/3113 
f 3109/3117 2575/2579 3106/3114 3108/3116 
f 2573/2577 2572/2576 3106/3114 2575/2579 
f 3110/3118 3111/3119 3109/3117 3108/3116 
f 3112/3120 3113/3121 3109/3117 3111/3119 
f 2576/2580 2575/2579 3109/3117 3113/3121 
f 3114/3122 3115/3123 3113/3121 3112/3120 
f 2577/2581 2576/2580 3113/3121 3115/3123 
f 3116/3124 3117/3125 3115/3123 3114/3122 
f 2579/2583 2577/2581 3115/3123 3117/3125 
f 3118/3126 3119/3127 3117/3125 3116/3124 
f 2581/2585 2579/2583 3117/3125 3119/3127 
f 3120/3128 3121/3129 3119/3127 3118/3126 
f 3122/3130 2581/2585 3119/3127 3121/3129 
f 2582/2586 2581/2585 3122/3130 2585/2589 
f 3123/3131 3124/3132 3122/3130 3121/3129 
f 3125/3133 2585/2589 3122/3130 3124/3132 
f 2586/2590 2585/2589 3125/3133 2588/2592 
f 3126/3134 3127/3135 3125/3133 3124/3132 
f 2590/2594 2588/2592 3125/3133 3127/3135 
f 3128/3136 3129/3137 3127/3135 3126/3134 
f 2592/2596 2590/2594 3127/3135 3129/3137 
f 3130/3138 3131/3139 3129/3137 3128/3136 
f 2594/2598 2592/2596 3129/3137 3131/3139 
f 3132/3140 3133/3141 3131/3139 3130/3138 
f 2596/2600 2594/2598 3131/3139 3133/3141 
f 3134/3142 3135/3143 3133/3141 3132/3140 
f 2598/2602 2596/2600 3133/3141 3135/3143 
f 3136/3144 3137/3145 3135/3143 3134/3142 
f 2600/2604 2598/2602 3135/3143 3137/3145 
f 3138/3146 3139/3147 3137/3145 3136/3144 
f 3140/3148 2600/2604 3137/3145 3139/3147 
f 2601/2605 2600/2604 3140/3148 2603/2607 
f 3141/3149 3142/3150 3140/3148 3139/3147 
f 2605/2609 2603/2607 3140/3148 3142/3150 
f 3143/3151 3144/3152 3142/3150 3141/3149 
f 2607/2611 2605/2609 3142/3150 3144/3152 
f 3145/3153 3146/3154 3144/3152 3143/3151 
f 2609/2613 2607/2611 3144/3152 3146/3154 
f 3147/3155 3148/3156 3146/3154 3145/3153 
f 3149/3157 2609/2613 3146/3154 3148/3156 
f 2610/2614 2609/2613 3149/3157 2613/2617 
f 3150/3158 3151/3159 3149/3157 3148/3156 
f 3152/3160 2613/2617 3149/3157 3151/3159 
f 2614/2618 2613/2617 3152/3160 2616/2620 
f 3153/3161 3154/3162 3152/3160 3151/3159 
f 2618/2622 2616/2620 3152/3160 3154/3162 
f 3155/3163 3156/3164 3154/3162 3153/3161 
f 3157/3165 2618/2622 3154/3162 3156/3164 
f 2619/2623 2618/2622 3157/3165 2622/2626 
f 3158/3166 3159/3167 3157/3165 3156/3164 
f 3160/3168 2622/2626 3157/3165 3159/3167 
f 2623/2627 2622/2626 3160/3168 2627/2631 
f 3161/3169 3162/3170 3160/3168 3159/3167 
f 3163/3171 2627/2631 3160/3168 3162/3170 
f 2628/2632 2627/2631 3163/3171 2632/2636 
f 3164/3172 3165/3173 3163/3171 3162/3170 
f 3166/3174 2632/2636 3163/3171 3165/3173 
f 2633/2637 2632/2636 3166/3174 2637/2641 
f 3167/3175 3168/3176 3166/3174 3165/3173 
f 3169/3177 2637/2641 3166/3174 3168/3176 
f 2638/2642 2637/2641 3169/3177 2642/2646 
f 527/531 3170/3178 3169/3177 3168/3176 
f 3171/3179 2642/2646 3169/3177 3170/3178 
f 2643/2647 2642/2646 3171/3179 2647/2651 
f 3172/3180 3173/3181 3171/3179 3170/3178 
f 3174/3182 2647/2651 3171/3179 3173/3181 
f 2648/2652 2647/2651 3174/3182 2652/2656 
f 3175/3183 3176/3184 3174/3182 3173/3181 
f 3177/3185 2652/2656 3174/3182 3176/3184 
f 2653/2657 2652/2656 3177/3185 2657/2661 
f 3178/3186 3179/3187 3177/3185 3176/3184 
f 3180/3188 2657/2661 3177/3185 3179/3187 
f 2658/2662 2657/2661 3180/3188 2662/2666 
f 3181/3189 3182/3190 3180/3188 3179/3187 
f 3183/3191 2662/2666 3180/3188 3182/3190 
f 2663/2667 2662/2666 3183/3191 2667/2671 
f 3184/3192 3185/3193 3183/3191 3182/3190 
f 3186/3194 2667/2671 3183/3191 3185/3193 
f 2668/2672 2667/2671 3186/3194 2670/2674 
f 3187/3195 3188/3196 3186/3194 3185/3193 
f 2672/2676 2670/2674 3186/3194 3188/3196 
f 3189/3197 3190/3198 3188/3196 3187/3195 
f 2674/2678 2672/2676 3188/3196 3190/3198 
f 3191/3199 3192/3200 3190/3198 3189/3197 
f 2676/2680 2674/2678 3190/3198 3192/3200 
f 3193/3201 2681/2685 3192/3200 3191/3199 
f 2678/2682 2676/2680 3192/3200 2681/2685 
f 3194/3202 3195/3203 3193/3201 3191/3199 
f 3196/3204 3197/3205 3193/3201 3195/3203 
f 2682/2686 2681/2685 3193/3201 3197/3205 
f 3198/3206 3199/3207 3197/3205 3196/3204 
f 2683/2687 2682/2686 3197/3205 3199/3207 
f 3200/3208 2688/2692 3199/3207 3198/3206 
f 2685/2689 2683/2687 3199/3207 2688/2692 
f 3201/3209 3202/3210 3200/3208 3198/3206 
f 3203/3211 2691/2695 3200/3208 3202/3210 
f 2689/2693 2688/2692 3200/3208 2691/2695 
f 3204/3212 3205/3213 3203/3211 3202/3210 
f 3206/3214 2694/2698 3203/3211 3205/3213 
f 2692/2696 2691/2695 3203/3211 2694/2698 
f 3207/3215 3208/3216 3206/3214 3205/3213 
f 3209/3217 2697/2701 3206/3214 3208/3216 
f 2695/2699 2694/2698 3206/3214 2697/2701 
f 3210/3218 3211/3219 3209/3217 3208/3216 
f 3212/3220 2700/2704 3209/3217 3211/3219 
f 2698/2702 2697/2701 3209/3217 2700/2704 
f 3213/3221 3214/3222 3212/3220 3211/3219 
f 3215/3223 2703/2707 3212/3220 3214/3222 
f 2701/2705 2700/2704 3212/3220 2703/2707 
f 3216/3224 3217/3225 3215/3223 3214/3222 
f 3218/3226 3219/3227 3215/3223 3217/3225 
f 2704/2708 2703/2707 3215/3223 3219/3227 
f 3220/3228 3221/3229 3219/3227 3218/3226 
f 2705/2709 2704/2708 3219/3227 3221/3229 
f 3222/3230 2711/2715 3221/3229 3220/3228 
f 2707/2711 2705/2709 3221/3229 2711/2715 
f 3223/3231 3224/3232 3222/3230 3220/3228 
f 3225/3233 2714/2718 3222/3230 3224/3232 
f 2712/2716 2711/2715 3222/3230 2714/2718 
f 3226/3234 3227/3235 3225/3233 3224/3232 
f 3228/3236 2717/2721 3225/3233 3227/3235 
f 2715/2719 2714/2718 3225/3233 2717/2721 
f 3229/3237 3230/3238 3228/3236 3227/3235 
f 3231/3239 2720/2724 3228/3236 3230/3238 
f 2718/2722 2717/2721 3228/3236 2720/2724 
f 3232/3240 3233/3241 3231/3239 3230/3238 
f 2730/2734 2729/2733 3231/3239 3233/3241 
f 2721/2725 2720/2724 3231/3239 2729/2733 
f 3234/3242 3235/3243 3233/3241 3232/3240 
f 2732/2736 2730/2734 3233/3241 3235/3243 
f 3236/3244 3237/3245 3235/3243 3234/3242 
f 2734/2738 2732/2736 3235/3243 3237/3245 
f 3238/3246 2798/2802 3237/3245 3236/3244 
f 2800/2804 2734/2738 3237/3245 2798/2802 
f 3239/3247 3240/3248 3238/3246 3236/3244 
f 3241/3249 2802/2806 3238/3246 3240/3248 
f 2799/2803 2798/2802 3238/3246 2802/2806 
f 3242/3250 3243/3251 3241/3249 3240/3248 
f 3244/3252 3245/3253 3241/3249 3243/3251 
f 2803/2807 2802/2806 3241/3249 3245/3253 
f 3246/3254 3247/3255 3245/3253 3244/3252 
f 2804/2808 2803/2807 3245/3253 3247/3255 
f 3248/3256 3249/3257 3247/3255 3246/3254 
f 2806/2810 2804/2808 3247/3255 3249/3257 
f 302/306 305/309 3249/3257 3248/3256 
f 3250/3258 2806/2810 3249/3257 305/309 
f 304/308 3251/3259 3250/3258 305/309 
f 3252/3260 2809/2813 3250/3258 3251/3259 
f 2807/2811 2806/2810 3250/3258 2809/2813 
f 3253/3261 3254/3262 3252/3260 3251/3259 
f 3255/3263 2812/2816 3252/3260 3254/3262 
f 2810/2814 2809/2813 3252/3260 2812/2816 
f 3256/3264 3257/3265 3255/3263 3254/3262 
f 3258/3266 2815/2819 3255/3263 3257/3265 
f 2813/2817 2812/2816 3255/3263 2815/2819 
f 3259/3267 3260/3268 3258/3266 3257/3265 
f 3261/3269 3262/3270 3258/3266 3260/3268 
f 2816/2820 2815/2819 3258/3266 3262/3270 
f 3263/3271 3264/3272 3262/3270 3261/3269 
f 2817/2821 2816/2820 3262/3270 3264/3272 
f 3265/3273 2822/2826 3264/3272 3263/3271 
f 2819/2823 2817/2821 3264/3272 2822/2826 
f 3266/3274 3267/3275 3265/3273 3263/3271 
f 3268/3276 3269/3277 3265/3273 3267/3275 
f 2823/2827 2822/2826 3265/3273 3269/3277 
f 3270/3278 3271/3279 3269/3277 3268/3276 
f 2824/2828 2823/2827 3269/3277 3271/3279 
f 3272/3280 3273/3281 3271/3279 3270/3278 
f 2826/2830 2824/2828 3271/3279 3273/3281 
f 3274/3282 3275/3283 3273/3281 3272/3280 
f 2828/2832 2826/2830 3273/3281 3275/3283 
f 3276/3284 3277/3285 3275/3283 3274/3282 
f 2830/2834 2828/2832 3275/3283 3277/3285 
f 3278/3286 2835/2839 3277/3285 3276/3284 
f 2832/2836 2830/2834 3277/3285 2835/2839 
f 3279/3287 3280/3288 3278/3286 3276/3284 
f 3281/3289 3282/3290 3278/3286 3280/3288 
f 2836/2840 2835/2839 3278/3286 3282/3290 
f 3283/3291 3284/3292 3282/3290 3281/3289 
f 2837/2841 2836/2840 3282/3290 3284/3292 
f 3285/3293 3286/3294 3284/3292 3283/3291 
f 2839/2843 2837/2841 3284/3292 3286/3294 
f 3287/3295 3288/3296 3286/3294 3285/3293 
f 2841/2845 2839/2843 3286/3294 3288/3296 
f 3289/3297 3290/3298 3288/3296 3287/3295 
f 3291/3299 2841/2845 3288/3296 3290/3298 
f 3292/3300 3293/3301 3291/3299 3290/3298 
f 2862/2866 2844/2848 3291/3299 3293/3301 
f 2842/2846 2841/2845 3291/3299 2844/2848 
f 3294/3302 2865/2869 3293/3301 3292/3300 
f 2863/2867 2862/2866 3293/3301 2865/2869 
f 3295/3303 3296/3304 3294/3302 3292/3300 
f 3297/3305 3298/3306 3294/3302 3296/3304 
f 2866/2870 2865/2869 3294/3302 3298/3306 
f 3299/3307 3300/3308 3298/3306 3297/3305 
f 2867/2871 2866/2870 3298/3306 3300/3308 
f 3301/3309 3302/3310 3300/3308 3299/3307 
f 2869/2873 2867/2871 3300/3308 3302/3310 
f 3303/3311 3304/3312 3302/3310 3301/3309 
f 2871/2875 2869/2873 3302/3310 3304/3312 
f 3305/3313 3306/3314 3304/3312 3303/3311 
f 3307/3315 2871/2875 3304/3312 3306/3314 
f 3308/3316 3309/3317 3307/3315 3306/3314 
f 3310/3318 2874/2878 3307/3315 3309/3317 
f 2872/2876 2871/2875 3307/3315 2874/2878 
f 3311/3319 3312/3320 3310/3318 3309/3317 
f 3313/3321 3314/3322 3310/3318 3312/3320 
f 2875/2879 2874/2878 3310/3318 3314/3322 
f 3315/3323 3316/3324 3314/3322 3313/3321 
f 2876/2880 2875/2879 3314/3322 3316/3324 
f 134/135 3317/3325 3316/3324 3315/3323 
f 2878/2882 2876/2880 3316/3324 3317/3325 
f 126/127 3318/3326 3317/3325 134/135 
f 2880/2884 2878/2882 3317/3325 3318/3326 
f 125/126 3319/3327 3318/3326 126/127 
f 2890/2894 2880/2884 3318/3326 3319/3327 
f 3320/3328 2893/2897 3319/3327 125/126 
f 2891/2895 2890/2894 3319/3327 2893/2897 
f 128/129 3321/3329 3320/3328 125/126 
f 2904/2908 2896/2900 3320/3328 3321/3329 
f 2894/2898 2893/2897 3320/3328 2896/2900 
f 135/136 2907/2911 3321/3329 128/129 
f 2905/2909 2904/2908 3321/3329 2907/2911 
f 3322/3330 3323/3331 3315/3323 3313/3321 
f 133/134 134/135 3315/3323 3323/3331 
f 3324/3332 3325/3333 3323/3331 3322/3330 
f 132/133 133/134 3323/3331 3325/3333 
f 3326/3334 3327/3335 3325/3333 3324/3332 
f 3328/3336 132/133 3325/3333 3327/3335 
f 3329/3337 3330/3338 3328/3336 3327/3335 
f 3331/3339 3332/3340 3328/3336 3330/3338 
f 131/132 132/133 3328/3336 3332/3340 
f 3333/3341 3334/3342 3332/3340 3331/3339 
f 129/130 131/132 3332/3340 3334/3342 
f 641/645 644/648 3334/3342 3333/3341 
f 3335/3343 129/130 3334/3342 644/648 
f 643/647 3336/3344 3335/3343 644/648 
f 3337/3345 3338/3346 3335/3343 3336/3344 
f 130/131 129/130 3335/3343 3338/3346 
f 2911/2915 2910/2914 3338/3346 3337/3345 
f 135/136 130/131 3338/3346 2910/2914 
f 3339/3347 3340/3348 3337/3345 3336/3344 
f 2912/2916 2911/2915 3337/3345 3340/3348 
f 3341/3349 3342/3350 3340/3348 3339/3347 
f 2914/2918 2912/2916 3340/3348 3342/3350 
f 3343/3351 3344/3352 3342/3350 3341/3349 
f 2916/2920 2914/2918 3342/3350 3344/3352 
f 3345/3353 2921/2925 3344/3352 3343/3351 
f 2918/2922 2916/2920 3344/3352 2921/2925 
f 3346/3354 3347/3355 3345/3353 3343/3351 
f 3348/3356 3349/3357 3345/3353 3347/3355 
f 2922/2926 2921/2925 3345/3353 3349/3357 
f 3350/3358 3351/3359 3349/3357 3348/3356 
f 2923/2927 2922/2926 3349/3357 3351/3359 
f 3352/3360 2928/2932 3351/3359 3350/3358 
f 2925/2929 2923/2927 3351/3359 2928/2932 
f 3353/3361 3354/3362 3352/3360 3350/3358 
f 3355/3363 2931/2935 3352/3360 3354/3362 
f 2929/2933 2928/2932 3352/3360 2931/2935 
f 3356/3364 3357/3365 3355/3363 3354/3362 
f 505/509 2934/2938 3355/3363 3357/3365 
f 2932/2936 2931/2935 3355/3363 2934/2938 
f 3358/3366 3359/3367 3357/3365 3356/3364 
f 506/510 505/509 3357/3365 3359/3367 
f 3360/3368 3361/3369 3359/3367 3358/3366 
f 507/511 506/510 3359/3367 3361/3369 
f 3362/3370 3363/3371 3361/3369 3360/3368 
f 3364/3372 507/511 3361/3369 3363/3371 
f 3365/3373 3366/3374 3364/3372 3363/3371 
f 3367/3375 3368/3376 3364/3372 3366/3374 
f 508/512 507/511 3364/3372 3368/3376 
f 3369/3377 3370/3378 3368/3376 3367/3375 
f 509/513 508/512 3368/3376 3370/3378 
f 3371/3379 3372/3380 3370/3378 3369/3377 
f 3373/3381 509/513 3370/3378 3372/3380 
f 3374/3382 3375/3383 3373/3381 3372/3380 
f 3376/3384 3377/3385 3373/3381 3375/3383 
f 502/506 509/513 3373/3381 3377/3385 
f 3378/3386 3379/3387 3377/3385 3376/3384 
f 499/503 502/506 3377/3385 3379/3387 
f 3380/3388 3381/3389 3379/3387 3378/3386 
f 3382/3390 499/503 3379/3387 3381/3389 
f 500/504 499/503 3382/3390 3383/3391 
f 3384/3392 3385/3393 3382/3390 3381/3389 
f 3386/3394 3383/3391 3382/3390 3385/3393 
f 3387/3395 3388/3396 3386/3394 3385/3393 
f 2941/2945 2939/2943 3386/3394 3388/3396 
f 2937/2941 3383/3391 3386/3394 2939/2943 
f 3389/3397 3390/3398 3388/3396 3387/3395 
f 2943/2947 2941/2945 3388/3396 3390/3398 
f 3391/3399 3392/3400 3390/3398 3389/3397 
f 2945/2949 2943/2947 3390/3398 3392/3400 
f 3393/3401 3394/3402 3392/3400 3391/3399 
f 2947/2951 2945/2949 3392/3400 3394/3402 
f 3395/3403 3396/3404 3394/3402 3393/3401 
f 2949/2953 2947/2951 3394/3402 3396/3404 
f 89/89 3397/3405 3396/3404 3395/3403 
f 2951/2955 2949/2953 3396/3404 3397/3405 
f 92/92 3398/3406 3397/3405 89/89 
f 2953/2957 2951/2955 3397/3405 3398/3406 
f 95/95 3399/3407 3398/3406 92/92 
f 2955/2959 2953/2957 3398/3406 3399/3407 
f 3400/3408 3401/3409 3399/3407 95/95 
f 2957/2961 2955/2959 3399/3407 3401/3409 
f 3402/3410 3403/3411 3401/3409 3400/3408 
f 3404/3412 2957/2961 3401/3409 3403/3411 
f 3405/3413 3406/3414 3404/3412 3403/3411 
f 3407/3415 2960/2964 3404/3412 3406/3414 
f 2958/2962 2957/2961 3404/3412 2960/2964 
f 3408/3416 3409/3417 3407/3415 3406/3414 
f 2965/2969 2963/2967 3407/3415 3409/3417 
f 2961/2965 2960/2964 3407/3415 2963/2967 
f 3410/3418 2974/2978 3409/3417 3408/3416 
f 2967/2971 2965/2969 3409/3417 2974/2978 
f 3411/3419 3412/3420 3410/3418 3408/3416 
f 3413/3421 2977/2981 3410/3418 3412/3420 
f 2975/2979 2974/2978 3410/3418 2977/2981 
f 3414/3422 3415/3423 3413/3421 3412/3420 
f 2983/2987 2981/2985 3413/3421 3415/3423 
f 2978/2982 2977/2981 3413/3421 2981/2985 
f 3416/3424 3417/3425 3415/3423 3414/3422 
f 2985/2989 2983/2987 3415/3423 3417/3425 
f 3418/3426 3419/3427 3417/3428 3416/3429 
f 2987/3430 2985/3431 3417/3428 3419/3427 
f 3420/3432 3421/3433 3419/3427 3418/3426 
f 3422/3434 2987/3430 3419/3427 3421/3433 
f 3423/3435 3424/3436 3422/3434 3421/3433 
f 3425/3437 2990/2994 3422/3438 3424/3439 
f 2988/2992 2987/2991 3422/3438 2990/2994 
f 3426/3440 3427/3441 3425/3437 3424/3439 
f 3428/3442 2993/2997 3425/3437 3427/3441 
f 2991/2995 2990/2994 3425/3437 2993/2997 
f 3429/3443 3430/3444 3428/3442 3427/3441 
f 3431/3445 2996/3000 3428/3442 3430/3444 
f 2994/2998 2993/2997 3428/3442 2996/3000 
f 3432/3446 3433/3447 3431/3445 3430/3444 
f 3434/3448 3435/3449 3431/3445 3433/3447 
f 2997/3001 2996/3000 3431/3445 3435/3449 
f 3436/3450 3437/3451 3435/3449 3434/3448 
f 2998/3002 2997/3001 3435/3449 3437/3451 
f 3438/3452 3439/3453 3437/3451 3436/3450 
f 3000/3004 2998/3002 3437/3451 3439/3453 
f 3440/3454 3441/3455 3439/3453 3438/3452 
f 3002/3006 3000/3004 3439/3453 3441/3455 
f 3009/3013 3007/3011 3441/3455 3440/3454 
f 3004/3008 3002/3006 3441/3455 3007/3011 
f 3442/3456 3443/3457 3440/3454 3438/3452 
f 3011/3015 3009/3013 3440/3454 3443/3457 
f 3444/3458 3445/3459 3443/3457 3442/3456 
f 3013/3017 3011/3015 3443/3457 3445/3459 
f 3446/3460 3447/3461 3445/3459 3444/3458 
f 3015/3019 3013/3017 3445/3459 3447/3461 
f 3448/3462 3449/3463 3447/3461 3446/3460 
f 3017/3021 3015/3019 3447/3461 3449/3463 
f 3450/3464 3451/3465 3449/3463 3448/3462 
f 3452/3466 3017/3021 3449/3463 3451/3465 
f 3453/3467 3454/3468 3452/3466 3451/3465 
f 3026/3030 3020/3024 3452/3466 3454/3468 
f 3018/3022 3017/3021 3452/3466 3020/3024 
f 3455/3469 3456/3470 3454/3468 3453/3467 
f 3024/3028 3026/3030 3454/3468 3456/3470 
f 3457/3471 3458/3472 3456/3470 3455/3469 
f 3027/3031 3024/3028 3456/3470 3458/3472 
f 3459/3473 3460/3474 3458/3475 3457/3476 
f 3029/3033 3027/3036 3458/3475 3460/3474 
f 3461/3477 3462/3478 3460/3474 3459/3473 
f 3031/3037 3029/3033 3460/3474 3462/3478 
f 3463/3479 3464/3480 3462/3478 3461/3477 
f 3033/3039 3031/3037 3462/3478 3464/3480 
f 3465/3481 3466/3482 3464/3480 3463/3479 
f 3467/3483 3033/3039 3464/3480 3466/3482 
f 3468/3484 3469/3485 3467/3483 3466/3482 
f 3470/3486 3036/3042 3467/3483 3469/3485 
f 3034/3040 3033/3039 3467/3483 3036/3042 
f 3471/3487 3472/3488 3470/3486 3469/3485 
f 3473/3489 3474/3490 3470/3486 3472/3488 
f 3037/3043 3036/3042 3470/3486 3474/3490 
f 3475/3491 3476/3492 3474/3490 3473/3489 
f 3038/3044 3037/3043 3474/3490 3476/3492 
f 3477/3493 3478/3494 3476/3492 3475/3491 
f 3040/3046 3038/3044 3476/3492 3478/3494 
f 3479/3495 3480/3496 3478/3497 3477/3498 
f 3042/3048 3040/3051 3478/3497 3480/3496 
f 3481/3499 3482/3500 3480/3496 3479/3495 
f 3044/3052 3042/3048 3480/3496 3482/3500 
f 3483/3501 3484/3502 3482/3500 3481/3499 
f 3046/3054 3044/3052 3482/3500 3484/3502 
f 3485/3503 3486/3504 3484/3502 3483/3501 
f 3487/3505 3046/3054 3484/3502 3486/3504 
f 3488/3506 3489/3507 3487/3505 3486/3504 
f 3490/3508 3049/3057 3487/3505 3489/3507 
f 3047/3055 3046/3054 3487/3505 3049/3057 
f 3491/3509 3492/3510 3490/3508 3489/3507 
f 3055/3063 3053/3061 3490/3508 3492/3510 
f 3050/3058 3049/3057 3490/3508 3053/3061 
f 3493/3511 3494/3512 3492/3510 3491/3509 
f 3057/3065 3055/3063 3492/3510 3494/3512 
f 3495/3513 3496/3514 3494/3512 3493/3511 
f 3059/3067 3057/3065 3494/3512 3496/3514 
f 3497/3515 3498/3516 3496/3514 3495/3513 
f 3061/3069 3059/3067 3496/3514 3498/3516 
f 3499/3517 3500/3518 3498/3516 3497/3515 
f 3063/3071 3061/3069 3498/3516 3500/3518 
f 3501/3519 3502/3520 3500/3518 3499/3517 
f 3065/3073 3063/3071 3500/3518 3502/3520 
f 3503/3521 3504/3522 3502/3520 3501/3519 
f 3069/3077 3065/3073 3502/3520 3504/3522 
f 3505/3523 3506/3524 3504/3522 3503/3521 
f 3070/3078 3069/3077 3504/3522 3506/3524 
f 3507/3525 3508/3526 3506/3524 3505/3523 
f 3072/3080 3070/3078 3506/3524 3508/3526 
f 3509/3527 3510/3528 3508/3526 3507/3525 
f 3074/3082 3072/3080 3508/3526 3510/3528 
f 3511/3529 3512/3530 3510/3528 3509/3527 
f 3513/3531 3074/3082 3510/3528 3512/3530 
f 3075/3083 3074/3082 3513/3531 3077/3085 
f 3084/3092 3082/3090 3513/3531 3512/3530 
f 3079/3087 3077/3085 3513/3531 3082/3090 
f 3086/3094 3084/3092 3512/3530 3511/3529 
f 3514/3532 3515/3533 3511/3529 3509/3527 
f 3088/3096 3086/3094 3511/3529 3515/3533 
f 3516/3534 3517/3535 3515/3533 3514/3532 
f 3518/3536 3088/3096 3515/3533 3517/3535 
f 3519/3537 3520/3538 3518/3536 3517/3535 
f 3521/3539 3091/3099 3518/3536 3520/3538 
f 3089/3097 3088/3096 3518/3536 3091/3099 
f 3522/3540 3523/3541 3521/3539 3520/3538 
f 3524/3542 3094/3102 3521/3539 3523/3541 
f 3092/3100 3091/3099 3521/3539 3094/3102 
f 196/200 201/205 3524/3542 3523/3541 
f 438/442 3525/3543 3524/3542 201/205 
f 3095/3103 3094/3102 3524/3542 3525/3543 
f 439/443 3526/3544 3525/3543 438/442 
f 3096/3104 3095/3103 3525/3543 3526/3544 
f 3527/3545 3528/3546 3526/3544 439/443 
f 3098/3106 3096/3104 3526/3544 3528/3546 
f 3529/3547 3530/3548 3528/3546 3527/3545 
f 3100/3108 3098/3106 3528/3546 3530/3548 
f 3531/3549 3532/3550 3530/3548 3529/3547 
f 3102/3110 3100/3108 3530/3548 3532/3550 
f 3533/3551 3534/3552 3532/3550 3531/3549 
f 3104/3112 3102/3110 3532/3550 3534/3552 
f 3535/3553 3536/3554 3534/3552 3533/3551 
f 3537/3555 3104/3112 3534/3552 3536/3554 
f 3538/3556 3539/3557 3537/3555 3536/3554 
f 3540/3558 3107/3115 3537/3555 3539/3557 
f 3105/3113 3104/3112 3537/3555 3107/3115 
f 3541/3559 3542/3560 3540/3558 3539/3557 
f 3543/3561 3110/3118 3540/3558 3542/3560 
f 3108/3116 3107/3115 3540/3558 3110/3118 
f 3544/3562 3545/3563 3543/3561 3542/3560 
f 3546/3564 3547/3565 3543/3561 3545/3563 
f 3111/3119 3110/3118 3543/3561 3547/3565 
f 3548/3566 3549/3567 3547/3565 3546/3564 
f 3112/3120 3111/3119 3547/3565 3549/3567 
f 3550/3568 3551/3569 3549/3567 3548/3566 
f 3114/3122 3112/3120 3549/3567 3551/3569 
f 3552/3570 3553/3571 3551/3569 3550/3568 
f 3116/3124 3114/3122 3551/3569 3553/3571 
f 3554/3572 3555/3573 3553/3571 3552/3570 
f 3118/3126 3116/3124 3553/3571 3555/3573 
f 3556/3574 3557/3575 3555/3573 3554/3572 
f 3120/3128 3118/3126 3555/3573 3557/3575 
f 3558/3576 3559/3577 3557/3575 3556/3574 
f 3560/3578 3120/3128 3557/3575 3559/3577 
f 3121/3129 3120/3128 3560/3578 3123/3131 
f 3561/3579 3562/3580 3560/3578 3559/3577 
f 3563/3581 3123/3131 3560/3578 3562/3580 
f 3124/3132 3123/3131 3563/3581 3126/3134 
f 3564/3582 3565/3583 3563/3581 3562/3580 
f 3128/3136 3126/3134 3563/3581 3565/3583 
f 3566/3584 3567/3585 3565/3583 3564/3582 
f 3130/3138 3128/3136 3565/3583 3567/3585 
f 3568/3586 3569/3587 3567/3585 3566/3584 
f 3132/3140 3130/3138 3567/3585 3569/3587 
f 3570/3588 3571/3589 3569/3587 3568/3586 
f 3134/3142 3132/3140 3569/3587 3571/3589 
f 3572/3590 3573/3591 3571/3589 3570/3588 
f 3136/3144 3134/3142 3571/3589 3573/3591 
f 3574/3592 3575/3593 3573/3591 3572/3590 
f 3138/3146 3136/3144 3573/3591 3575/3593 
f 3576/3594 3577/3595 3575/3593 3574/3592 
f 3578/3596 3138/3146 3575/3593 3577/3595 
f 3139/3147 3138/3146 3578/3596 3141/3149 
f 3579/3597 3580/3598 3578/3596 3577/3595 
f 3143/3151 3141/3149 3578/3596 3580/3598 
f 3581/3599 3582/3600 3580/3598 3579/3597 
f 3145/3153 3143/3151 3580/3598 3582/3600 
f 3583/3601 3584/3602 3582/3600 3581/3599 
f 3147/3155 3145/3153 3582/3600 3584/3602 
f 3585/3603 3586/3604 3584/3602 3583/3601 
f 3587/3605 3147/3155 3584/3602 3586/3604 
f 3148/3156 3147/3155 3587/3605 3150/3158 
f 3588/3606 3589/3607 3587/3605 3586/3604 
f 3590/3608 3150/3158 3587/3605 3589/3607 
f 3151/3159 3150/3158 3590/3608 3153/3161 
f 3591/3609 3592/3610 3590/3608 3589/3607 
f 3155/3163 3153/3161 3590/3608 3592/3610 
f 3593/3611 3594/3612 3592/3610 3591/3609 
f 3595/3613 3155/3163 3592/3610 3594/3612 
f 3156/3164 3155/3163 3595/3613 3158/3166 
f 3596/3614 3597/3615 3595/3613 3594/3612 
f 3598/3616 3158/3166 3595/3613 3597/3615 
f 3159/3167 3158/3166 3598/3616 3161/3169 
f 3599/3617 3600/3618 3598/3616 3597/3615 
f 3601/3619 3161/3169 3598/3616 3600/3618 
f 3162/3170 3161/3169 3601/3619 3164/3172 
f 3602/3620 3603/3621 3601/3619 3600/3618 
f 3604/3622 3164/3172 3601/3619 3603/3621 
f 3165/3173 3164/3172 3604/3622 3167/3175 
f 3605/3623 521/525 3604/3622 3603/3621 
f 524/528 3167/3175 3604/3622 521/525 
f 3602/3620 3606/3624 3605/3623 3603/3621 
f 536/540 535/539 3605/3623 3606/3624 
f 522/526 521/525 3605/3623 535/539 
f 3607/3625 3608/3626 3606/3624 3602/3620 
f 541/545 536/540 3606/3624 3608/3626 
f 3609/3627 3610/3628 3608/3626 3607/3625 
f 3611/3629 541/545 3608/3626 3610/3628 
f 3612/3630 3613/3631 3611/3629 3610/3628 
f 3614/3632 3615/3633 3611/3629 3613/3631 
f 542/546 541/545 3611/3629 3615/3633 
f 3616/3634 3617/3635 3615/3633 3614/3632 
f 3618/3636 542/546 3615/3633 3617/3635 
f 537/541 542/546 3618/3636 3619/3637 
f 3620/3638 3621/3639 3618/3636 3617/3635 
f 3622/3640 3619/3637 3618/3636 3621/3639 
f 3623/3641 3619/3637 3622/3640 3624/3642 
f 3625/3643 3626/3644 3622/3640 3621/3639 
f 3627/3645 3624/3642 3622/3640 3626/3644 
f 3628/3646 3624/3642 3627/3645 3629/3647 
f 3630/3648 3631/3649 3627/3645 3626/3644 
f 3632/3650 3629/3647 3627/3645 3631/3649 
f 3633/3651 3629/3647 3632/3650 3634/3652 
f 3635/3653 3636/3654 3632/3650 3631/3649 
f 3637/3655 3634/3652 3632/3650 3636/3654 
f 3638/3656 3634/3652 3637/3655 3639/3657 
f 3640/3658 3641/3659 3637/3655 3636/3654 
f 3642/3660 3639/3657 3637/3655 3641/3659 
f 3195/3203 3639/3657 3642/3660 3196/3204 
f 3643/3661 3201/3209 3642/3660 3641/3659 
f 3198/3206 3196/3204 3642/3660 3201/3209 
f 3640/3658 3644/3662 3643/3661 3641/3659 
f 3645/3663 3204/3212 3643/3661 3644/3662 
f 3202/3210 3201/3209 3643/3661 3204/3212 
f 3646/3664 3647/3665 3645/3663 3644/3662 
f 3648/3666 3207/3215 3645/3663 3647/3665 
f 3205/3213 3204/3212 3645/3663 3207/3215 
f 3649/3667 3650/3668 3648/3666 3647/3665 
f 3651/3669 3210/3218 3648/3666 3650/3668 
f 3208/3216 3207/3215 3648/3666 3210/3218 
f 3652/3670 3653/3671 3651/3669 3650/3668 
f 3654/3672 3213/3221 3651/3669 3653/3671 
f 3211/3219 3210/3218 3651/3669 3213/3221 
f 3655/3673 3656/3674 3654/3672 3653/3671 
f 3657/3675 3216/3224 3654/3672 3656/3674 
f 3214/3222 3213/3221 3654/3672 3216/3224 
f 3658/3676 3659/3677 3657/3675 3656/3674 
f 3660/3678 3661/3679 3657/3675 3659/3677 
f 3217/3225 3216/3224 3657/3675 3661/3679 
f 3662/3680 3663/3681 3661/3679 3660/3678 
f 3218/3226 3217/3225 3661/3679 3663/3681 
f 3664/3682 3223/3231 3663/3681 3662/3680 
f 3220/3228 3218/3226 3663/3681 3223/3231 
f 3665/3683 3666/3684 3664/3682 3662/3680 
f 3667/3685 3226/3234 3664/3682 3666/3684 
f 3224/3232 3223/3231 3664/3682 3226/3234 
f 3668/3686 3669/3687 3667/3685 3666/3684 
f 3670/3688 3229/3237 3667/3685 3669/3687 
f 3227/3235 3226/3234 3667/3685 3229/3237 
f 3671/3689 3672/3690 3670/3688 3669/3687 
f 3234/3242 3232/3240 3670/3688 3672/3690 
f 3230/3238 3229/3237 3670/3688 3232/3240 
f 3673/3691 3239/3247 3672/3690 3671/3689 
f 3236/3244 3234/3242 3672/3690 3239/3247 
f 3674/3692 3675/3693 3673/3691 3671/3689 
f 331/335 3242/3250 3673/3691 3675/3693 
f 3240/3248 3239/3247 3673/3691 3242/3250 
f 3676/3694 3677/3695 3675/3693 3674/3692 
f 328/332 331/335 3675/3693 3677/3695 
f 3678/3696 3679/3697 3677/3695 3676/3694 
f 326/330 328/332 3677/3695 3679/3697 
f 3680/3698 3681/3699 3679/3697 3678/3696 
f 3682/3700 326/330 3679/3697 3681/3699 
f 3683/3701 3684/3702 3682/3700 3681/3699 
f 3685/3703 3686/3704 3682/3700 3684/3702 
f 327/331 326/330 3682/3700 3686/3704 
f 3687/3705 3688/3706 3686/3704 3685/3703 
f 329/333 327/331 3686/3704 3688/3706 
f 3689/3707 3690/3708 3688/3706 3687/3705 
f 3691/3709 329/333 3688/3706 3690/3708 
f 3692/3710 3693/3711 3691/3709 3690/3708 
f 3694/3712 3695/3713 3691/3709 3693/3711 
f 330/334 329/333 3691/3709 3695/3713 
f 3696/3714 3697/3715 3695/3713 3694/3712 
f 332/336 330/334 3695/3713 3697/3715 
f 315/319 3698/3716 3697/3715 3696/3714 
f 3699/3717 332/336 3697/3715 3698/3716 
f 3700/3718 314/318 3699/3717 3698/3716 
f 311/315 3701/3719 3699/3717 314/318 
f 325/329 332/336 3699/3717 3701/3719 
f 310/314 3702/3720 3701/3719 311/315 
f 322/326 325/329 3701/3719 3702/3720 
f 3248/3256 3246/3254 3702/3720 310/314 
f 3244/3252 322/326 3702/3720 3246/3254 
f 319/323 3703/3721 3700/3718 318/322 
f 309/313 314/318 3700/3718 3703/3721 
f 315/319 318/322 3700/3718 3698/3716 
f 3704/3722 3705/3723 3703/3721 319/323 
f 306/310 309/313 3703/3721 3705/3723 
f 3706/3724 3707/3725 3705/3723 3704/3722 
f 3708/3726 306/310 3705/3723 3707/3725 
f 3709/3727 3710/3728 3708/3726 3707/3725 
f 3711/3729 3712/3730 3708/3726 3710/3728 
f 307/311 306/310 3708/3726 3712/3730 
f 3713/3731 3714/3732 3712/3730 3711/3729 
f 313/317 307/311 3712/3730 3714/3732 
f 3715/3733 3716/3734 3714/3732 3713/3731 
f 3717/3735 313/317 3714/3732 3716/3734 
f 3718/3736 3719/3737 3717/3735 3716/3734 
f 3720/3738 3721/3739 3717/3735 3719/3737 
f 312/316 313/317 3717/3735 3721/3739 
f 3253/3261 303/307 3721/3739 3720/3738 
f 300/304 312/316 3721/3739 303/307 
f 3722/3740 3256/3264 3720/3738 3719/3737 
f 3254/3262 3253/3261 3720/3738 3256/3264 
f 3718/3736 3723/3741 3722/3740 3719/3737 
f 3724/3742 3259/3267 3722/3740 3723/3741 
f 3257/3265 3256/3264 3722/3740 3259/3267 
f 3725/3743 3726/3744 3724/3742 3723/3741 
f 3727/3745 3728/3746 3724/3742 3726/3744 
f 3260/3268 3259/3267 3724/3742 3728/3746 
f 3729/3747 3730/3748 3728/3746 3727/3745 
f 3261/3269 3260/3268 3728/3746 3730/3748 
f 3731/3749 3266/3274 3730/3748 3729/3747 
f 3263/3271 3261/3269 3730/3748 3266/3274 
f 3732/3750 3733/3751 3731/3749 3729/3747 
f 3734/3752 3735/3753 3731/3749 3733/3751 
f 3267/3275 3266/3274 3731/3749 3735/3753 
f 3736/3754 3737/3755 3735/3753 3734/3752 
f 3268/3276 3267/3275 3735/3753 3737/3755 
f 3738/3756 3739/3757 3737/3755 3736/3754 
f 3270/3278 3268/3276 3737/3755 3739/3757 
f 3740/3758 3741/3759 3739/3757 3738/3756 
f 3272/3280 3270/3278 3739/3757 3741/3759 
f 3742/3760 3743/3761 3741/3759 3740/3758 
f 3274/3282 3272/3280 3741/3759 3743/3761 
f 3744/3762 3279/3287 3743/3761 3742/3760 
f 3276/3284 3274/3282 3743/3761 3279/3287 
f 3745/3763 3746/3764 3744/3762 3742/3760 
f 3747/3765 3748/3766 3744/3762 3746/3764 
f 3280/3288 3279/3287 3744/3762 3748/3766 
f 3749/3767 3750/3768 3748/3766 3747/3765 
f 3281/3289 3280/3288 3748/3766 3750/3768 
f 3751/3769 3752/3770 3750/3768 3749/3767 
f 3283/3291 3281/3289 3750/3768 3752/3770 
f 3753/3771 3754/3772 3752/3770 3751/3769 
f 3285/3293 3283/3291 3752/3770 3754/3772 
f 3755/3773 3756/3774 3754/3772 3753/3771 
f 3287/3295 3285/3293 3754/3772 3756/3774 
f 3757/3775 3758/3776 3756/3774 3755/3773 
f 3289/3297 3287/3295 3756/3774 3758/3776 
f 3759/3777 3760/3778 3758/3776 3757/3775 
f 3295/3303 3289/3297 3758/3776 3760/3778 
f 3761/3779 3762/3780 3760/3778 3759/3777 
f 3296/3304 3295/3303 3760/3778 3762/3780 
f 3763/3781 3764/3782 3762/3780 3761/3779 
f 3297/3305 3296/3304 3762/3780 3764/3782 
f 3765/3783 3766/3784 3764/3782 3763/3781 
f 3299/3307 3297/3305 3764/3782 3766/3784 
f 3767/3785 3768/3786 3766/3784 3765/3783 
f 3301/3309 3299/3307 3766/3784 3768/3786 
f 3769/3787 3770/3788 3768/3786 3767/3785 
f 3303/3311 3301/3309 3768/3786 3770/3788 
f 3771/3789 3772/3790 3770/3788 3769/3787 
f 3305/3313 3303/3311 3770/3788 3772/3790 
f 3773/3791 3774/3792 3772/3790 3771/3789 
f 3775/3793 3305/3313 3772/3790 3774/3792 
f 3776/3794 3777/3795 3775/3793 3774/3792 
f 3778/3796 3308/3316 3775/3793 3777/3795 
f 3306/3314 3305/3313 3775/3793 3308/3316 
f 3779/3797 3780/3798 3778/3796 3777/3795 
f 3781/3799 3311/3319 3778/3796 3780/3798 
f 3309/3317 3308/3316 3778/3796 3311/3319 
f 3782/3800 3783/3801 3781/3799 3780/3798 
f 3784/3802 3785/3803 3781/3799 3783/3801 
f 3312/3320 3311/3319 3781/3799 3785/3803 
f 3324/3332 3322/3330 3785/3803 3784/3802 
f 3313/3321 3312/3320 3785/3803 3322/3330 
f 3786/3804 3787/3805 3784/3802 3783/3801 
f 3326/3334 3324/3332 3784/3802 3787/3805 
f 3788/3806 3789/3807 3787/3805 3786/3804 
f 3790/3808 3326/3334 3787/3805 3789/3807 
f 3791/3809 3792/3810 3790/3808 3789/3807 
f 3793/3811 3329/3337 3790/3808 3792/3810 
f 3327/3335 3326/3334 3790/3808 3329/3337 
f 3794/3812 3795/3813 3793/3811 3792/3810 
f 3796/3814 3797/3815 3793/3811 3795/3813 
f 3330/3338 3329/3337 3793/3811 3797/3815 
f 3798/3816 3799/3817 3797/3815 3796/3814 
f 3331/3339 3330/3338 3797/3815 3799/3817 
f 3800/3818 3801/3819 3799/3817 3798/3816 
f 3333/3341 3331/3339 3799/3817 3801/3819 
f 3802/3820 638/642 3801/3819 3800/3818 
f 641/645 3333/3341 3801/3819 638/642 
f 3803/3821 3804/3822 3802/3820 3800/3818 
f 3805/3823 3806/3824 3802/3820 3804/3822 
f 639/643 638/642 3802/3820 3806/3824 
f 3346/3354 3807/3825 3806/3824 3805/3823 
f 642/646 639/643 3806/3824 3807/3825 
f 3343/3351 3341/3349 3807/3825 3346/3354 
f 3339/3347 642/646 3807/3825 3341/3349 
f 3808/3826 3809/3827 3805/3823 3804/3822 
f 3347/3355 3346/3354 3805/3823 3809/3827 
f 3810/3828 3811/3829 3809/3827 3808/3826 
f 3348/3356 3347/3355 3809/3827 3811/3829 
f 3812/3830 3353/3361 3811/3829 3810/3828 
f 3350/3358 3348/3356 3811/3829 3353/3361 
f 3813/3831 3814/3832 3812/3830 3810/3828 
f 3358/3366 3356/3364 3812/3830 3814/3832 
f 3354/3362 3353/3361 3812/3830 3356/3364 
f 3815/3833 3816/3834 3814/3832 3813/3831 
f 3360/3368 3358/3366 3814/3832 3816/3834 
f 3817/3835 3818/3836 3816/3834 3815/3833 
f 3362/3370 3360/3368 3816/3834 3818/3836 
f 630/634 629/633 3818/3836 3817/3835 
f 3819/3837 3362/3370 3818/3836 629/633 
f 632/636 3820/3838 3819/3837 629/633 
f 3821/3839 3365/3373 3819/3837 3820/3838 
f 3363/3371 3362/3370 3819/3837 3365/3373 
f 3822/3840 3823/3841 3821/3839 3820/3838 
f 3824/3842 3825/3843 3821/3839 3823/3841 
f 3366/3374 3365/3373 3821/3839 3825/3843 
f 3826/3844 3827/3845 3825/3843 3824/3842 
f 3367/3375 3366/3374 3825/3843 3827/3845 
f 3828/3846 3829/3847 3827/3845 3826/3844 
f 3369/3377 3367/3375 3827/3845 3829/3847 
f 3830/3848 3831/3849 3829/3847 3828/3846 
f 3371/3379 3369/3377 3829/3847 3831/3849 
f 3832/3850 3833/3851 3831/3849 3830/3848 
f 3834/3852 3371/3379 3831/3849 3833/3851 
f 3835/3853 3836/3854 3834/3852 3833/3851 
f 3837/3855 3374/3382 3834/3852 3836/3854 
f 3372/3380 3371/3379 3834/3852 3374/3382 
f 3838/3856 3839/3857 3837/3855 3836/3854 
f 3840/3858 3841/3859 3837/3855 3839/3857 
f 3375/3383 3374/3382 3837/3855 3841/3859 
f 3842/3860 3843/3861 3841/3859 3840/3858 
f 3376/3384 3375/3383 3841/3859 3843/3861 
f 3844/3862 3845/3863 3843/3861 3842/3860 
f 3378/3386 3376/3384 3843/3861 3845/3863 
f 3846/3864 3847/3865 3845/3863 3844/3862 
f 3380/3388 3378/3386 3845/3863 3847/3865 
f 3848/3866 3849/3867 3847/3865 3846/3864 
f 3850/3868 3380/3388 3847/3865 3849/3867 
f 3381/3389 3380/3388 3850/3868 3384/3392 
f 3851/3869 3852/3870 3850/3868 3849/3867 
f 3853/3871 3384/3392 3850/3868 3852/3870 
f 3385/3393 3384/3392 3853/3871 3387/3395 
f 3854/3872 3855/3873 3853/3871 3852/3870 
f 3389/3397 3387/3395 3853/3871 3855/3873 
f 3856/3874 3857/3875 3855/3873 3854/3872 
f 3391/3399 3389/3397 3855/3873 3857/3875 
f 3858/3876 3859/3877 3857/3875 3856/3874 
f 3393/3401 3391/3399 3857/3875 3859/3877 
f 3860/3878 3861/3879 3859/3877 3858/3876 
f 3395/3403 3393/3401 3859/3877 3861/3879 
f 93/93 90/90 3861/3879 3860/3878 
f 89/89 3395/3403 3861/3879 90/90 
f 3862/3880 3863/3881 3860/3878 3858/3876 
f 3864/3882 93/93 3860/3878 3863/3881 
f 3865/3883 3866/3884 3864/3882 3863/3881 
f 3867/3885 3868/3886 3864/3882 3866/3884 
f 94/94 93/93 3864/3882 3868/3886 
f 3402/3410 3400/3408 3868/3887 3867/3888 
f 95/95 94/96 3868/3887 3400/3408 
f 3869/3889 3870/3890 3867/3885 3866/3884 
f 3871/3891 3402/3410 3867/3888 3870/3892 
f 3872/3893 3873/3894 3871/3891 3870/3892 
f 3411/3419 3405/3413 3871/3891 3873/3894 
f 3403/3411 3402/3410 3871/3891 3405/3413 
f 3416/3424 3414/3422 3873/3894 3872/3893 
f 3412/3420 3411/3419 3873/3894 3414/3422 
f 3869/3889 3874/3895 3872/3896 3870/3890 
f 3418/3426 3416/3429 3872/3896 3874/3895 
f 3875/3897 3876/3898 3874/3895 3869/3889 
f 3420/3432 3418/3426 3874/3895 3876/3898 
f 3877/3899 3878/3900 3876/3898 3875/3897 
f 3879/3901 3420/3432 3876/3898 3878/3900 
f 3880/3902 3881/3903 3879/3901 3878/3900 
f 3882/3904 3423/3435 3879/3901 3881/3903 
f 3421/3433 3420/3432 3879/3901 3423/3435 
f 3883/3905 3884/3906 3882/3904 3881/3903 
f 3885/3907 3426/3908 3882/3904 3884/3906 
f 3424/3436 3423/3435 3882/3904 3426/3908 
f 3886/3909 3887/3910 3885/3907 3884/3906 
f 3888/3911 3429/3443 3885/3912 3887/3913 
f 3427/3441 3426/3440 3885/3912 3429/3443 
f 3889/3914 3890/3915 3888/3911 3887/3913 
f 3891/3916 3432/3446 3888/3911 3890/3915 
f 3430/3444 3429/3443 3888/3911 3432/3446 
f 3892/3917 3893/3918 3891/3916 3890/3915 
f 3894/3919 3895/3920 3891/3916 3893/3918 
f 3433/3447 3432/3446 3891/3916 3895/3920 
f 3896/3921 3897/3922 3895/3920 3894/3919 
f 3434/3448 3433/3447 3895/3920 3897/3922 
f 3898/3923 3899/3924 3897/3922 3896/3921 
f 3436/3450 3434/3448 3897/3922 3899/3924 
f 3444/3458 3442/3456 3899/3924 3898/3923 
f 3438/3452 3436/3450 3899/3924 3442/3456 
f 3900/3925 3901/3926 3898/3923 3896/3921 
f 3446/3460 3444/3458 3898/3923 3901/3926 
f 3902/3927 3903/3928 3901/3926 3900/3925 
f 3448/3462 3446/3460 3901/3926 3903/3928 
f 3904/3929 3905/3930 3903/3928 3902/3927 
f 3450/3464 3448/3462 3903/3928 3905/3930 
f 3906/3931 3907/3932 3905/3930 3904/3929 
f 3908/3933 3450/3464 3905/3930 3907/3932 
f 3909/3934 3910/3935 3908/3933 3907/3932 
f 3455/3469 3453/3467 3908/3933 3910/3935 
f 3451/3465 3450/3464 3908/3933 3453/3467 
f 3911/3936 3912/3937 3910/3935 3909/3934 
f 3457/3471 3455/3469 3910/3935 3912/3937 
f 3913/3938 3914/3939 3912/3940 3911/3941 
f 3459/3473 3457/3476 3912/3940 3914/3939 
f 3915/3942 3916/3943 3914/3939 3913/3938 
f 3461/3477 3459/3473 3914/3939 3916/3943 
f 3917/3944 3918/3945 3916/3943 3915/3942 
f 3463/3479 3461/3477 3916/3943 3918/3945 
f 3919/3946 3920/3947 3918/3945 3917/3944 
f 3465/3481 3463/3479 3918/3945 3920/3947 
f 3921/3948 3922/3949 3920/3947 3919/3946 
f 3923/3950 3465/3481 3920/3947 3922/3949 
f 3924/3951 3925/3952 3923/3950 3922/3949 
f 3926/3953 3468/3484 3923/3950 3925/3952 
f 3466/3482 3465/3481 3923/3950 3468/3484 
f 3927/3954 3928/3955 3926/3953 3925/3952 
f 3929/3956 3471/3487 3926/3953 3928/3955 
f 3469/3485 3468/3484 3926/3953 3471/3487 
f 162/166 159/163 3929/3956 3928/3955 
f 158/162 370/374 3929/3956 159/163 
f 3472/3488 3471/3487 3929/3956 370/374 
f 3930/3957 162/166 3928/3955 3927/3954 
f 29/29 3931/3958 3930/3957 26/26 
f 163/167 162/166 3930/3957 3931/3958 
f 25/25 26/26 3930/3957 3927/3954 
f 164/168 163/167 3931/3958 3932/3959 
f 3933/3960 3932/3959 3931/3958 29/29 
f 3934/3961 3932/3959 3933/3960 3935/3962 
f 28/28 3936/3963 3933/3960 29/29 
f 3937/3964 3935/3962 3933/3960 3936/3963 
f 3938/3965 3935/3962 3937/3964 3939/3966 
f 3940/3967 3941/3968 3937/3964 3936/3963 
f 3942/3969 3939/3966 3937/3964 3941/3968 
f 3943/3970 3939/3966 3942/3969 3944/3971 
f 3945/3972 3946/3973 3942/3969 3941/3968 
f 3947/3974 3944/3971 3942/3969 3946/3973 
f 3948/3975 3944/3971 3947/3974 3949/3976 
f 3950/3977 3951/3978 3947/3974 3946/3973 
f 3952/3979 3949/3976 3947/3974 3951/3978 
f 3953/3980 3949/3976 3952/3979 3954/3981 
f 3955/3982 3956/3983 3952/3979 3951/3978 
f 3957/3984 3954/3981 3952/3979 3956/3983 
f 3958/3985 3954/3981 3957/3984 3959/3986 
f 3960/3987 3961/3988 3957/3984 3956/3983 
f 3962/3989 3959/3986 3957/3984 3961/3988 
f 3963/3990 3959/3986 3962/3989 3964/3991 
f 3965/3992 3966/3993 3962/3989 3961/3988 
f 3967/3994 3964/3991 3962/3989 3966/3993 
f 3968/3995 3964/3991 3967/3994 3969/3996 
f 3970/3997 3971/3998 3967/3994 3966/3993 
f 3972/3999 3969/3996 3967/3994 3971/3998 
f 3973/4000 3969/3996 3972/3999 3974/4001 
f 3975/4002 3976/4003 3972/3999 3971/3998 
f 3977/4004 3974/4001 3972/3999 3976/4003 
f 3978/4005 3974/4001 3977/4004 3979/4006 
f 3980/4007 3981/4008 3977/4004 3976/4003 
f 3982/4009 3979/4006 3977/4004 3981/4008 
f 3983/4010 3979/4006 3982/4009 3984/4011 
f 3985/4012 3986/4013 3982/4009 3981/4008 
f 3987/4014 3984/4011 3982/4009 3986/4013 
f 3988/4015 3984/4011 3987/4014 3989/4016 
f 3990/4017 3991/4018 3987/4014 3986/4013 
f 3992/4019 3989/4016 3987/4014 3991/4018 
f 3993/4020 3989/4016 3992/4019 3994/4021 
f 3995/4022 3996/4023 3992/4019 3991/4018 
f 3997/4024 3994/4021 3992/4019 3996/4023 
f 3998/4025 3994/4021 3997/4024 3999/4026 
f 4000/4027 4001/4028 3997/4024 3996/4023 
f 4002/4029 3999/4026 3997/4024 4001/4028 
f 4003/4030 3999/4026 4002/4029 4004/4031 
f 4005/4032 4006/4033 4002/4029 4001/4028 
f 4007/4034 4004/4031 4002/4029 4006/4033 
f 4008/4035 4004/4031 4007/4034 4009/4036 
f 4010/4037 4011/4038 4007/4034 4006/4033 
f 4012/4039 4009/4036 4007/4034 4011/4038 
f 4013/4040 4009/4036 4012/4039 4014/4041 
f 4015/4042 4016/4043 4012/4039 4011/4038 
f 4017/4044 4014/4041 4012/4039 4016/4043 
f 4018/4045 4014/4041 4017/4044 4019/4046 
f 4020/4047 4021/4048 4017/4044 4016/4043 
f 4022/4049 4019/4046 4017/4044 4021/4048 
f 4023/4050 4019/4046 4022/4049 4024/4051 
f 4025/4052 4026/4053 4022/4049 4021/4048 
f 4027/4054 4024/4051 4022/4049 4026/4053 
f 4028/4055 4024/4051 4027/4054 4029/4056 
f 4030/4057 4031/4058 4027/4054 4026/4053 
f 4032/4059 4029/4056 4027/4054 4031/4058 
f 4033/4060 4029/4056 4032/4059 3776/3794 
f 4034/4061 3779/3797 4032/4059 4031/4058 
f 3777/3795 3776/3794 4032/4059 3779/3797 
f 4030/4057 4035/4062 4034/4061 4031/4058 
f 4036/4063 3782/3800 4034/4061 4035/4062 
f 3780/3798 3779/3797 4034/4061 3782/3800 
f 4037/4064 4038/4065 4036/4063 4035/4062 
f 3788/3806 3786/3804 4036/4063 4038/4065 
f 3783/3801 3782/3800 4036/4063 3786/3804 
f 4039/4066 4040/4067 4038/4065 4037/4064 
f 4041/4068 3788/3806 4038/4065 4040/4067 
f 4042/4069 4043/4070 4041/4068 4040/4067 
f 4044/4071 3791/3809 4041/4068 4043/4070 
f 3789/3807 3788/3806 4041/4068 3791/3809 
f 4045/4072 4046/4073 4044/4071 4043/4070 
f 4047/4074 3794/3812 4044/4071 4046/4073 
f 3792/3810 3791/3809 4044/4071 3794/3812 
f 637/641 636/640 4047/4074 4046/4073 
f 635/639 4048/4075 4047/4074 636/640 
f 3795/3813 3794/3812 4047/4074 4048/4075 
f 4049/4076 4050/4077 4048/4075 635/639 
f 3796/3814 3795/3813 4048/4075 4050/4077 
f 4051/4078 4052/4079 4050/4077 4049/4076 
f 3798/3816 3796/3814 4050/4077 4052/4079 
f 4053/4080 3803/3821 4052/4079 4051/4078 
f 3800/3818 3798/3816 4052/4079 3803/3821 
f 3815/3833 3813/3831 4053/4080 4051/4078 
f 3810/3828 3808/3826 4053/4080 3813/3831 
f 3804/3822 3803/3821 4053/4080 3808/3826 
f 3817/3835 3815/3833 4051/4078 4049/4076 
f 630/634 3817/3835 4049/4076 635/639 
f 482/486 637/641 4046/4073 4045/4072 
f 4042/4069 4054/4081 4045/4072 4043/4070 
f 479/483 482/486 4045/4072 4054/4081 
f 4055/4082 4056/4083 4054/4081 4042/4069 
f 4057/4084 479/483 4054/4081 4056/4083 
f 4058/4085 4059/4086 4057/4084 4056/4083 
f 4060/4087 4061/4088 4057/4084 4059/4086 
f 480/484 479/483 4057/4084 4061/4088 
f 4062/4089 4063/4090 4061/4088 4060/4087 
f 483/487 480/484 4061/4088 4063/4090 
f 4064/4091 4065/4092 4063/4090 4062/4089 
f 634/638 483/487 4063/4090 4065/4092 
f 4066/4093 4067/4094 4065/4092 4064/4091 
f 633/637 634/638 4065/4092 4067/4094 
f 4068/4095 4069/4096 4067/4094 4066/4093 
f 3822/3840 633/637 4067/4094 4069/4096 
f 4070/4097 4071/4098 4069/4096 4068/4095 
f 3823/3841 3822/3840 4069/4096 4071/4098 
f 4072/4099 4073/4100 4071/4098 4070/4097 
f 3824/3842 3823/3841 4071/4098 4073/4100 
f 4074/4101 4075/4102 4073/4100 4072/4099 
f 3826/3844 3824/3842 4073/4100 4075/4102 
f 4076/4103 4077/4104 4075/4102 4074/4101 
f 3828/3846 3826/3844 4075/4102 4077/4104 
f 4078/4105 4079/4106 4077/4104 4076/4103 
f 3830/3848 3828/3846 4077/4104 4079/4106 
f 4080/4107 4081/4108 4079/4106 4078/4105 
f 3832/3850 3830/3848 4079/4106 4081/4108 
f 4082/4109 4083/4110 4081/4108 4080/4107 
f 4084/4111 3832/3850 4081/4108 4083/4110 
f 4085/4112 4086/4113 4084/4111 4083/4110 
f 4087/4114 3835/3853 4084/4111 4086/4113 
f 3833/3851 3832/3850 4084/4111 3835/3853 
f 4088/4115 4089/4116 4087/4114 4086/4113 
f 4090/4117 3838/3856 4087/4114 4089/4116 
f 3836/3854 3835/3853 4087/4114 3838/3856 
f 4091/4118 4092/4119 4090/4117 4089/4116 
f 4093/4120 4094/4121 4090/4117 4092/4119 
f 3839/3857 3838/3856 4090/4117 4094/4121 
f 4095/4122 4096/4123 4094/4121 4093/4120 
f 3840/3858 3839/3857 4094/4121 4096/4123 
f 4097/4124 4098/4125 4096/4123 4095/4122 
f 3842/3860 3840/3858 4096/4123 4098/4125 
f 4099/4126 4100/4127 4098/4125 4097/4124 
f 3844/3862 3842/3860 4098/4125 4100/4127 
f 4101/4128 4102/4129 4100/4127 4099/4126 
f 3846/3864 3844/3862 4100/4127 4102/4129 
f 4103/4130 4104/4131 4102/4129 4101/4128 
f 3848/3866 3846/3864 4102/4129 4104/4131 
f 4105/4132 4106/4133 4104/4131 4103/4130 
f 4107/4134 3848/3866 4104/4131 4106/4133 
f 3849/3867 3848/3866 4107/4134 3851/3869 
f 4108/4135 4109/4136 4107/4134 4106/4133 
f 4110/4137 3851/3869 4107/4134 4109/4136 
f 3852/3870 3851/3869 4110/4137 3854/3872 
f 4111/4138 4112/4139 4110/4137 4109/4136 
f 3856/3874 3854/3872 4110/4137 4112/4139 
f 4113/4140 3862/3880 4112/4139 4111/4138 
f 3858/3876 3856/3874 4112/4139 3862/3880 
f 4114/4141 3877/3899 4113/4140 4111/4138 
f 3875/3897 3865/3883 4113/4140 3877/3899 
f 3863/3881 3862/3880 4113/4140 3865/3883 
f 4109/4136 4108/4135 4114/4141 4111/4138 
f 4115/4142 3880/3902 4114/4141 4108/4135 
f 3878/3900 3877/3899 4114/4141 3880/3902 
f 4106/4133 4105/4132 4115/4142 4108/4135 
f 4116/4143 3883/3905 4115/4142 4105/4132 
f 3881/3903 3880/3902 4115/4142 3883/3905 
f 4103/4130 4117/4144 4116/4143 4105/4132 
f 4118/4145 3886/3909 4116/4143 4117/4144 
f 3884/3906 3883/3905 4116/4143 3886/3909 
f 4119/4146 4120/4147 4118/4145 4117/4144 
f 4121/4148 3889/4149 4118/4145 4120/4147 
f 3887/3910 3886/3909 4118/4145 3889/4149 
f 4122/4150 4123/4151 4121/4148 4120/4147 
f 4124/4152 3892/3917 4121/4153 4123/4154 
f 3890/3915 3889/3914 4121/4153 3892/3917 
f 4125/4155 4126/4156 4124/4152 4123/4154 
f 4127/4157 4128/4158 4124/4152 4126/4156 
f 3893/3918 3892/3917 4124/4152 4128/4158 
f 4129/4159 4130/4160 4128/4158 4127/4157 
f 3894/3919 3893/3918 4128/4158 4130/4160 
f 3902/3927 3900/3925 4130/4160 4129/4159 
f 3896/3921 3894/3919 4130/4160 3900/3925 
f 4131/4161 4132/4162 4129/4159 4127/4157 
f 3904/3929 3902/3927 4129/4159 4132/4162 
f 4133/4163 4134/4164 4132/4162 4131/4161 
f 3906/3931 3904/3929 4132/4162 4134/4164 
f 4135/4165 4136/4166 4134/4164 4133/4163 
f 4137/4167 3906/3931 4134/4164 4136/4166 
f 4138/4168 4139/4169 4137/4167 4136/4166 
f 3911/3936 3909/3934 4137/4167 4139/4169 
f 3907/3932 3906/3931 4137/4167 3909/3934 
f 4140/4170 4141/4171 4139/4172 4138/4173 
f 3913/3938 3911/3941 4139/4172 4141/4171 
f 4142/4174 4143/4175 4141/4171 4140/4170 
f 3915/3942 3913/3938 4141/4171 4143/4175 
f 4144/4176 4145/4177 4143/4175 4142/4174 
f 3917/3944 3915/3942 4143/4175 4145/4177 
f 4146/4178 4147/4179 4145/4177 4144/4176 
f 3919/3946 3917/3944 4145/4177 4147/4179 
f 4148/4180 4149/4181 4147/4179 4146/4178 
f 3921/3948 3919/3946 4147/4179 4149/4181 
f 4150/4182 4151/4183 4149/4181 4148/4180 
f 4152/4184 3921/3948 4149/4181 4151/4183 
f 23/23 24/24 4152/4184 4151/4183 
f 25/25 3924/3951 4152/4184 24/24 
f 3922/3949 3921/3948 4152/4184 3924/3951 
f 4153/4185 23/23 4151/4183 4150/4182 
f 4154/4186 4155/4187 4153/4185 4156/4188 
f 22/22 23/23 4153/4185 4155/4187 
f 4157/4189 4156/4188 4153/4185 4150/4182 
f 4158/4190 4156/4188 4157/4189 4159/4191 
f 4148/4180 4160/4192 4157/4189 4150/4182 
f 4161/4193 4159/4191 4157/4189 4160/4192 
f 4162/4194 4159/4191 4161/4193 4163/4195 
f 4164/4196 4165/4197 4161/4193 4160/4192 
f 4166/4198 4163/4195 4161/4193 4165/4197 
f 4167/4199 4163/4195 4166/4198 4168/4200 
f 4169/4201 4170/4202 4166/4198 4165/4197 
f 4171/4203 4168/4200 4166/4198 4170/4202 
f 4172/4204 4168/4200 4171/4203 4173/4205 
f 4174/4206 4175/4207 4171/4203 4170/4202 
f 4176/4208 4173/4205 4171/4203 4175/4207 
f 4177/4209 4173/4205 4176/4208 4178/4210 
f 4179/4211 4180/4212 4176/4208 4175/4207 
f 4181/4213 4178/4210 4176/4208 4180/4212 
f 4182/4214 4178/4210 4181/4213 4088/4115 
f 4183/4215 4091/4118 4181/4213 4180/4212 
f 4089/4116 4088/4115 4181/4213 4091/4118 
f 4179/4211 4184/4216 4183/4215 4180/4212 
f 4185/4217 4186/4218 4183/4215 4184/4216 
f 4092/4119 4091/4118 4183/4215 4186/4218 
f 4187/4219 4188/4220 4186/4218 4185/4217 
f 4093/4120 4092/4119 4186/4218 4188/4220 
f 4189/4221 4190/4222 4188/4220 4187/4219 
f 4095/4122 4093/4120 4188/4220 4190/4222 
f 4191/4223 4192/4224 4190/4222 4189/4221 
f 4097/4124 4095/4122 4190/4222 4192/4224 
f 4122/4150 4193/4225 4192/4224 4191/4223 
f 4099/4126 4097/4124 4192/4224 4193/4225 
f 4120/4147 4119/4146 4193/4225 4122/4150 
f 4101/4128 4099/4126 4193/4225 4119/4146 
f 4194/4226 4125/4227 4191/4223 4189/4221 
f 4123/4151 4122/4150 4191/4223 4125/4227 
f 4187/4219 4195/4228 4194/4226 4189/4221 
f 4196/4229 4197/4230 4194/4231 4195/4232 
f 4126/4156 4125/4155 4194/4231 4197/4230 
f 4133/4163 4131/4161 4197/4230 4196/4229 
f 4127/4157 4126/4156 4197/4230 4131/4161 
f 4198/4233 4199/4234 4196/4229 4195/4232 
f 4135/4165 4133/4163 4196/4229 4199/4234 
f 4200/4235 4201/4236 4199/4234 4198/4233 
f 4202/4237 4135/4165 4199/4234 4201/4236 
f 4203/4238 4204/4239 4202/4240 4201/4241 
f 4140/4170 4138/4173 4202/4240 4204/4239 
f 4136/4166 4135/4165 4202/4237 4138/4168 
f 4205/4242 4206/4243 4204/4239 4203/4238 
f 4142/4174 4140/4170 4204/4239 4206/4243 
f 4169/4201 4207/4244 4206/4243 4205/4242 
f 4144/4176 4142/4174 4206/4243 4207/4244 
f 4165/4197 4164/4196 4207/4244 4169/4201 
f 4146/4178 4144/4176 4207/4244 4164/4196 
f 4170/4202 4169/4201 4205/4242 4174/4206 
f 4208/4245 4174/4206 4205/4242 4203/4238 
f 4175/4207 4174/4206 4208/4245 4179/4211 
f 4201/4241 4200/4246 4208/4245 4203/4238 
f 4184/4216 4179/4211 4208/4245 4200/4246 
f 4185/4217 4184/4216 4200/4246 4198/4247 
f 4187/4219 4185/4217 4198/4247 4195/4228 
f 4209/4248 4210/4249 4182/4214 4085/4112 
f 4177/4209 4178/4210 4182/4214 4210/4249 
f 4086/4113 4085/4112 4182/4214 4088/4115 
f 4211/4250 4212/4251 4210/4249 4209/4248 
f 4213/4252 4177/4209 4210/4249 4212/4251 
f 4214/4253 4215/4254 4213/4252 4212/4251 
f 4216/4255 4172/4204 4213/4252 4215/4254 
f 4173/4205 4177/4209 4213/4252 4172/4204 
f 4217/4256 4218/4257 4216/4255 4215/4254 
f 4219/4258 4167/4199 4216/4255 4218/4257 
f 4168/4200 4172/4204 4216/4255 4167/4199 
f 4220/4259 4221/4260 4219/4258 4218/4257 
f 4222/4261 4162/4194 4219/4258 4221/4260 
f 4163/4195 4167/4199 4219/4258 4162/4194 
f 4223/4262 4224/4263 4222/4261 4221/4260 
f 4225/4264 4158/4190 4222/4261 4224/4263 
f 4159/4191 4162/4194 4222/4261 4158/4190 
f 4226/4265 4227/4266 4225/4264 4224/4263 
f 4228/4267 4154/4186 4225/4264 4227/4266 
f 4156/4188 4158/4190 4225/4264 4154/4186 
f 4229/4268 4230/4269 4228/4267 4227/4266 
f 4231/4270 4232/4271 4228/4267 4230/4269 
f 4155/4187 4154/4186 4228/4267 4232/4271 
f 4233/4272 19/19 4232/4271 4231/4270 
f 22/22 4155/4187 4232/4271 19/19 
f 4234/4273 4235/4274 4233/4272 4231/4270 
f 4236/4275 4237/4276 4233/4272 4235/4274 
f 20/20 19/19 4233/4272 4237/4276 
f 27/27 20/20 4237/4276 4238/4277 
f 4239/4278 4238/4277 4237/4276 4236/4275 
f 4240/4279 4238/4277 4239/4278 4241/4280 
f 4242/4281 4243/4282 4239/4278 4236/4275 
f 4244/4283 4241/4280 4239/4278 4243/4282 
f 4245/4284 4241/4280 4244/4283 4246/4285 
f 4247/4286 4248/4287 4244/4283 4243/4282 
f 4249/4288 4246/4285 4244/4283 4248/4287 
f 4250/4289 4246/4285 4249/4288 4251/4290 
f 4252/4291 4253/4292 4249/4288 4248/4287 
f 4254/4293 4251/4290 4249/4288 4253/4292 
f 4255/4294 4251/4290 4254/4293 4256/4295 
f 4257/4296 4258/4297 4254/4293 4253/4292 
f 4259/4298 4256/4295 4254/4293 4258/4297 
f 4260/4299 4256/4295 4259/4298 4261/4300 
f 4262/4301 4263/4302 4259/4298 4258/4297 
f 4264/4303 4261/4300 4259/4298 4263/4302 
f 4265/4304 4261/4300 4264/4303 4266/4305 
f 4267/4306 4268/4307 4264/4303 4263/4302 
f 4269/4308 4266/4305 4264/4303 4268/4307 
f 4270/4309 4266/4305 4269/4308 4271/4310 
f 4272/4311 4273/4312 4269/4308 4268/4307 
f 4274/4313 4271/4310 4269/4308 4273/4312 
f 4275/4314 4271/4310 4274/4313 4276/4315 
f 4277/4316 4278/4317 4274/4313 4273/4312 
f 4279/4318 4276/4315 4274/4313 4278/4317 
f 4280/4319 4276/4315 4279/4318 4281/4320 
f 4282/4321 4283/4322 4279/4318 4278/4317 
f 4284/4323 4281/4320 4279/4318 4283/4322 
f 4285/4324 4281/4320 4284/4323 4286/4325 
f 4287/4326 4288/4327 4284/4323 4283/4322 
f 4289/4328 4286/4325 4284/4323 4288/4327 
f 4290/4329 4286/4325 4289/4328 4291/4330 
f 4292/4331 4293/4332 4289/4328 4288/4327 
f 4294/4333 4291/4330 4289/4328 4293/4332 
f 4295/4334 4291/4330 4294/4333 4296/4335 
f 4297/4336 4298/4337 4294/4333 4293/4332 
f 4299/4338 4296/4335 4294/4333 4298/4337 
f 4300/4339 4296/4335 4299/4338 4301/4340 
f 4302/4341 4303/4342 4299/4338 4298/4337 
f 4304/4343 4301/4340 4299/4338 4303/4342 
f 4305/4344 4301/4340 4304/4343 4306/4345 
f 4307/4346 4308/4347 4304/4343 4303/4342 
f 4309/4348 4306/4345 4304/4343 4308/4347 
f 4310/4349 4306/4345 4309/4348 4311/4350 
f 4312/4351 4313/4352 4309/4348 4308/4347 
f 4314/4353 4311/4350 4309/4348 4313/4352 
f 4315/4354 4311/4350 4314/4353 4316/4355 
f 4059/4086 4058/4085 4314/4353 4313/4352 
f 4317/4356 4316/4355 4314/4353 4058/4085 
f 4318/4357 4316/4355 4317/4356 4319/4358 
f 4056/4083 4055/4082 4317/4356 4058/4085 
f 4039/4066 4319/4358 4317/4356 4055/4082 
f 4021/4048 4020/4047 4318/4357 4025/4052 
f 4315/4354 4316/4355 4318/4357 4020/4047 
f 4320/4359 4025/4052 4318/4357 4319/4358 
f 4026/4053 4025/4052 4320/4359 4030/4057 
f 4039/4066 4037/4064 4320/4359 4319/4358 
f 4035/4062 4030/4057 4320/4359 4037/4064 
f 4016/4043 4015/4042 4315/4354 4020/4047 
f 4310/4349 4311/4350 4315/4354 4015/4042 
f 4060/4087 4059/4086 4313/4352 4312/4351 
f 4307/4346 4321/4360 4312/4351 4308/4347 
f 4062/4089 4060/4087 4312/4351 4321/4360 
f 4322/4361 4323/4362 4321/4360 4307/4346 
f 4064/4091 4062/4089 4321/4360 4323/4362 
f 4324/4363 4325/4364 4323/4362 4322/4361 
f 4066/4093 4064/4091 4323/4362 4325/4364 
f 4326/4365 4327/4366 4325/4364 4324/4363 
f 4068/4095 4066/4093 4325/4364 4327/4366 
f 4328/4367 4329/4368 4327/4366 4326/4365 
f 4070/4097 4068/4095 4327/4366 4329/4368 
f 4330/4369 4331/4370 4329/4368 4328/4367 
f 4072/4099 4070/4097 4329/4368 4331/4370 
f 4332/4371 4333/4372 4331/4370 4330/4369 
f 4074/4101 4072/4099 4331/4370 4333/4372 
f 4334/4373 4335/4374 4333/4372 4332/4371 
f 4076/4103 4074/4101 4333/4372 4335/4374 
f 4336/4375 4337/4376 4335/4374 4334/4373 
f 4078/4105 4076/4103 4335/4374 4337/4376 
f 4338/4377 4339/4378 4337/4376 4336/4375 
f 4080/4107 4078/4105 4337/4376 4339/4378 
f 4340/4379 4341/4380 4339/4378 4338/4377 
f 4082/4109 4080/4107 4339/4378 4341/4380 
f 4342/4381 4211/4250 4341/4380 4340/4379 
f 4209/4248 4082/4109 4341/4380 4211/4250 
f 4343/4382 4344/4383 4342/4381 4340/4379 
f 4345/4384 4214/4253 4342/4381 4344/4383 
f 4212/4251 4211/4250 4342/4381 4214/4253 
f 4346/4385 4347/4386 4345/4384 4344/4383 
f 4348/4387 4217/4256 4345/4384 4347/4386 
f 4215/4254 4214/4253 4345/4384 4217/4256 
f 4349/4388 4350/4389 4348/4387 4347/4386 
f 4351/4390 4220/4259 4348/4387 4350/4389 
f 4218/4257 4217/4256 4348/4387 4220/4259 
f 4352/4391 4353/4392 4351/4390 4350/4389 
f 4354/4393 4223/4262 4351/4390 4353/4392 
f 4221/4260 4220/4259 4351/4390 4223/4262 
f 4355/4394 4356/4395 4354/4393 4353/4392 
f 4357/4396 4226/4265 4354/4393 4356/4395 
f 4224/4263 4223/4262 4354/4393 4226/4265 
f 426/430 427/431 4357/4396 4356/4395 
f 428/432 4229/4268 4357/4396 427/431 
f 4227/4266 4226/4265 4357/4396 4229/4268 
f 4358/4397 426/430 4356/4395 4355/4394 
f 4359/4398 4360/4399 4358/4397 4361/4400 
f 425/429 426/430 4358/4397 4360/4399 
f 4362/4401 4361/4400 4358/4397 4355/4394 
f 4363/4402 4361/4400 4362/4401 4364/4403 
f 4353/4392 4352/4391 4362/4401 4355/4394 
f 4365/4404 4364/4403 4362/4401 4352/4391 
f 4366/4405 4364/4403 4365/4404 4367/4406 
f 4350/4389 4349/4388 4365/4404 4352/4391 
f 4368/4407 4367/4406 4365/4404 4349/4388 
f 4369/4408 4367/4406 4368/4407 4370/4409 
f 4347/4386 4346/4385 4368/4407 4349/4388 
f 4371/4410 4370/4409 4368/4407 4346/4385 
f 4372/4411 4370/4409 4371/4410 4373/4412 
f 4344/4383 4343/4382 4371/4410 4346/4385 
f 4374/4413 4373/4412 4371/4410 4343/4382 
f 4375/4414 4373/4412 4374/4413 4376/4415 
f 4340/4379 4338/4377 4374/4413 4343/4382 
f 4336/4375 4376/4415 4374/4413 4338/4377 
f 4377/4416 4378/4417 4375/4414 4379/4418 
f 4372/4411 4373/4412 4375/4414 4378/4417 
f 4380/4419 4379/4418 4375/4414 4376/4415 
f 4381/4420 4379/4418 4380/4419 4382/4421 
f 4336/4375 4334/4373 4380/4419 4376/4415 
f 4332/4371 4382/4421 4380/4419 4334/4373 
f 4383/4422 4384/4423 4381/4420 4385/4424 
f 4377/4416 4379/4418 4381/4420 4384/4423 
f 4386/4425 4385/4424 4381/4420 4382/4421 
f 4387/4426 4385/4424 4386/4425 4388/4427 
f 4332/4371 4330/4369 4386/4425 4382/4421 
f 4328/4367 4388/4427 4386/4425 4330/4369 
f 4292/4331 4389/4428 4387/4426 4390/4429 
f 4383/4422 4385/4424 4387/4426 4389/4428 
f 4391/4430 4390/4429 4387/4426 4388/4427 
f 4297/4336 4390/4429 4391/4430 4392/4431 
f 4328/4367 4326/4365 4391/4430 4388/4427 
f 4324/4363 4392/4431 4391/4430 4326/4365 
f 4298/4337 4297/4336 4392/4431 4302/4341 
f 4322/4361 4302/4341 4392/4431 4324/4363 
f 4288/4327 4287/4326 4389/4428 4292/4331 
f 4393/4432 4383/4422 4389/4428 4287/4326 
f 4283/4322 4282/4321 4393/4432 4287/4326 
f 4394/4433 4395/4434 4393/4432 4282/4321 
f 4384/4423 4383/4422 4393/4432 4395/4434 
f 4396/4435 4397/4436 4395/4434 4394/4433 
f 4377/4416 4384/4423 4395/4434 4397/4436 
f 4398/4437 4399/4438 4397/4436 4396/4435 
f 4378/4417 4377/4416 4397/4436 4399/4438 
f 4400/4439 4401/4440 4399/4438 4398/4437 
f 4372/4411 4378/4417 4399/4438 4401/4440 
f 4402/4441 4369/4408 4401/4440 4400/4439 
f 4370/4409 4372/4411 4401/4440 4369/4408 
f 4403/4442 4404/4443 4402/4441 4400/4439 
f 4405/4444 4366/4405 4402/4441 4404/4443 
f 4367/4406 4369/4408 4402/4441 4366/4405 
f 4406/4445 4407/4446 4405/4444 4404/4443 
f 4408/4447 4363/4402 4405/4444 4407/4446 
f 4364/4403 4366/4405 4405/4444 4363/4402 
f 4409/4448 4410/4449 4408/4447 4407/4446 
f 4411/4450 4359/4398 4408/4447 4410/4449 
f 4361/4400 4363/4402 4408/4447 4359/4398 
f 4412/4451 4413/4452 4411/4450 4410/4449 
f 4414/4453 4415/4454 4411/4450 4413/4452 
f 4360/4399 4359/4398 4411/4450 4415/4454 
f 4416/4455 422/426 4415/4454 4414/4453 
f 425/429 4360/4399 4415/4454 422/426 
f 406/410 407/411 4416/4455 4414/4453 
f 4417/4456 4418/4457 4416/4455 407/411 
f 423/427 422/426 4416/4455 4418/4457 
f 4234/4273 4419/4458 4418/4457 4417/4456 
f 428/432 423/427 4418/4457 4419/4458 
f 4231/4270 4230/4269 4419/4458 4234/4273 
f 4229/4268 428/432 4419/4458 4230/4269 
f 408/412 4420/4459 4417/4456 407/411 
f 4235/4274 4234/4273 4417/4456 4420/4459 
f 4236/4275 4235/4274 4420/4459 4242/4281 
f 409/413 4242/4281 4420/4459 408/412 
f 403/407 406/410 4414/4453 4413/4452 
f 4421/4460 403/407 4413/4452 4412/4451 
f 4252/4291 4422/4461 4421/4460 4423/4462 
f 404/408 403/407 4421/4460 4422/4461 
f 4424/4463 4423/4462 4421/4460 4412/4451 
f 4257/4296 4423/4462 4424/4463 4425/4464 
f 4410/4449 4409/4448 4424/4463 4412/4451 
f 4426/4465 4425/4464 4424/4463 4409/4448 
f 4262/4301 4425/4464 4426/4465 4427/4466 
f 4407/4446 4406/4445 4426/4465 4409/4448 
f 4428/4467 4427/4466 4426/4465 4406/4445 
f 4267/4306 4427/4466 4428/4467 4429/4468 
f 4404/4443 4403/4442 4428/4467 4406/4445 
f 4430/4469 4429/4468 4428/4467 4403/4442 
f 4272/4311 4429/4468 4430/4469 4431/4470 
f 4400/4439 4398/4437 4430/4469 4403/4442 
f 4396/4435 4431/4470 4430/4469 4398/4437 
f 4273/4312 4272/4311 4431/4470 4277/4316 
f 4394/4433 4277/4316 4431/4470 4396/4435 
f 4268/4307 4267/4306 4429/4468 4272/4311 
f 4263/4302 4262/4301 4427/4466 4267/4306 
f 4258/4297 4257/4296 4425/4464 4262/4301 
f 4248/4287 4247/4286 4422/4461 4252/4291 
f 409/413 404/408 4422/4461 4247/4286 
f 4253/4292 4252/4291 4423/4462 4257/4296 
f 4278/4317 4277/4316 4394/4433 4282/4321 
f 4293/4332 4292/4331 4390/4429 4297/4336 
f 4303/4342 4302/4341 4322/4361 4307/4346 
f 4011/4038 4010/4037 4310/4349 4015/4042 
f 4305/4344 4306/4345 4310/4349 4010/4037 
f 4006/4033 4005/4032 4305/4344 4010/4037 
f 4300/4339 4301/4340 4305/4344 4005/4032 
f 4001/4028 4000/4027 4300/4339 4005/4032 
f 4295/4334 4296/4335 4300/4339 4000/4027 
f 3996/4023 3995/4022 4295/4334 4000/4027 
f 4290/4329 4291/4330 4295/4334 3995/4022 
f 3991/4018 3990/4017 4290/4329 3995/4022 
f 4285/4324 4286/4325 4290/4329 3990/4017 
f 3986/4013 3985/4012 4285/4324 3990/4017 
f 4280/4319 4281/4320 4285/4324 3985/4012 
f 3981/4008 3980/4007 4280/4319 3985/4012 
f 4275/4314 4276/4315 4280/4319 3980/4007 
f 3976/4003 3975/4002 4275/4314 3980/4007 
f 4270/4309 4271/4310 4275/4314 3975/4002 
f 3971/3998 3970/3997 4270/4309 3975/4002 
f 4265/4304 4266/4305 4270/4309 3970/3997 
f 3966/3993 3965/3992 4265/4304 3970/3997 
f 4260/4299 4261/4300 4265/4304 3965/3992 
f 3961/3988 3960/3987 4260/4299 3965/3992 
f 4255/4294 4256/4295 4260/4299 3960/3987 
f 3956/3983 3955/3982 4255/4294 3960/3987 
f 4250/4289 4251/4290 4255/4294 3955/3982 
f 3951/3978 3950/3977 4250/4289 3955/3982 
f 4245/4284 4246/4285 4250/4289 3950/3977 
f 4242/4281 409/413 4247/4286 4243/4282 
f 3946/3973 3945/3972 4245/4284 3950/3977 
f 4240/4279 4241/4280 4245/4284 3945/3972 
f 3941/3968 3940/3967 4240/4279 3945/3972 
f 27/27 4238/4277 4240/4279 3940/3967 
f 4083/4110 4082/4109 4209/4248 4085/4112 
f 4148/4180 4146/4178 4164/4196 4160/4192 
f 4103/4130 4101/4128 4119/4146 4117/4144 
f 4040/4067 4039/4066 4055/4082 4042/4069 
f 4432/4471 4433/4472 4033/4060 3773/3791 
f 4028/4055 4029/4056 4033/4060 4433/4472 
f 3774/3792 3773/3791 4033/4060 3776/3794 
f 4434/4473 4435/4474 4433/4472 4432/4471 
f 4436/4475 4028/4055 4433/4472 4435/4474 
f 4437/4476 4438/4477 4436/4475 4435/4474 
f 4439/4478 4023/4050 4436/4475 4438/4477 
f 4024/4051 4028/4055 4436/4475 4023/4050 
f 4440/4479 4441/4480 4439/4478 4438/4477 
f 4442/4481 4018/4045 4439/4478 4441/4480 
f 4019/4046 4023/4050 4439/4478 4018/4045 
f 4443/4482 4444/4483 4442/4481 4441/4480 
f 4445/4484 4013/4040 4442/4481 4444/4483 
f 4014/4041 4018/4045 4442/4481 4013/4040 
f 4446/4485 4447/4486 4445/4484 4444/4483 
f 4448/4487 4008/4035 4445/4484 4447/4486 
f 4009/4036 4013/4040 4445/4484 4008/4035 
f 4449/4488 4450/4489 4448/4487 4447/4486 
f 4451/4490 4003/4030 4448/4487 4450/4489 
f 4004/4031 4008/4035 4448/4487 4003/4030 
f 4452/4491 4453/4492 4451/4490 4450/4489 
f 4454/4493 3998/4025 4451/4490 4453/4492 
f 3999/4026 4003/4030 4451/4490 3998/4025 
f 4455/4494 4456/4495 4454/4493 4453/4492 
f 4457/4496 3993/4020 4454/4493 4456/4495 
f 3994/4021 3998/4025 4454/4493 3993/4020 
f 4458/4497 4459/4498 4457/4496 4456/4495 
f 4460/4499 3988/4015 4457/4496 4459/4498 
f 3989/4016 3993/4020 4457/4496 3988/4015 
f 4461/4500 4462/4501 4460/4499 4459/4498 
f 4463/4502 3983/4010 4460/4499 4462/4501 
f 3984/4011 3988/4015 4460/4499 3983/4010 
f 4464/4503 4465/4504 4463/4502 4462/4501 
f 4466/4505 3978/4005 4463/4502 4465/4504 
f 3979/4006 3983/4010 4463/4502 3978/4005 
f 4467/4506 4468/4507 4466/4505 4465/4504 
f 4469/4508 3973/4000 4466/4505 4468/4507 
f 3974/4001 3978/4005 4466/4505 3973/4000 
f 4470/4509 4471/4510 4469/4508 4468/4507 
f 4472/4511 3968/3995 4469/4508 4471/4510 
f 3969/3996 3973/4000 4469/4508 3968/3995 
f 49/49 48/48 4472/4511 4471/4510 
f 4473/4512 3963/3990 4472/4511 48/48 
f 3964/3991 3968/3995 4472/4511 3963/3990 
f 51/51 4474/4513 4473/4512 48/48 
f 4475/4514 3958/3985 4473/4512 4474/4513 
f 3959/3986 3963/3990 4473/4512 3958/3985 
f 4476/4515 4477/4516 4475/4514 4474/4513 
f 4478/4517 3953/3980 4475/4514 4477/4516 
f 3954/3981 3958/3985 4475/4514 3953/3980 
f 4479/4518 4480/4519 4478/4517 4477/4516 
f 4481/4520 3948/3975 4478/4517 4480/4519 
f 3949/3976 3953/3980 4478/4517 3948/3975 
f 4482/4521 4483/4522 4481/4520 4480/4519 
f 4484/4523 3943/3970 4481/4520 4483/4522 
f 3944/3971 3948/3975 4481/4520 3943/3970 
f 4485/4524 4486/4525 4484/4523 4483/4522 
f 4487/4526 3938/3965 4484/4523 4486/4525 
f 3939/3966 3943/3970 4484/4523 3938/3965 
f 4488/4527 4489/4528 4487/4526 4486/4525 
f 4490/4529 3934/3961 4487/4526 4489/4528 
f 3935/3962 3938/3965 4487/4526 3934/3961 
f 4491/4530 4492/4531 4490/4529 4489/4528 
f 165/169 164/168 4490/4529 4492/4531 
f 3932/3959 3934/3961 4490/4529 164/168 
f 45/45 42/42 4492/4531 4491/4530 
f 41/41 165/169 4492/4531 42/42 
f 4493/4532 45/45 4491/4530 4494/4533 
f 4488/4527 4494/4533 4491/4530 4489/4528 
f 4495/4534 4496/4535 4493/4532 4497/4536 
f 46/46 45/45 4493/4532 4496/4535 
f 4498/4537 4497/4536 4493/4532 4494/4533 
f 4499/4538 4497/4536 4498/4537 4500/4539 
f 4488/4527 4501/4540 4498/4537 4494/4533 
f 4502/4541 4500/4539 4498/4537 4501/4540 
f 4503/4542 4500/4539 4502/4541 4504/4543 
f 4485/4524 4505/4544 4502/4541 4501/4540 
f 4506/4545 4504/4543 4502/4541 4505/4544 
f 4507/4546 4504/4543 4506/4545 4508/4547 
f 4482/4521 4509/4548 4506/4545 4505/4544 
f 4510/4549 4508/4547 4506/4545 4509/4548 
f 4511/4550 4508/4547 4510/4549 4512/4551 
f 4479/4518 4513/4552 4510/4549 4509/4548 
f 4514/4553 4512/4551 4510/4549 4513/4552 
f 4515/4554 4512/4551 4514/4553 4516/4555 
f 4476/4515 52/52 4514/4553 4513/4552 
f 53/53 4516/4555 4514/4553 52/52 
f 4517/4556 4518/4557 4515/4554 4519/4558 
f 4511/4550 4512/4551 4515/4554 4518/4557 
f 4520/4559 4519/4558 4515/4554 4516/4555 
f 4521/4560 4519/4558 4520/4559 4522/4561 
f 53/53 56/56 4520/4559 4516/4555 
f 4523/4562 4522/4561 4520/4559 56/56 
f 4524/4563 4522/4561 4523/4562 4525/4564 
f 57/57 4526/4565 4523/4562 56/56 
f 4527/4566 4525/4564 4523/4562 4526/4565 
f 4528/4567 4525/4564 4527/4566 4529/4568 
f 4530/4569 4531/4570 4527/4566 4526/4565 
f 4532/4571 4529/4568 4527/4566 4531/4570 
f 4533/4572 4529/4568 4532/4571 4534/4573 
f 4535/4574 4536/4575 4532/4571 4531/4570 
f 4537/4576 4534/4573 4532/4571 4536/4575 
f 4538/4577 4534/4573 4537/4576 4539/4578 
f 4540/4579 4541/4580 4537/4576 4536/4575 
f 4542/4581 4539/4578 4537/4576 4541/4580 
f 4543/4582 4539/4578 4542/4581 4544/4583 
f 4545/4584 4546/4585 4542/4581 4541/4580 
f 4547/4586 4544/4583 4542/4581 4546/4585 
f 4548/4587 4544/4583 4547/4586 4549/4588 
f 4550/4589 4551/4590 4547/4586 4546/4585 
f 4552/4591 4549/4588 4547/4586 4551/4590 
f 4553/4592 4549/4588 4552/4591 4554/4593 
f 4555/4594 4556/4595 4552/4591 4551/4590 
f 4557/4596 4554/4593 4552/4591 4556/4595 
f 4558/4597 4554/4593 4557/4596 4559/4598 
f 4560/4599 4561/4600 4557/4596 4556/4595 
f 242/246 4559/4598 4557/4596 4561/4600 
f 4562/4601 4563/4602 4561/4600 4560/4599 
f 240/244 242/246 4561/4600 4563/4602 
f 4564/4603 4565/4604 4563/4602 4562/4601 
f 4566/4605 240/244 4563/4602 4565/4604 
f 241/245 240/244 4566/4605 4567/4606 
f 4568/4607 4569/4608 4566/4605 4565/4604 
f 4570/4609 4567/4606 4566/4605 4569/4608 
f 4571/4610 4567/4606 4570/4609 4572/4611 
f 4573/4612 4574/4613 4570/4609 4569/4608 
f 4575/4614 4572/4611 4570/4609 4574/4613 
f 4576/4615 217/221 4575/4614 4574/4613 
f 214/218 4577/4616 4575/4614 217/221 
f 4578/4617 4572/4611 4575/4614 4577/4616 
f 4571/4610 4572/4611 4578/4617 4579/4618 
f 4580/4619 4581/4620 4578/4617 4577/4616 
f 4582/4621 4579/4618 4578/4617 4581/4620 
f 4583/4622 4579/4618 4582/4621 4584/4623 
f 4585/4624 4586/4625 4582/4621 4581/4620 
f 4587/4626 4584/4623 4582/4621 4586/4625 
f 4588/4627 4584/4623 4587/4626 4589/4628 
f 4590/4629 4591/4630 4587/4626 4586/4625 
f 4592/4631 4589/4628 4587/4626 4591/4630 
f 4593/4632 4589/4628 4592/4631 333/337 
f 4594/4633 4595/4634 4592/4631 4591/4630 
f 334/338 333/337 4592/4631 4595/4634 
f 4596/4635 4597/4636 4595/4634 4594/4633 
f 4598/4637 334/338 4595/4634 4597/4636 
f 335/339 334/338 4598/4637 4599/4638 
f 4600/4639 271/275 4598/4637 4597/4636 
f 270/274 4599/4638 4598/4637 271/275 
f 4596/4635 4601/4640 4600/4639 4597/4636 
f 59/59 4602/4641 4600/4639 4601/4640 
f 268/272 271/275 4600/4639 4602/4641 
f 62/62 4603/4642 4602/4641 59/59 
f 4604/4643 268/272 4602/4641 4603/4642 
f 265/269 268/272 4604/4643 4605/4644 
f 4606/4645 4607/4646 4604/4643 4603/4642 
f 4608/4647 4605/4644 4604/4643 4607/4646 
f 4609/4648 4605/4644 4608/4647 4610/4649 
f 4611/4650 4612/4651 4608/4647 4607/4646 
f 4613/4652 4610/4649 4608/4647 4612/4651 
f 4614/4653 4610/4649 4613/4652 4615/4654 
f 4616/4655 4617/4656 4613/4652 4612/4651 
f 4618/4657 4615/4654 4613/4652 4617/4656 
f 4619/4658 4615/4654 4618/4657 4620/4659 
f 4621/4660 4622/4661 4618/4657 4617/4656 
f 4623/4662 4620/4659 4618/4657 4622/4661 
f 4624/4663 4620/4659 4623/4662 4625/4664 
f 4626/4665 4627/4666 4623/4662 4622/4661 
f 4628/4667 4625/4664 4623/4662 4627/4666 
f 4629/4668 4625/4664 4628/4667 4630/4669 
f 3732/3750 4631/4670 4628/4667 4627/4666 
f 4632/4671 4630/4669 4628/4667 4631/4670 
f 4633/4672 4630/4669 4632/4671 4634/4673 
f 3727/3745 3726/3744 4632/4671 4631/4670 
f 3725/3743 4634/4673 4632/4671 3726/3744 
f 4635/4674 4636/4675 4633/4672 4637/4676 
f 4629/4668 4630/4669 4633/4672 4636/4675 
f 4638/4677 4637/4676 4633/4672 4634/4673 
f 4639/4678 4637/4676 4638/4677 4640/4679 
f 3725/3743 4641/4680 4638/4677 4634/4673 
f 3715/3733 4640/4679 4638/4677 4641/4680 
f 3723/3741 3718/3736 4641/4680 3725/3743 
f 3716/3734 3715/3733 4641/4680 3718/3736 
f 4642/4681 4643/4682 4639/4678 4644/4683 
f 4635/4674 4637/4676 4639/4678 4643/4682 
f 4645/4684 4644/4683 4639/4678 4640/4679 
f 4646/4685 4644/4683 4645/4684 4647/4686 
f 3715/3733 3713/3731 4645/4684 4640/4679 
f 3711/3729 4647/4686 4645/4684 3713/3731 
f 4648/4687 4649/4688 4646/4685 4650/4689 
f 4642/4681 4644/4683 4646/4685 4649/4688 
f 4651/4690 4650/4689 4646/4685 4647/4686 
f 4652/4691 4650/4689 4651/4690 4653/4692 
f 3711/3729 3710/3728 4651/4690 4647/4686 
f 3709/3727 4653/4692 4651/4690 3710/3728 
f 4654/4693 4655/4694 4652/4691 4656/4695 
f 4648/4687 4650/4689 4652/4691 4655/4694 
f 4657/4696 4656/4695 4652/4691 4653/4692 
f 4658/4697 4656/4695 4657/4696 4659/4698 
f 3709/3727 4660/4699 4657/4696 4653/4692 
f 4661/4700 4659/4698 4657/4696 4660/4699 
f 4662/4701 4659/4698 4661/4700 4663/4702 
f 3706/3724 4664/4703 4661/4700 4660/4699 
f 4665/4704 4663/4702 4661/4700 4664/4703 
f 4666/4705 4663/4702 4665/4704 4667/4706 
f 4668/4707 4669/4708 4665/4704 4664/4703 
f 4670/4709 4667/4706 4665/4704 4669/4708 
f 4671/4710 4667/4706 4670/4709 4672/4711 
f 321/325 4673/4712 4670/4709 4669/4708 
f 4674/4713 4672/4711 4670/4709 4673/4712 
f 4675/4714 4672/4711 4674/4713 4676/4715 
f 4677/4716 4678/4717 4674/4713 4673/4712 
f 4679/4718 4676/4715 4674/4713 4678/4717 
f 4680/4719 4676/4715 4679/4718 4681/4720 
f 3694/3712 3693/3711 4679/4718 4678/4717 
f 3692/3710 4681/4720 4679/4718 3693/3711 
f 4682/4721 4683/4722 4680/4719 4684/4723 
f 4675/4714 4676/4715 4680/4719 4683/4722 
f 4685/4724 4684/4723 4680/4719 4681/4720 
f 4686/4725 4684/4723 4685/4724 292/296 
f 3692/3710 4687/4726 4685/4724 4681/4720 
f 293/297 292/296 4685/4724 4687/4726 
f 3690/3708 3689/3707 4687/4726 3692/3710 
f 298/302 293/297 4687/4726 3689/3707 
f 4688/4727 4689/4728 4686/4725 4690/4729 
f 4682/4721 4684/4723 4686/4725 4689/4728 
f 295/299 4690/4729 4686/4725 292/296 
f 4691/4730 4692/4731 4689/4728 4688/4727 
f 4693/4732 4682/4721 4689/4728 4692/4731 
f 4694/4733 4695/4734 4693/4732 4692/4731 
f 4696/4735 4697/4736 4693/4732 4695/4734 
f 4683/4722 4682/4721 4693/4732 4697/4736 
f 4698/4737 4699/4738 4697/4736 4696/4735 
f 4675/4714 4683/4722 4697/4736 4699/4738 
f 4700/4739 4671/4710 4699/4738 4698/4737 
f 4672/4711 4675/4714 4699/4738 4671/4710 
f 4701/4740 4702/4741 4700/4739 4698/4737 
f 4703/4742 4666/4705 4700/4739 4702/4741 
f 4667/4706 4671/4710 4700/4739 4666/4705 
f 4704/4743 4705/4744 4703/4742 4702/4741 
f 4706/4745 4662/4701 4703/4742 4705/4744 
f 4663/4702 4666/4705 4703/4742 4662/4701 
f 4707/4746 4708/4747 4706/4745 4705/4744 
f 4709/4748 4658/4697 4706/4745 4708/4747 
f 4659/4698 4662/4701 4706/4745 4658/4697 
f 4710/4749 4711/4750 4709/4748 4708/4747 
f 4712/4751 4654/4693 4709/4748 4711/4750 
f 4656/4695 4658/4697 4709/4748 4654/4693 
f 4713/4752 4714/4753 4712/4751 4711/4750 
f 4715/4754 4716/4755 4712/4751 4714/4753 
f 4655/4694 4654/4693 4712/4751 4716/4755 
f 4717/4756 4718/4757 4716/4755 4715/4754 
f 4648/4687 4655/4694 4716/4755 4718/4757 
f 4719/4758 4720/4759 4718/4757 4717/4756 
f 4649/4688 4648/4687 4718/4757 4720/4759 
f 4721/4760 4722/4761 4720/4759 4719/4758 
f 4642/4681 4649/4688 4720/4759 4722/4761 
f 4723/4762 4724/4763 4722/4761 4721/4760 
f 4643/4682 4642/4681 4722/4761 4724/4763 
f 4725/4764 4726/4765 4724/4763 4723/4762 
f 4635/4674 4643/4682 4724/4763 4726/4765 
f 4727/4766 4728/4767 4726/4765 4725/4764 
f 4636/4675 4635/4674 4726/4765 4728/4767 
f 4729/4768 4730/4769 4728/4767 4727/4766 
f 4629/4668 4636/4675 4728/4767 4730/4769 
f 4731/4770 4624/4663 4730/4769 4729/4768 
f 4625/4664 4629/4668 4730/4769 4624/4663 
f 4732/4771 4733/4772 4731/4770 4729/4768 
f 4734/4773 4619/4658 4731/4770 4733/4772 
f 4620/4659 4624/4663 4731/4770 4619/4658 
f 4735/4774 4736/4775 4734/4773 4733/4772 
f 4737/4776 4614/4653 4734/4773 4736/4775 
f 4615/4654 4619/4658 4734/4773 4614/4653 
f 4738/4777 4739/4778 4737/4776 4736/4775 
f 4740/4779 4609/4648 4737/4776 4739/4778 
f 4610/4649 4614/4653 4737/4776 4609/4648 
f 4741/4780 4742/4781 4740/4779 4739/4778 
f 266/270 265/269 4740/4779 4742/4781 
f 4605/4644 4609/4648 4740/4779 265/269 
f 4743/4782 4744/4783 4742/4781 4741/4780 
f 269/273 266/270 4742/4781 4744/4783 
f 4745/4784 4746/4785 4744/4783 4743/4782 
f 4747/4786 269/273 4744/4783 4746/4785 
f 4748/4787 4749/4788 4747/4786 4746/4785 
f 4750/4789 4751/4790 4747/4786 4749/4788 
f 270/274 269/273 4747/4786 4751/4790 
f 4752/4791 4753/4792 4751/4790 4750/4789 
f 4599/4638 270/274 4751/4790 4753/4792 
f 4754/4793 336/340 4753/4792 4752/4791 
f 335/339 4599/4638 4753/4792 336/340 
f 4755/4794 4756/4795 4754/4793 4752/4791 
f 4757/4796 4593/4632 4754/4793 4756/4795 
f 333/337 336/340 4754/4793 4593/4632 
f 4758/4797 4759/4798 4757/4796 4756/4795 
f 4760/4799 4588/4627 4757/4796 4759/4798 
f 4589/4628 4593/4632 4757/4796 4588/4627 
f 4761/4800 4762/4801 4760/4799 4759/4798 
f 4763/4802 4583/4622 4760/4799 4762/4801 
f 4584/4623 4588/4627 4760/4799 4583/4622 
f 239/243 241/245 4763/4802 4762/4801 
f 4567/4606 4571/4610 4763/4802 241/245 
f 4579/4618 4583/4622 4763/4802 4571/4610 
f 236/240 239/243 4762/4801 4761/4800 
f 4764/4803 236/240 4761/4800 4765/4804 
f 4758/4797 4765/4804 4761/4800 4759/4798 
f 4766/4805 4767/4806 4764/4803 4768/4807 
f 237/241 236/240 4764/4803 4767/4806 
f 4769/4808 4768/4807 4764/4803 4765/4804 
f 4770/4809 4768/4807 4769/4808 4771/4810 
f 4758/4797 4772/4811 4769/4808 4765/4804 
f 4773/4812 4771/4810 4769/4808 4772/4811 
f 4774/4813 4771/4810 4773/4812 4775/4814 
f 4755/4794 4776/4815 4773/4812 4772/4811 
f 4777/4816 4775/4814 4773/4812 4776/4815 
f 4778/4817 4775/4814 4777/4816 4779/4818 
f 4750/4789 4749/4788 4777/4816 4776/4815 
f 4748/4787 4779/4818 4777/4816 4749/4788 
f 4780/4819 4781/4820 4778/4817 4782/4821 
f 4774/4813 4775/4814 4778/4817 4781/4820 
f 4783/4822 4782/4821 4778/4817 4779/4818 
f 4784/4823 4782/4821 4783/4822 4785/4824 
f 4748/4787 4786/4825 4783/4822 4779/4818 
f 4787/4826 4785/4824 4783/4822 4786/4825 
f 4788/4827 4785/4824 4787/4826 4789/4828 
f 4745/4784 4790/4829 4787/4826 4786/4825 
f 4791/4830 4789/4828 4787/4826 4790/4829 
f 4792/4831 4789/4828 4791/4830 4793/4832 
f 4794/4833 4795/4834 4791/4830 4790/4829 
f 4796/4835 4793/4832 4791/4830 4795/4834 
f 4797/4836 4793/4832 4796/4835 4798/4837 
f 4799/4838 4800/4839 4796/4835 4795/4834 
f 4801/4840 4798/4837 4796/4835 4800/4839 
f 4802/4841 4798/4837 4801/4840 4803/4842 
f 4804/4843 4805/4844 4801/4840 4800/4839 
f 4806/4845 4803/4842 4801/4840 4805/4844 
f 4807/4846 4803/4842 4806/4845 4808/4847 
f 4809/4848 4810/4849 4806/4845 4805/4844 
f 4811/4850 4808/4847 4806/4845 4810/4849 
f 4812/4851 4808/4847 4811/4850 4813/4852 
f 4814/4853 4815/4854 4811/4850 4810/4849 
f 4816/4855 4813/4852 4811/4850 4815/4854 
f 4817/4856 4813/4852 4816/4855 4818/4857 
f 4723/4762 4721/4760 4816/4855 4815/4854 
f 4719/4758 4818/4857 4816/4855 4721/4760 
f 4819/4858 4820/4859 4817/4856 4821/4860 
f 4812/4851 4813/4852 4817/4856 4820/4859 
f 4822/4861 4821/4860 4817/4856 4818/4857 
f 4823/4862 4821/4860 4822/4861 4824/4863 
f 4719/4758 4717/4756 4822/4861 4818/4857 
f 4715/4754 4824/4863 4822/4861 4717/4756 
f 4825/4864 4826/4865 4823/4862 4827/4866 
f 4819/4858 4821/4860 4823/4862 4826/4865 
f 4828/4867 4827/4866 4823/4862 4824/4863 
f 4829/4868 4827/4866 4828/4867 4830/4869 
f 4715/4754 4714/4753 4828/4867 4824/4863 
f 4713/4752 4830/4869 4828/4867 4714/4753 
f 4831/4870 4832/4871 4829/4868 4833/4872 
f 4825/4864 4827/4866 4829/4868 4832/4871 
f 4834/4873 4833/4872 4829/4868 4830/4869 
f 4835/4874 4833/4872 4834/4873 4836/4875 
f 4713/4752 4837/4876 4834/4873 4830/4869 
f 4838/4877 4836/4875 4834/4873 4837/4876 
f 4839/4878 4836/4875 4838/4877 4840/4879 
f 4710/4749 4841/4880 4838/4877 4837/4876 
f 4842/4881 4840/4879 4838/4877 4841/4880 
f 4843/4882 4840/4879 4842/4881 4844/4883 
f 4707/4746 4845/4884 4842/4881 4841/4880 
f 4846/4885 4844/4883 4842/4881 4845/4884 
f 4847/4886 4844/4883 4846/4885 4848/4887 
f 4704/4743 4849/4888 4846/4885 4845/4884 
f 4850/4889 4848/4887 4846/4885 4849/4888 
f 4851/4890 4848/4887 4850/4889 4852/4891 
f 4701/4740 4853/4892 4850/4889 4849/4888 
f 4854/4893 4852/4891 4850/4889 4853/4892 
f 4855/4894 4852/4891 4854/4893 4856/4895 
f 4696/4735 4695/4734 4854/4893 4853/4892 
f 4694/4733 4856/4895 4854/4893 4695/4734 
f 4857/4896 4858/4897 4855/4894 4859/4898 
f 4851/4890 4852/4891 4855/4894 4858/4897 
f 4860/4899 4859/4898 4855/4894 4856/4895 
f 4861/4900 4859/4898 4860/4899 4862/4901 
f 4694/4733 4863/4902 4860/4899 4856/4895 
f 4864/4903 4862/4901 4860/4899 4863/4902 
f 4865/4904 4862/4901 4864/4903 4866/4905 
f 4691/4730 4867/4906 4864/4903 4863/4902 
f 4868/4907 4866/4905 4864/4903 4867/4906 
f 4869/4908 4866/4905 4868/4907 4870/4909 
f 4871/4910 4872/4911 4868/4907 4867/4906 
f 4873/4912 4870/4909 4868/4907 4872/4911 
f 4874/4913 4870/4909 4873/4912 4875/4914 
f 4876/4915 4877/4916 4873/4912 4872/4911 
f 4878/4917 4875/4914 4873/4912 4877/4916 
f 4879/4918 4875/4914 4878/4917 4880/4919 
f 4881/4920 4882/4921 4878/4917 4877/4916 
f 4883/4922 4880/4919 4878/4917 4882/4921 
f 4884/4923 4880/4919 4883/4922 4885/4924 
f 4886/4925 4887/4926 4883/4922 4882/4921 
f 4888/4927 4885/4924 4883/4922 4887/4926 
f 4889/4928 4885/4924 4888/4927 4890/4929 
f 4891/4930 4892/4931 4888/4927 4887/4926 
f 4893/4932 4890/4929 4888/4927 4892/4931 
f 4894/4933 4890/4929 4893/4932 4895/4934 
f 4896/4935 4897/4936 4893/4932 4892/4931 
f 4898/4937 4895/4934 4893/4932 4897/4936 
f 4899/4938 4895/4934 4898/4937 3658/3676 
f 4900/4939 4901/4940 4898/4937 4897/4936 
f 3659/3677 3658/3676 4898/4937 4901/4940 
f 4902/4941 4903/4942 4901/4940 4900/4939 
f 3660/3678 3659/3677 4901/4940 4903/4942 
f 4904/4943 3665/3683 4903/4942 4902/4941 
f 3662/3680 3660/3678 4903/4942 3665/3683 
f 3678/3696 3676/3694 4904/4943 4902/4941 
f 3674/3692 3668/3686 4904/4943 3676/3694 
f 3666/3684 3665/3683 4904/4943 3668/3686 
f 3680/3698 3678/3696 4902/4941 4900/4939 
f 4896/4935 3680/3698 4900/4939 4897/4936 
f 4905/4944 4906/4945 4899/4938 3655/3673 
f 4894/4933 4895/4934 4899/4938 4906/4945 
f 3656/3674 3655/3673 4899/4938 3658/3676 
f 4907/4946 4908/4947 4906/4945 4905/4944 
f 4909/4948 4894/4933 4906/4945 4908/4947 
f 4910/4949 4911/4950 4909/4948 4908/4947 
f 4912/4951 4889/4928 4909/4948 4911/4950 
f 4890/4929 4894/4933 4909/4948 4889/4928 
f 4913/4952 4914/4953 4912/4951 4911/4950 
f 4915/4954 4884/4923 4912/4951 4914/4953 
f 4885/4924 4889/4928 4912/4951 4884/4923 
f 4916/4955 4917/4956 4915/4954 4914/4953 
f 4918/4957 4879/4918 4915/4954 4917/4956 
f 4880/4919 4884/4923 4915/4954 4879/4918 
f 4919/4958 4920/4959 4918/4957 4917/4956 
f 4921/4960 4874/4913 4918/4957 4920/4959 
f 4875/4914 4879/4918 4918/4957 4874/4913 
f 4922/4961 4923/4962 4921/4960 4920/4959 
f 4924/4963 4869/4908 4921/4960 4923/4962 
f 4870/4909 4874/4913 4921/4960 4869/4908 
f 4925/4964 4926/4965 4924/4963 4923/4962 
f 4927/4966 4865/4904 4924/4963 4926/4965 
f 4866/4905 4869/4908 4924/4963 4865/4904 
f 4928/4967 4929/4968 4927/4966 4926/4965 
f 4930/4969 4861/4900 4927/4966 4929/4968 
f 4862/4901 4865/4904 4927/4966 4861/4900 
f 4931/4970 4932/4971 4930/4969 4929/4968 
f 4933/4972 4857/4896 4930/4969 4932/4971 
f 4859/4898 4861/4900 4930/4969 4857/4896 
f 623/627 622/626 4933/4972 4932/4971 
f 4934/4973 4935/4974 4933/4972 622/626 
f 4858/4897 4857/4896 4933/4972 4935/4974 
f 4936/4975 4937/4976 4935/4974 4934/4973 
f 4851/4890 4858/4897 4935/4974 4937/4976 
f 4938/4977 4847/4886 4937/4976 4936/4975 
f 4848/4887 4851/4890 4937/4976 4847/4886 
f 4939/4978 4940/4979 4938/4977 4936/4975 
f 4941/4980 4843/4882 4938/4977 4940/4979 
f 4844/4883 4847/4886 4938/4977 4843/4882 
f 4942/4981 4943/4982 4941/4980 4940/4979 
f 4944/4983 4839/4878 4941/4980 4943/4982 
f 4840/4879 4843/4882 4941/4980 4839/4878 
f 4945/4984 4946/4985 4944/4983 4943/4982 
f 4947/4986 4835/4874 4944/4983 4946/4985 
f 4836/4875 4839/4878 4944/4983 4835/4874 
f 4948/4987 4949/4988 4947/4986 4946/4985 
f 4950/4989 4831/4870 4947/4986 4949/4988 
f 4833/4872 4835/4874 4947/4986 4831/4870 
f 4951/4990 4952/4991 4950/4989 4949/4988 
f 4953/4992 4954/4993 4950/4989 4952/4991 
f 4832/4871 4831/4870 4950/4989 4954/4993 
f 4955/4994 4956/4995 4954/4993 4953/4992 
f 4825/4864 4832/4871 4954/4993 4956/4995 
f 4957/4996 4958/4997 4956/4995 4955/4994 
f 4826/4865 4825/4864 4956/4995 4958/4997 
f 4959/4998 4960/4999 4958/4997 4957/4996 
f 4819/4858 4826/4865 4958/4997 4960/4999 
f 4961/5000 4962/5001 4960/4999 4959/4998 
f 4820/4859 4819/4858 4960/4999 4962/5001 
f 4963/5002 4964/5003 4962/5001 4961/5000 
f 4812/4851 4820/4859 4962/5001 4964/5003 
f 4965/5004 4807/4846 4964/5003 4963/5002 
f 4808/4847 4812/4851 4964/5003 4807/4846 
f 4966/5005 4967/5006 4965/5004 4963/5002 
f 4968/5007 4802/4841 4965/5004 4967/5006 
f 4803/4842 4807/4846 4965/5004 4802/4841 
f 4969/5008 4970/5009 4968/5007 4967/5006 
f 4971/5010 4797/4836 4968/5007 4970/5009 
f 4798/4837 4802/4841 4968/5007 4797/4836 
f 4972/5011 4973/5012 4971/5010 4970/5009 
f 4974/5013 4792/4831 4971/5010 4973/5012 
f 4793/4832 4797/4836 4971/5010 4792/4831 
f 4975/5014 4976/5015 4974/5013 4973/5012 
f 4977/5016 4788/4827 4974/5013 4976/5015 
f 4789/4828 4792/4831 4974/5013 4788/4827 
f 4978/5017 4979/5018 4977/5016 4976/5015 
f 4980/5019 4784/4823 4977/5016 4979/5018 
f 4785/4824 4788/4827 4977/5016 4784/4823 
f 4981/5020 4982/5021 4980/5019 4979/5018 
f 4983/5022 4780/4819 4980/5019 4982/5021 
f 4782/4821 4784/4823 4980/5019 4780/4819 
f 4984/5023 4985/5024 4983/5022 4982/5021 
f 4986/5025 4987/5026 4983/5022 4985/5024 
f 4781/4820 4780/4819 4983/5022 4987/5026 
f 4988/5027 4989/5028 4987/5026 4986/5025 
f 4774/4813 4781/4820 4987/5026 4989/5028 
f 4990/5029 4770/4809 4989/5028 4988/5027 
f 4771/4810 4774/4813 4989/5028 4770/4809 
f 4991/5030 4992/5031 4990/5029 4988/5027 
f 4993/5032 4766/4805 4990/5029 4992/5031 
f 4768/4807 4770/4809 4990/5029 4766/4805 
f 4994/5033 4995/5034 4993/5032 4992/5031 
f 4996/5035 4997/5036 4993/5032 4995/5034 
f 4767/4806 4766/4805 4993/5032 4997/5036 
f 4998/5037 4999/5038 4997/5036 4996/5035 
f 237/241 4767/4806 4997/5036 4999/5038 
f 4558/4597 4559/4598 4999/5038 4998/5037 
f 242/246 237/241 4999/5038 4559/4598 
f 5000/5039 5001/5040 4998/5037 4996/5035 
f 5002/5041 4558/4597 4998/5037 5001/5040 
f 5003/5042 5004/5043 5002/5041 5001/5040 
f 5005/5044 4553/4592 5002/5041 5004/5043 
f 4554/4593 4558/4597 5002/5041 4553/4592 
f 5006/5045 5007/5046 5005/5044 5004/5043 
f 5008/5047 4548/4587 5005/5044 5007/5046 
f 4549/4588 4553/4592 5005/5044 4548/4587 
f 5009/5048 5010/5049 5008/5047 5007/5046 
f 5011/5050 4543/4582 5008/5047 5010/5049 
f 4544/4583 4548/4587 5008/5047 4543/4582 
f 5012/5051 5013/5052 5011/5050 5010/5049 
f 5014/5053 4538/4577 5011/5050 5013/5052 
f 4539/4578 4543/4582 5011/5050 4538/4577 
f 5015/5054 5016/5055 5014/5053 5013/5052 
f 5017/5056 4533/4572 5014/5053 5016/5055 
f 4534/4573 4538/4577 5014/5053 4533/4572 
f 5018/5057 5019/5058 5017/5056 5016/5055 
f 5020/5059 4528/4567 5017/5056 5019/5058 
f 4529/4568 4533/4572 5017/5056 4528/4567 
f 5021/5060 5022/5061 5020/5059 5019/5058 
f 5023/5062 4524/4563 5020/5059 5022/5061 
f 4525/4564 4528/4567 5020/5059 4524/4563 
f 5024/5063 5025/5064 5023/5062 5022/5061 
f 5026/5065 4521/4560 5023/5062 5025/5064 
f 4522/4561 4524/4563 5023/5062 4521/4560 
f 5027/5066 5028/5067 5026/5065 5025/5064 
f 5029/5068 4517/4556 5026/5065 5028/5067 
f 4519/4558 4521/4560 5026/5065 4517/4556 
f 5030/5069 5031/5070 5029/5068 5028/5067 
f 5032/5071 5033/5072 5029/5068 5031/5070 
f 4518/4557 4517/4556 5029/5068 5033/5072 
f 5034/5073 5035/5074 5033/5072 5032/5071 
f 4511/4550 4518/4557 5033/5072 5035/5074 
f 5036/5075 4507/4546 5035/5074 5034/5073 
f 4508/4547 4511/4550 5035/5074 4507/4546 
f 5037/5076 5038/5077 5036/5075 5034/5073 
f 5039/5078 4503/4542 5036/5075 5038/5077 
f 4504/4543 4507/4546 5036/5075 4503/4542 
f 5040/5079 5041/5080 5039/5078 5038/5077 
f 5042/5081 4499/4538 5039/5078 5041/5080 
f 4500/4539 4503/4542 5039/5078 4499/4538 
f 337/341 340/344 5042/5081 5041/5080 
f 341/345 4495/4534 5042/5081 340/344 
f 4497/4536 4499/4538 5042/5081 4495/4534 
f 5043/5082 337/341 5041/5080 5040/5079 
f 348/352 5044/5083 5043/5082 347/351 
f 338/342 337/341 5043/5082 5044/5083 
f 344/348 347/351 5043/5082 5040/5079 
f 5045/5084 5046/5085 5044/5083 348/352 
f 343/347 338/342 5044/5083 5046/5085 
f 5047/5086 5048/5087 5046/5085 5045/5084 
f 5049/5088 343/347 5046/5085 5048/5087 
f 5050/5089 5051/5090 5049/5088 5048/5087 
f 5052/5091 5053/5092 5049/5088 5051/5090 
f 342/346 343/347 5049/5088 5053/5092 
f 47/47 5054/5093 5053/5092 5052/5091 
f 341/345 342/346 5053/5092 5054/5093 
f 46/46 4496/4535 5054/5093 47/47 
f 4495/4534 341/345 5054/5093 4496/4535 
f 5055/5094 5056/5095 5052/5091 5051/5090 
f 44/44 47/47 5052/5091 5056/5095 
f 166/170 167/171 5056/5095 5055/5094 
f 41/41 44/44 5056/5095 167/171 
f 5057/5096 166/170 5055/5094 5058/5097 
f 5050/5089 5058/5097 5055/5094 5051/5090 
f 366/370 367/371 5057/5096 5059/5098 
f 161/165 166/170 5057/5096 367/371 
f 5060/5099 5059/5098 5057/5096 5058/5097 
f 5061/5100 5059/5098 5060/5099 361/365 
f 5050/5089 5062/5101 5060/5099 5058/5097 
f 356/360 361/365 5060/5099 5062/5101 
f 5048/5087 5047/5086 5062/5101 5050/5089 
f 355/359 356/360 5062/5101 5047/5086 
f 5063/5102 5064/5103 5061/5100 5065/5104 
f 366/370 5059/5098 5061/5100 5064/5103 
f 360/364 5065/5104 5061/5100 361/365 
f 5066/5105 5067/5106 5064/5103 5063/5102 
f 365/369 366/370 5064/5103 5067/5106 
f 5068/5107 5069/5108 5067/5106 5066/5105 
f 362/366 365/369 5067/5106 5069/5108 
f 5070/5109 5071/5110 5069/5108 5068/5107 
f 5072/5111 362/366 5069/5108 5071/5110 
f 5073/5112 5074/5113 5072/5114 5071/5115 
f 5075/5116 5076/5117 5072/5114 5074/5113 
f 363/367 362/366 5072/5111 5076/5118 
f 5077/5119 5078/5120 5076/5117 5075/5116 
f 368/372 363/367 5076/5118 5078/5121 
f 3479/3495 3477/3498 5078/5120 5077/5119 
f 3475/3491 368/372 5078/5121 3477/3493 
f 5079/5122 5080/5123 5077/5119 5075/5116 
f 3481/3499 3479/3495 5077/5119 5080/5123 
f 5081/5124 5082/5125 5080/5123 5079/5122 
f 3483/3501 3481/3499 5080/5123 5082/5125 
f 5083/5126 5084/5127 5082/5125 5081/5124 
f 3485/3503 3483/3501 5082/5125 5084/5127 
f 5085/5128 5086/5129 5084/5127 5083/5126 
f 5087/5130 3485/3503 5084/5127 5086/5129 
f 30/30 33/33 5087/5130 5086/5129 
f 40/40 3488/3506 5087/5130 33/33 
f 3486/3504 3485/3503 5087/5130 3488/3506 
f 5088/5131 30/30 5086/5129 5085/5128 
f 5089/5132 5090/5133 5088/5131 5091/5134 
f 31/31 30/30 5088/5131 5090/5133 
f 5092/5135 5091/5134 5088/5131 5085/5128 
f 5093/5136 5091/5134 5092/5135 5094/5137 
f 5083/5126 5095/5138 5092/5135 5085/5128 
f 5096/5139 5094/5137 5092/5135 5095/5138 
f 419/423 5094/5137 5096/5139 5097/5140 
f 5098/5141 5099/5142 5096/5139 5095/5138 
f 5100/5143 5097/5140 5096/5139 5099/5142 
f 5101/5144 5097/5140 5100/5143 5102/5145 
f 5103/5146 5104/5147 5100/5143 5099/5142 
f 5105/5148 5102/5145 5100/5143 5104/5147 
f 5106/5149 5102/5145 5105/5148 5107/5150 
f 5108/5151 5109/5152 5105/5148 5104/5147 
f 5110/5153 5107/5150 5105/5148 5109/5152 
f 5111/5154 5107/5150 5110/5153 5112/5155 
f 5113/5156 5114/5157 5110/5153 5109/5152 
f 5115/5158 5112/5155 5110/5153 5114/5157 
f 5116/5159 5112/5155 5115/5158 5117/5160 
f 5118/5161 5119/5162 5115/5163 5114/5164 
f 5120/5165 5117/5166 5115/5163 5119/5162 
f 5121/5167 5117/5166 5120/5165 5122/5168 
f 5123/5169 5124/5170 5120/5165 5119/5162 
f 5125/5171 5122/5168 5120/5165 5124/5170 
f 5126/5172 5122/5168 5125/5171 5127/5173 
f 5128/5174 5129/5175 5125/5171 5124/5170 
f 5130/5176 5127/5173 5125/5171 5129/5175 
f 5131/5177 5127/5173 5130/5176 5132/5178 
f 5133/5179 5134/5180 5130/5176 5129/5175 
f 5135/5181 5132/5178 5130/5176 5134/5180 
f 5136/5182 5132/5178 5135/5181 5137/5183 
f 5138/5184 5139/5185 5135/5181 5134/5180 
f 5140/5186 5137/5183 5135/5181 5139/5185 
f 5141/5187 5137/5183 5140/5186 5142/5188 
f 5143/5189 5144/5190 5140/5186 5139/5185 
f 5145/5191 5142/5188 5140/5186 5144/5190 
f 5146/5192 5142/5188 5145/5191 5147/5193 
f 5148/5194 5149/5195 5145/5191 5144/5190 
f 5150/5196 5147/5193 5145/5191 5149/5195 
f 5151/5197 5147/5193 5150/5196 5152/5198 
f 5153/5199 5154/5200 5150/5196 5149/5195 
f 5155/5201 5152/5198 5150/5196 5154/5200 
f 5156/5202 5152/5198 5155/5201 5157/5203 
f 5158/5204 5159/5205 5155/5201 5154/5200 
f 5160/5206 5157/5203 5155/5201 5159/5205 
f 5161/5207 5157/5203 5160/5206 5162/5208 
f 5163/5209 5164/5210 5160/5206 5159/5205 
f 5165/5211 5162/5208 5160/5206 5164/5210 
f 5166/5212 5162/5208 5165/5211 5167/5213 
f 5168/5214 5169/5215 5165/5211 5164/5210 
f 5170/5216 5167/5213 5165/5211 5169/5215 
f 5171/5217 5167/5213 5170/5216 5172/5218 
f 5173/5219 5174/5220 5170/5216 5169/5215 
f 5175/5221 5172/5218 5170/5216 5174/5220 
f 5176/5222 5172/5218 5175/5221 5177/5223 
f 5178/5224 5179/5225 5175/5221 5174/5220 
f 5180/5226 5177/5223 5175/5221 5179/5225 
f 5181/5227 5177/5223 5180/5226 5182/5228 
f 5183/5229 5184/5230 5180/5226 5179/5225 
f 5185/5231 5182/5228 5180/5226 5184/5230 
f 5186/5232 5182/5228 5185/5231 5187/5233 
f 5188/5234 5189/5235 5185/5231 5184/5230 
f 5190/5236 5187/5233 5185/5231 5189/5235 
f 5191/5237 5187/5233 5190/5236 5192/5238 
f 5193/5239 5194/5240 5190/5236 5189/5235 
f 5195/5241 5192/5238 5190/5236 5194/5240 
f 395/399 5196/5242 5195/5241 5194/5240 
f 5197/5243 5198/5244 5195/5241 5196/5242 
f 5199/5245 5192/5238 5195/5241 5198/5244 
f 5191/5237 5192/5238 5199/5245 5200/5246 
f 5201/5247 5202/5248 5199/5245 5198/5244 
f 5203/5249 5200/5246 5199/5245 5202/5248 
f 5204/5250 5200/5246 5203/5249 5205/5251 
f 5206/5252 5207/5253 5203/5249 5202/5248 
f 5208/5254 5205/5251 5203/5249 5207/5253 
f 5209/5255 5205/5251 5208/5254 5210/5256 
f 5211/5257 5212/5258 5208/5254 5207/5253 
f 5213/5259 5210/5256 5208/5254 5212/5258 
f 5214/5260 5210/5256 5213/5259 5215/5261 
f 5216/5262 5217/5263 5213/5259 5212/5258 
f 5218/5264 5215/5261 5213/5259 5217/5263 
f 75/75 5215/5261 5218/5264 5219/5265 
f 5220/5266 5221/5267 5218/5264 5217/5263 
f 5222/5268 5219/5265 5218/5264 5221/5267 
f 5223/5269 5219/5265 5222/5268 5224/5270 
f 5225/5271 5226/5272 5222/5268 5221/5267 
f 5227/5273 5224/5270 5222/5268 5226/5272 
f 5228/5274 5224/5270 5227/5273 5229/5275 
f 4953/4992 4952/4991 5227/5273 5226/5272 
f 4951/4990 5229/5275 5227/5273 4952/4991 
f 434/438 5230/5276 5228/5274 433/437 
f 5223/5269 5224/5270 5228/5274 5230/5276 
f 5231/5277 433/437 5228/5274 5229/5275 
f 432/436 433/437 5231/5277 5232/5278 
f 4951/4990 5233/5279 5231/5277 5229/5275 
f 5234/5280 5232/5278 5231/5277 5233/5279 
f 5235/5281 5232/5278 5234/5280 5236/5282 
f 4948/4987 5237/5283 5234/5280 5233/5279 
f 5238/5284 5236/5282 5234/5280 5237/5283 
f 5239/5285 5236/5282 5238/5284 5240/5286 
f 4945/4984 5241/5287 5238/5284 5237/5283 
f 5242/5288 5240/5286 5238/5284 5241/5287 
f 5243/5289 5240/5286 5242/5288 5244/5290 
f 4942/4981 5245/5291 5242/5288 5241/5287 
f 5246/5292 5244/5290 5242/5288 5245/5291 
f 5247/5293 5244/5290 5246/5292 628/632 
f 4939/4978 5248/5294 5246/5292 5245/5291 
f 624/628 628/632 5246/5292 5248/5294 
f 4936/4975 4934/4973 5248/5294 4939/4978 
f 622/626 624/628 5248/5294 4934/4973 
f 5249/5295 5250/5296 5247/5293 5251/5297 
f 5243/5289 5244/5290 5247/5293 5250/5296 
f 627/631 5251/5297 5247/5293 628/632 
f 5252/5298 5243/5289 5250/5296 5253/5299 
f 5254/5300 5253/5299 5250/5296 5249/5295 
f 5255/5301 5253/5299 5254/5300 5256/5302 
f 5257/5303 5258/5304 5254/5300 5249/5295 
f 5259/5305 5256/5302 5254/5300 5258/5304 
f 5260/5306 5256/5302 5259/5305 5261/5307 
f 5262/5308 5263/5309 5259/5305 5258/5304 
f 5264/5310 5261/5307 5259/5305 5263/5309 
f 661/665 5261/5307 5264/5310 658/662 
f 5265/5311 5266/5312 5264/5310 5263/5309 
f 663/667 658/662 5264/5310 5266/5312 
f 5267/5313 5268/5314 5266/5312 5265/5311 
f 5269/5315 663/667 5266/5312 5268/5314 
f 662/666 663/667 5269/5315 5270/5316 
f 5271/5317 5272/5318 5269/5315 5268/5314 
f 5273/5319 5270/5316 5269/5315 5272/5318 
f 5274/5320 5270/5316 5273/5319 5275/5321 
f 5276/5322 5277/5323 5273/5319 5272/5318 
f 5278/5324 5275/5321 5273/5319 5277/5323 
f 5279/5325 5275/5321 5278/5324 5280/5326 
f 5281/5327 5282/5328 5278/5324 5277/5323 
f 5283/5329 5280/5326 5278/5324 5282/5328 
f 3552/3570 5280/5326 5283/5329 3554/3572 
f 5284/5330 5285/5331 5283/5329 5282/5328 
f 3556/3574 3554/3572 5283/5329 5285/5331 
f 5286/5332 5287/5333 5285/5331 5284/5330 
f 3558/3576 3556/3574 5285/5331 5287/5333 
f 5288/5334 5289/5335 5287/5333 5286/5332 
f 5290/5336 3558/3576 5287/5333 5289/5335 
f 3559/3577 3558/3576 5290/5336 3561/3579 
f 470/474 469/473 5290/5336 5289/5335 
f 5291/5337 3561/3579 5290/5336 469/473 
f 3562/3580 3561/3579 5291/5337 3564/3582 
f 466/470 5292/5338 5291/5337 469/473 
f 3566/3584 3564/3582 5291/5337 5292/5338 
f 465/469 5293/5339 5292/5338 466/470 
f 3568/3586 3566/3584 5292/5338 5293/5339 
f 5294/5340 5295/5341 5293/5339 465/469 
f 3570/3588 3568/3586 5293/5339 5295/5341 
f 5296/5342 5297/5343 5295/5341 5294/5340 
f 3572/3590 3570/3588 5295/5341 5297/5343 
f 5298/5344 5299/5345 5297/5343 5296/5342 
f 3574/3592 3572/3590 5297/5343 5299/5345 
f 5300/5346 5301/5347 5299/5345 5298/5344 
f 3576/3594 3574/3592 5299/5345 5301/5347 
f 5302/5348 5303/5349 5301/5347 5300/5346 
f 5304/5350 3576/3594 5301/5347 5303/5349 
f 3577/3595 3576/3594 5304/5350 3579/3597 
f 5305/5351 5306/5352 5304/5350 5303/5349 
f 3581/3599 3579/3597 5304/5350 5306/5352 
f 5307/5353 5308/5354 5306/5352 5305/5351 
f 3583/3601 3581/3599 5306/5352 5308/5354 
f 5309/5355 5310/5356 5308/5354 5307/5353 
f 3585/3603 3583/3601 5308/5354 5310/5356 
f 5311/5357 5312/5358 5310/5356 5309/5355 
f 5313/5359 3585/3603 5310/5356 5312/5358 
f 3586/3604 3585/3603 5313/5359 3588/3606 
f 5314/5360 5315/5361 5313/5359 5312/5358 
f 5316/5362 3588/3606 5313/5359 5315/5361 
f 3589/3607 3588/3606 5316/5362 3591/3609 
f 5317/5363 5318/5364 5316/5362 5315/5361 
f 3593/3611 3591/3609 5316/5362 5318/5364 
f 5319/5365 5320/5366 5318/5364 5317/5363 
f 5321/5367 3593/3611 5318/5364 5320/5366 
f 3594/3612 3593/3611 5321/5367 3596/3614 
f 5322/5368 5323/5369 5321/5367 5320/5366 
f 5324/5370 3596/3614 5321/5367 5323/5369 
f 3597/3615 3596/3614 5324/5370 3599/3617 
f 5325/5371 3609/3627 5324/5370 5323/5369 
f 3607/3625 3599/3617 5324/5370 3609/3627 
f 5322/5368 5326/5372 5325/5371 5323/5369 
f 5327/5373 3612/3630 5325/5371 5326/5372 
f 3610/3628 3609/3627 5325/5371 3612/3630 
f 5328/5374 5329/5375 5327/5373 5326/5372 
f 5330/5376 5331/5377 5327/5373 5329/5375 
f 3613/3631 3612/3630 5327/5373 5331/5377 
f 5332/5378 5333/5379 5331/5377 5330/5376 
f 3614/3632 3613/3631 5331/5377 5333/5379 
f 5334/5380 5335/5381 5333/5379 5332/5378 
f 3616/3634 3614/3632 5333/5379 5335/5381 
f 5336/5382 5337/5383 5335/5381 5334/5380 
f 5338/5384 3616/3634 5335/5381 5337/5383 
f 3617/3635 3616/3634 5338/5384 3620/3638 
f 5339/5385 5340/5386 5338/5384 5337/5383 
f 5341/5387 3620/3638 5338/5384 5340/5386 
f 3621/3639 3620/3638 5341/5387 3625/3643 
f 5342/5388 5343/5389 5341/5387 5340/5386 
f 5344/5390 3625/3643 5341/5387 5343/5389 
f 3626/3644 3625/3643 5344/5390 3630/3648 
f 5345/5391 5346/5392 5344/5390 5343/5389 
f 5347/5393 3630/3648 5344/5390 5346/5392 
f 3631/3649 3630/3648 5347/5393 3635/3653 
f 5348/5394 5349/5395 5347/5393 5346/5392 
f 5350/5396 3635/3653 5347/5393 5349/5395 
f 3636/3654 3635/3653 5350/5396 3640/3658 
f 5351/5397 3646/3664 5350/5396 5349/5395 
f 3644/3662 3640/3658 5350/5396 3646/3664 
f 5348/5394 5352/5398 5351/5397 5349/5395 
f 5353/5399 3649/3667 5351/5397 5352/5398 
f 3647/3665 3646/3664 5351/5397 3649/3667 
f 5354/5400 4907/4946 5353/5399 5352/5398 
f 4905/4944 3652/3670 5353/5399 4907/4946 
f 3650/3668 3649/3667 5353/5399 3652/3670 
f 5348/5394 5355/5401 5354/5400 5352/5398 
f 5356/5402 4910/4949 5354/5400 5355/5401 
f 4908/4947 4907/4946 5354/5400 4910/4949 
f 5345/5391 5357/5403 5356/5402 5355/5401 
f 5358/5404 4913/4952 5356/5402 5357/5403 
f 4911/4950 4910/4949 5356/5402 4913/4952 
f 5342/5388 5359/5405 5358/5404 5357/5403 
f 5360/5406 4916/4955 5358/5404 5359/5405 
f 4914/4953 4913/4952 5358/5404 4916/4955 
f 5339/5385 5361/5407 5360/5406 5359/5405 
f 5362/5408 4919/4958 5360/5406 5361/5407 
f 4917/4956 4916/4955 5360/5406 4919/4958 
f 5336/5382 5363/5409 5362/5408 5361/5407 
f 5364/5410 4922/4961 5362/5408 5363/5409 
f 4920/4959 4919/4958 5362/5408 4922/4961 
f 5365/5411 5366/5412 5364/5410 5363/5409 
f 5367/5413 4925/4964 5364/5410 5366/5412 
f 4923/4962 4922/4961 5364/5410 4925/4964 
f 5368/5414 5369/5415 5367/5413 5366/5412 
f 5370/5416 4928/4967 5367/5413 5369/5415 
f 4926/4965 4925/4964 5367/5413 4928/4967 
f 5371/5417 5372/5418 5370/5416 5369/5415 
f 625/629 4931/4970 5370/5416 5372/5418 
f 4929/4968 4928/4967 5370/5416 4931/4970 
f 5373/5419 5374/5420 5372/5418 5371/5417 
f 621/625 625/629 5372/5418 5374/5420 
f 5375/5421 5376/5422 5374/5420 5373/5419 
f 618/622 621/625 5374/5420 5376/5422 
f 5377/5423 5378/5424 5376/5422 5375/5421 
f 5379/5425 618/622 5376/5422 5378/5424 
f 5380/5426 5381/5427 5379/5425 5378/5424 
f 5382/5428 5383/5429 5379/5425 5381/5427 
f 619/623 618/622 5379/5425 5383/5429 
f 5384/5430 5385/5431 5383/5429 5382/5428 
f 626/630 619/623 5383/5429 5385/5431 
f 5386/5432 626/630 5385/5431 5387/5433 
f 5388/5434 5387/5433 5385/5431 5384/5430 
f 5389/5435 5387/5433 5388/5434 5390/5436 
f 5391/5437 5392/5438 5388/5434 5384/5430 
f 5393/5439 5390/5436 5388/5434 5392/5438 
f 5394/5440 5390/5436 5393/5439 5395/5441 
f 5396/5442 5397/5443 5393/5439 5392/5438 
f 5398/5444 5395/5441 5393/5439 5397/5443 
f 5267/5313 5395/5441 5398/5444 5399/5445 
f 5400/5446 5401/5447 5398/5444 5397/5443 
f 5402/5448 5399/5445 5398/5444 5401/5447 
f 5271/5317 5399/5445 5402/5448 5403/5449 
f 5404/5450 5405/5451 5402/5448 5401/5447 
f 5406/5452 5403/5449 5402/5448 5405/5451 
f 5276/5322 5403/5449 5406/5452 5407/5453 
f 5408/5454 5409/5455 5406/5452 5405/5451 
f 5410/5456 5407/5453 5406/5452 5409/5455 
f 5281/5327 5407/5453 5410/5456 5411/5457 
f 5412/5458 5413/5459 5410/5456 5409/5455 
f 5414/5460 5411/5457 5410/5456 5413/5459 
f 5284/5330 5411/5457 5414/5460 5286/5332 
f 5415/5461 5416/5462 5414/5460 5413/5459 
f 5288/5334 5286/5332 5414/5460 5416/5462 
f 5417/5463 5418/5464 5416/5462 5415/5461 
f 471/475 5288/5334 5416/5462 5418/5464 
f 5419/5465 5420/5466 5418/5464 5417/5463 
f 468/472 471/475 5418/5464 5420/5466 
f 465/469 468/472 5420/5466 5294/5340 
f 5296/5342 5294/5340 5420/5466 5419/5465 
f 5421/5467 5422/5468 5419/5465 5417/5463 
f 5298/5344 5296/5342 5419/5465 5422/5468 
f 5423/5469 5424/5470 5422/5468 5421/5467 
f 5300/5346 5298/5344 5422/5468 5424/5470 
f 5425/5471 5426/5472 5424/5470 5423/5469 
f 5302/5348 5300/5346 5424/5470 5426/5472 
f 5427/5473 5428/5474 5426/5472 5425/5471 
f 5429/5475 5302/5348 5426/5472 5428/5474 
f 5303/5349 5302/5348 5429/5475 5305/5351 
f 5430/5476 5431/5477 5429/5475 5428/5474 
f 5307/5353 5305/5351 5429/5475 5431/5477 
f 5432/5478 5433/5479 5431/5477 5430/5476 
f 5309/5355 5307/5353 5431/5477 5433/5479 
f 5434/5480 5435/5481 5433/5479 5432/5478 
f 5311/5357 5309/5355 5433/5479 5435/5481 
f 5436/5482 5437/5483 5435/5481 5434/5480 
f 5438/5484 5311/5357 5435/5481 5437/5483 
f 5312/5358 5311/5357 5438/5484 5314/5360 
f 5439/5485 5440/5486 5438/5484 5437/5483 
f 5441/5487 5314/5360 5438/5484 5440/5486 
f 5315/5361 5314/5360 5441/5487 5317/5363 
f 5442/5488 5443/5489 5441/5487 5440/5486 
f 5319/5365 5317/5363 5441/5487 5443/5489 
f 5444/5490 5445/5491 5443/5489 5442/5488 
f 5446/5492 5319/5365 5443/5489 5445/5491 
f 5320/5366 5319/5365 5446/5492 5322/5368 
f 5447/5493 5328/5374 5446/5492 5445/5491 
f 5326/5372 5322/5368 5446/5492 5328/5374 
f 5444/5490 5448/5494 5447/5493 5445/5491 
f 5449/5495 5450/5496 5447/5493 5448/5494 
f 5329/5375 5328/5374 5447/5493 5450/5496 
f 5451/5497 5452/5498 5450/5496 5449/5495 
f 5330/5376 5329/5375 5450/5496 5452/5498 
f 5368/5414 5453/5499 5452/5498 5451/5497 
f 5332/5378 5330/5376 5452/5498 5453/5499 
f 5366/5412 5365/5411 5453/5499 5368/5414 
f 5334/5380 5332/5378 5453/5499 5365/5411 
f 5373/5419 5371/5417 5451/5497 5449/5495 
f 5369/5415 5368/5414 5451/5497 5371/5417 
f 5375/5421 5373/5419 5449/5495 5448/5494 
f 5377/5423 5375/5421 5448/5494 5444/5490 
f 5454/5500 5377/5423 5444/5490 5442/5488 
f 5440/5486 5439/5485 5454/5500 5442/5488 
f 5455/5501 5380/5426 5454/5500 5439/5485 
f 5378/5424 5377/5423 5454/5500 5380/5426 
f 5437/5483 5436/5482 5455/5501 5439/5485 
f 5456/5502 5457/5503 5455/5501 5436/5482 
f 5381/5427 5380/5426 5455/5501 5457/5503 
f 5458/5504 5459/5505 5457/5503 5456/5502 
f 5382/5428 5381/5427 5457/5503 5459/5505 
f 5460/5506 5391/5437 5459/5505 5458/5504 
f 5384/5430 5382/5428 5459/5505 5391/5437 
f 5461/5507 5462/5508 5460/5506 5458/5504 
f 5463/5509 5396/5442 5460/5506 5462/5508 
f 5392/5438 5391/5437 5460/5506 5396/5442 
f 5397/5443 5396/5442 5463/5509 5400/5446 
f 476/480 477/481 5463/5509 5462/5508 
f 478/482 5400/5446 5463/5509 477/481 
f 5464/5510 476/480 5462/5508 5461/5507 
f 5465/5511 5466/5512 5464/5510 5467/5513 
f 475/479 476/480 5464/5510 5466/5512 
f 5468/5514 5467/5513 5464/5510 5461/5507 
f 5432/5478 5467/5513 5468/5514 5434/5480 
f 5458/5504 5456/5502 5468/5514 5461/5507 
f 5436/5482 5434/5480 5468/5514 5456/5502 
f 5427/5473 5469/5515 5466/5512 5465/5511 
f 472/476 475/479 5466/5512 5469/5515 
f 5425/5471 5470/5516 5469/5515 5427/5473 
f 5471/5517 472/476 5469/5515 5470/5516 
f 5408/5454 5472/5518 5471/5517 5473/5519 
f 473/477 472/476 5471/5517 5472/5518 
f 5474/5520 5473/5519 5471/5517 5470/5516 
f 5412/5458 5473/5519 5474/5520 5475/5521 
f 5425/5471 5423/5469 5474/5520 5470/5516 
f 5421/5467 5475/5521 5474/5520 5423/5469 
f 5413/5459 5412/5458 5475/5521 5415/5461 
f 5417/5463 5415/5461 5475/5521 5421/5467 
f 5405/5451 5404/5450 5472/5518 5408/5454 
f 478/482 473/477 5472/5518 5404/5450 
f 5409/5455 5408/5454 5473/5519 5412/5458 
f 5428/5474 5427/5473 5465/5511 5430/5476 
f 5432/5478 5430/5476 5465/5511 5467/5513 
f 5282/5328 5281/5327 5411/5457 5284/5330 
f 5277/5323 5276/5322 5407/5453 5281/5327 
f 5400/5446 478/482 5404/5450 5401/5447 
f 5272/5318 5271/5317 5403/5449 5276/5322 
f 5268/5314 5267/5313 5399/5445 5271/5317 
f 5263/5309 5262/5308 5394/5440 5265/5311 
f 5389/5435 5390/5436 5394/5440 5262/5308 
f 5267/5313 5265/5311 5394/5440 5395/5441 
f 5258/5304 5257/5303 5389/5435 5262/5308 
f 5386/5432 5387/5433 5389/5435 5257/5303 
f 5249/5295 5251/5297 5386/5432 5257/5303 
f 627/631 626/630 5386/5432 5251/5297 
f 5336/5382 5334/5380 5365/5411 5363/5409 
f 5337/5383 5336/5382 5361/5407 5339/5385 
f 5340/5386 5339/5385 5359/5405 5342/5388 
f 5343/5389 5342/5388 5357/5403 5345/5391 
f 5346/5392 5345/5391 5355/5401 5348/5394 
f 471/475 470/474 5289/5335 5288/5334 
f 3548/3566 5476/5522 5279/5325 3550/3568 
f 5274/5320 5275/5321 5279/5325 5476/5522 
f 3552/3570 3550/3568 5279/5325 5280/5326 
f 3546/3564 5477/5523 5476/5522 3548/3566 
f 5478/5524 5274/5320 5476/5522 5477/5523 
f 5479/5525 5480/5526 5478/5524 5477/5523 
f 659/663 662/666 5478/5524 5480/5526 
f 5270/5316 5274/5320 5478/5524 662/666 
f 5481/5527 5482/5528 5480/5526 5479/5525 
f 656/660 659/663 5480/5526 5482/5528 
f 5483/5529 5484/5530 5482/5528 5481/5527 
f 5485/5531 656/660 5482/5528 5484/5530 
f 5486/5532 5487/5533 5485/5531 5484/5530 
f 5488/5534 5489/5535 5485/5531 5487/5533 
f 657/661 656/660 5485/5531 5489/5535 
f 5490/5536 5491/5537 5489/5535 5488/5534 
f 660/664 657/661 5489/5535 5491/5537 
f 5492/5538 5493/5539 5491/5537 5490/5536 
f 5494/5540 660/664 5491/5537 5493/5539 
f 5495/5541 285/289 5494/5540 5493/5539 
f 282/286 5496/5542 5494/5540 285/289 
f 661/665 660/664 5494/5540 5496/5542 
f 281/285 5260/5306 5496/5542 282/286 
f 5261/5307 661/665 5496/5542 5260/5306 
f 5492/5538 5497/5543 5495/5541 5493/5539 
f 414/418 410/414 5495/5541 5497/5543 
f 286/290 285/289 5495/5541 410/414 
f 5498/5544 5499/5545 5497/5543 5492/5538 
f 5500/5546 414/418 5497/5543 5499/5545 
f 5501/5547 5502/5548 5500/5546 5499/5545 
f 5503/5549 5504/5550 5500/5546 5502/5548 
f 413/417 414/418 5500/5546 5504/5550 
f 5505/5551 5506/5552 5504/5550 5503/5549 
f 412/416 413/417 5504/5550 5506/5552 
f 71/71 72/72 5506/5552 5505/5551 
f 73/73 412/416 5506/5552 72/72 
f 5507/5553 5508/5554 5505/5551 5503/5549 
f 5509/5555 71/71 5505/5551 5508/5554 
f 5510/5556 5511/5557 5509/5555 5508/5554 
f 5512/5558 5513/5559 5509/5555 5511/5557 
f 70/70 71/71 5509/5555 5513/5559 
f 5514/5560 5515/5561 5513/5559 5512/5558 
f 67/67 70/70 5513/5559 5515/5561 
f 5516/5562 5517/5563 5515/5561 5514/5560 
f 5518/5564 67/67 5515/5561 5517/5563 
f 68/68 67/67 5518/5564 5214/5260 
f 5519/5565 5209/5255 5518/5564 5517/5563 
f 5210/5256 5214/5260 5518/5564 5209/5255 
f 5516/5562 5520/5566 5519/5565 5517/5563 
f 5521/5567 5204/5250 5519/5565 5520/5566 
f 5205/5251 5209/5255 5519/5565 5204/5250 
f 5522/5568 5186/5232 5521/5567 5520/5566 
f 5187/5233 5191/5237 5521/5567 5186/5232 
f 5200/5246 5204/5250 5521/5567 5191/5237 
f 5516/5562 5523/5569 5522/5568 5520/5566 
f 5524/5570 5181/5227 5522/5568 5523/5569 
f 5182/5228 5186/5232 5522/5568 5181/5227 
f 5525/5571 5526/5572 5524/5570 5523/5569 
f 5527/5573 5176/5222 5524/5570 5526/5572 
f 5177/5223 5181/5227 5524/5570 5176/5222 
f 5528/5574 5529/5575 5527/5573 5526/5572 
f 5530/5576 5171/5217 5527/5573 5529/5575 
f 5172/5218 5176/5222 5527/5573 5171/5217 
f 5531/5577 5532/5578 5530/5576 5529/5575 
f 5533/5579 5166/5212 5530/5576 5532/5578 
f 5167/5213 5171/5217 5530/5576 5166/5212 
f 5534/5580 5535/5581 5533/5579 5532/5578 
f 5536/5582 5161/5207 5533/5579 5535/5581 
f 5162/5208 5166/5212 5533/5579 5161/5207 
f 5537/5583 5538/5584 5536/5582 5535/5581 
f 5539/5585 5156/5202 5536/5582 5538/5584 
f 5157/5203 5161/5207 5536/5582 5156/5202 
f 5540/5586 5541/5587 5539/5585 5538/5584 
f 5542/5588 5151/5197 5539/5585 5541/5587 
f 5152/5198 5156/5202 5539/5585 5151/5197 
f 5543/5589 5544/5590 5542/5588 5541/5587 
f 5545/5591 5146/5192 5542/5588 5544/5590 
f 5147/5193 5151/5197 5542/5588 5146/5192 
f 5546/5592 5547/5593 5545/5591 5544/5590 
f 5548/5594 5141/5187 5545/5591 5547/5593 
f 5142/5188 5146/5192 5545/5591 5141/5187 
f 5549/5595 5550/5596 5548/5594 5547/5593 
f 5551/5597 5136/5182 5548/5594 5550/5596 
f 5137/5183 5141/5187 5548/5594 5136/5182 
f 5552/5598 5553/5599 5551/5597 5550/5596 
f 5554/5600 5131/5177 5551/5597 5553/5599 
f 5132/5178 5136/5182 5551/5597 5131/5177 
f 5555/5601 5556/5602 5554/5600 5553/5599 
f 5557/5603 5126/5172 5554/5600 5556/5602 
f 5127/5173 5131/5177 5554/5600 5126/5172 
f 5558/5604 5559/5605 5557/5606 5556/5607 
f 5560/5608 5121/5609 5557/5606 5559/5605 
f 5122/5168 5126/5172 5557/5603 5121/5167 
f 5561/5610 5562/5611 5560/5608 5559/5605 
f 5563/5612 5116/5159 5560/5608 5562/5611 
f 5117/5160 5121/5609 5560/5608 5116/5159 
f 5564/5613 5565/5614 5563/5612 5562/5611 
f 5566/5615 5111/5154 5563/5612 5565/5614 
f 5112/5155 5116/5159 5563/5612 5111/5154 
f 5567/5616 5568/5617 5566/5615 5565/5614 
f 5569/5618 5106/5149 5566/5615 5568/5617 
f 5107/5150 5111/5154 5566/5615 5106/5149 
f 5570/5619 421/425 5569/5618 5568/5617 
f 420/424 5101/5144 5569/5618 421/425 
f 5102/5145 5106/5149 5569/5618 5101/5144 
f 5571/5620 5572/5621 5570/5619 5573/5622 
f 418/422 421/425 5570/5619 5572/5621 
f 5567/5616 5573/5622 5570/5619 5568/5617 
f 5574/5623 5575/5624 5572/5621 5571/5620 
f 415/419 418/422 5572/5621 5575/5624 
f 5576/5625 5577/5626 5575/5624 5574/5623 
f 5578/5627 415/419 5575/5624 5577/5626 
f 5579/5628 5089/5132 5578/5627 5577/5626 
f 5091/5134 5093/5136 5578/5627 5089/5132 
f 416/420 415/419 5578/5627 5093/5136 
f 5580/5629 5581/5630 5579/5628 5582/5631 
f 5090/5133 5089/5132 5579/5628 5581/5630 
f 5576/5625 5582/5631 5579/5628 5577/5626 
f 5583/5632 37/37 5581/5630 5580/5629 
f 31/31 5090/5133 5581/5630 37/37 
f 192/196 193/197 5583/5632 5584/5633 
f 36/36 37/37 5583/5632 193/197 
f 5585/5634 5584/5633 5583/5632 5580/5629 
f 5586/5635 5584/5633 5585/5634 5587/5636 
f 5582/5631 5588/5637 5585/5634 5580/5629 
f 5589/5638 5587/5636 5585/5634 5588/5637 
f 5590/5639 5587/5636 5589/5638 5591/5640 
f 5592/5641 5593/5642 5589/5638 5588/5637 
f 5594/5643 5591/5640 5589/5638 5593/5642 
f 5595/5644 5591/5640 5594/5643 5596/5645 
f 5597/5646 5598/5647 5594/5643 5593/5642 
f 5599/5648 5596/5645 5594/5643 5598/5647 
f 5600/5649 5596/5645 5599/5648 5601/5650 
f 5602/5651 5603/5652 5599/5648 5598/5647 
f 5604/5653 5601/5650 5599/5648 5603/5652 
f 5605/5654 5601/5650 5604/5653 5606/5655 
f 5607/5656 5608/5657 5604/5653 5603/5652 
f 5609/5658 5606/5655 5604/5653 5608/5657 
f 5610/5659 5606/5655 5609/5658 5611/5660 
f 5612/5661 5613/5662 5609/5658 5608/5657 
f 5614/5663 5611/5660 5609/5658 5613/5662 
f 5615/5664 5611/5660 5614/5663 5616/5665 
f 5617/5666 5618/5667 5614/5663 5613/5662 
f 5619/5668 5616/5665 5614/5663 5618/5667 
f 5620/5669 5616/5665 5619/5668 5621/5670 
f 5622/5671 5623/5672 5619/5668 5618/5667 
f 227/231 5621/5670 5619/5668 5623/5672 
f 5624/5673 5625/5674 5623/5672 5622/5671 
f 228/232 227/231 5623/5672 5625/5674 
f 5626/5675 5627/5676 5625/5674 5624/5673 
f 231/235 228/232 5625/5674 5627/5676 
f 5628/5677 5629/5678 5627/5679 5626/5680 
f 5630/5681 231/5682 5627/5679 5629/5678 
f 232/5683 231/5682 5630/5681 5631/5684 
f 5632/5685 5633/5686 5630/5681 5629/5678 
f 5634/5687 5631/5684 5630/5681 5633/5686 
f 5635/5688 5631/5684 5634/5687 5636/5689 
f 5637/5690 5638/5691 5634/5687 5633/5686 
f 5639/5692 5636/5689 5634/5687 5638/5691 
f 5640/5693 5636/5689 5639/5692 5641/5694 
f 5642/5695 5643/5696 5639/5692 5638/5691 
f 5644/5697 5641/5694 5639/5692 5643/5696 
f 5645/5698 5641/5694 5644/5697 5646/5699 
f 5647/5700 88/88 5644/5697 5643/5696 
f 83/83 5646/5699 5644/5697 88/88 
f 5642/5695 5648/5701 5647/5700 5643/5696 
f 5537/5583 5649/5702 5647/5700 5648/5701 
f 87/87 88/88 5647/5700 5649/5702 
f 5535/5581 5534/5580 5649/5702 5537/5583 
f 86/86 87/87 5649/5702 5534/5580 
f 5650/5703 5540/5586 5648/5701 5642/5695 
f 5538/5584 5537/5583 5648/5701 5540/5586 
f 5638/5691 5637/5690 5650/5703 5642/5695 
f 5651/5704 5543/5589 5650/5703 5637/5690 
f 5541/5587 5540/5586 5650/5703 5543/5589 
f 5633/5686 5632/5685 5651/5704 5637/5690 
f 5652/5705 5546/5592 5651/5704 5632/5685 
f 5544/5590 5543/5589 5651/5704 5546/5592 
f 5629/5678 5628/5677 5652/5705 5632/5685 
f 5653/5706 5549/5595 5652/5705 5628/5677 
f 5547/5593 5546/5592 5652/5705 5549/5595 
f 5626/5680 5654/5707 5653/5706 5628/5677 
f 5655/5708 5552/5598 5653/5706 5654/5707 
f 5550/5596 5549/5595 5653/5706 5552/5598 
f 5656/5709 5657/5710 5655/5711 5654/5712 
f 5658/5713 5555/5714 5655/5711 5657/5710 
f 5553/5599 5552/5598 5655/5708 5555/5601 
f 5659/5715 5660/5716 5658/5713 5657/5710 
f 5661/5717 5558/5604 5658/5713 5660/5716 
f 5556/5607 5555/5714 5658/5713 5558/5604 
f 5662/5718 5663/5719 5661/5717 5660/5716 
f 5664/5720 5561/5610 5661/5717 5663/5719 
f 5559/5605 5558/5604 5661/5717 5561/5610 
f 5665/5721 5666/5722 5664/5720 5663/5719 
f 5667/5723 5564/5613 5664/5720 5666/5722 
f 5562/5611 5561/5610 5664/5720 5564/5613 
f 5668/5724 5669/5725 5667/5723 5666/5722 
f 5573/5622 5567/5616 5667/5723 5669/5725 
f 5565/5614 5564/5613 5667/5723 5567/5616 
f 5670/5726 5671/5727 5669/5725 5668/5724 
f 5571/5620 5573/5622 5669/5725 5671/5727 
f 5597/5646 5672/5728 5671/5727 5670/5726 
f 5574/5623 5571/5620 5671/5727 5672/5728 
f 5593/5642 5592/5641 5672/5728 5597/5646 
f 5576/5625 5574/5623 5672/5728 5592/5641 
f 5598/5647 5597/5646 5670/5726 5602/5651 
f 5673/5729 5602/5651 5670/5726 5668/5724 
f 5603/5652 5602/5651 5673/5729 5607/5656 
f 5666/5722 5665/5721 5673/5729 5668/5724 
f 5674/5730 5607/5656 5673/5729 5665/5721 
f 5608/5657 5607/5656 5674/5730 5612/5661 
f 5663/5719 5662/5718 5674/5730 5665/5721 
f 5675/5731 5612/5661 5674/5730 5662/5718 
f 5613/5662 5612/5661 5675/5731 5617/5666 
f 5660/5716 5659/5715 5675/5731 5662/5718 
f 5676/5732 5617/5666 5675/5731 5659/5715 
f 5618/5667 5617/5666 5676/5732 5622/5671 
f 5657/5710 5656/5709 5676/5732 5659/5715 
f 5624/5673 5622/5671 5676/5732 5656/5709 
f 5626/5675 5624/5673 5656/5709 5654/5712 
f 5677/5733 5678/5734 5645/5698 5679/5735 
f 5640/5693 5641/5694 5645/5698 5678/5734 
f 5680/5736 5679/5735 5645/5698 5646/5699 
f 5681/5737 5679/5735 5680/5736 5682/5738 
f 83/83 82/82 5680/5736 5646/5699 
f 5683/5739 5682/5738 5680/5736 82/82 
f 5684/5740 5682/5738 5683/5739 5685/5741 
f 79/79 5686/5742 5683/5739 82/82 
f 5687/5743 5685/5741 5683/5739 5686/5742 
f 396/400 5685/5741 5687/5743 5688/5744 
f 5689/5745 5690/5746 5687/5743 5686/5742 
f 5691/5747 5688/5744 5687/5743 5690/5746 
f 5692/5748 5688/5744 5691/5747 5693/5749 
f 5694/5750 5695/5751 5691/5747 5690/5746 
f 5696/5752 5693/5749 5691/5747 5695/5751 
f 5697/5753 5693/5749 5696/5752 5698/5754 
f 5699/5755 5700/5756 5696/5752 5695/5751 
f 5701/5757 5698/5754 5696/5752 5700/5756 
f 5702/5758 5698/5754 5701/5757 5703/5759 
f 5704/5760 5705/5761 5701/5757 5700/5756 
f 5706/5762 5703/5759 5701/5757 5705/5761 
f 5707/5763 5703/5759 5706/5762 5708/5764 
f 5709/5765 5710/5766 5706/5762 5705/5761 
f 5711/5767 5708/5764 5706/5762 5710/5766 
f 5712/5768 5708/5764 5711/5767 5713/5769 
f 5486/5532 5714/5770 5711/5767 5710/5766 
f 5715/5771 5713/5769 5711/5767 5714/5770 
f 5716/5772 5713/5769 5715/5771 5717/5773 
f 5483/5529 5718/5774 5715/5771 5714/5770 
f 3541/3559 5717/5773 5715/5771 5718/5774 
f 5481/5527 3544/3562 5718/5774 5483/5529 
f 3542/3560 3541/3559 5718/5774 3544/3562 
f 5719/5775 5720/5776 5716/5772 5721/5777 
f 5712/5768 5713/5769 5716/5772 5720/5776 
f 3538/3556 5721/5777 5716/5772 5717/5773 
f 5722/5778 5723/5779 5720/5776 5719/5775 
f 5724/5780 5712/5768 5720/5776 5723/5779 
f 5725/5781 5726/5782 5724/5780 5723/5779 
f 5727/5783 5707/5763 5724/5780 5726/5782 
f 5708/5764 5712/5768 5724/5780 5707/5763 
f 5728/5784 5729/5785 5727/5783 5726/5782 
f 5730/5786 5702/5758 5727/5783 5729/5785 
f 5703/5759 5707/5763 5727/5783 5702/5758 
f 5731/5787 5732/5788 5730/5786 5729/5785 
f 5733/5789 5697/5753 5730/5786 5732/5788 
f 5698/5754 5702/5758 5730/5786 5697/5753 
f 5734/5790 402/406 5733/5789 5732/5788 
f 397/401 5692/5748 5733/5789 402/406 
f 5693/5749 5697/5753 5733/5789 5692/5748 
f 5735/5791 5736/5792 5734/5790 5737/5793 
f 401/405 402/406 5734/5790 5736/5792 
f 5731/5787 5737/5793 5734/5790 5732/5788 
f 5738/5794 5739/5795 5736/5792 5735/5791 
f 400/404 401/405 5736/5792 5739/5795 
f 5740/5796 5741/5797 5739/5798 5738/5799 
f 5742/5800 400/5801 5739/5798 5741/5797 
f 5743/5802 5681/5737 5742/5800 5741/5797 
f 5682/5738 5684/5740 5742/5800 5681/5737 
f 399/403 400/5801 5742/5800 5684/5740 
f 5744/5803 5677/5733 5743/5802 5745/5804 
f 5679/5735 5681/5737 5743/5802 5677/5733 
f 5740/5796 5745/5804 5743/5802 5741/5797 
f 5746/5805 5747/5806 5744/5803 5748/5807 
f 5678/5734 5677/5733 5744/5803 5747/5806 
f 5749/5808 5748/5807 5744/5803 5745/5804 
f 5750/5809 5748/5810 5749/5811 5751/5812 
f 5740/5796 5752/5813 5749/5808 5745/5804 
f 5753/5814 5751/5812 5749/5811 5752/5815 
f 5754/5816 5751/5812 5753/5814 5755/5817 
f 5756/5818 5757/5819 5753/5814 5752/5815 
f 5758/5820 5755/5817 5753/5814 5757/5819 
f 5759/5821 5755/5817 5758/5820 5760/5822 
f 5761/5823 5762/5824 5758/5820 5757/5819 
f 5763/5825 5760/5822 5758/5820 5762/5824 
f 5764/5826 5760/5822 5763/5825 5765/5827 
f 5766/5828 5767/5829 5763/5825 5762/5824 
f 5768/5830 5765/5827 5763/5825 5767/5829 
f 5769/5831 5765/5827 5768/5830 5770/5832 
f 5771/5833 5772/5834 5768/5830 5767/5829 
f 5773/5835 5770/5832 5768/5830 5772/5834 
f 5774/5836 5770/5832 5773/5835 5775/5837 
f 5776/5838 5777/5839 5773/5835 5772/5834 
f 5778/5840 5775/5837 5773/5835 5777/5839 
f 5779/5841 5775/5837 5778/5840 5780/5842 
f 5781/5843 5782/5844 5778/5840 5777/5839 
f 5783/5845 5780/5842 5778/5840 5782/5844 
f 197/201 5780/5842 5783/5845 198/202 
f 5784/5846 5785/5847 5783/5845 5782/5844 
f 199/203 198/202 5783/5845 5785/5847 
f 5786/5848 5787/5849 5785/5847 5784/5846 
f 436/440 199/203 5785/5847 5787/5849 
f 3529/3547 3527/3545 5787/5849 5786/5848 
f 439/443 436/440 5787/5849 3527/3545 
f 5788/5850 5789/5851 5786/5848 5784/5846 
f 3531/3549 3529/3547 5786/5848 5789/5851 
f 5790/5852 5791/5853 5789/5851 5788/5850 
f 3533/3551 3531/3549 5789/5851 5791/5853 
f 5792/5854 5793/5855 5791/5853 5790/5852 
f 3535/3553 3533/3551 5791/5853 5793/5855 
f 5722/5778 5719/5775 5793/5855 5792/5854 
f 5721/5777 3535/3553 5793/5855 5719/5775 
f 5794/5856 5795/5857 5792/5854 5790/5852 
f 5796/5858 5722/5778 5792/5854 5795/5857 
f 5797/5859 5798/5860 5796/5858 5795/5857 
f 5799/5861 5725/5781 5796/5858 5798/5860 
f 5723/5779 5722/5778 5796/5858 5725/5781 
f 5800/5862 5801/5863 5799/5861 5798/5860 
f 5802/5864 5728/5784 5799/5861 5801/5863 
f 5726/5782 5725/5781 5799/5861 5728/5784 
f 5803/5865 5804/5866 5802/5864 5801/5863 
f 5737/5793 5731/5787 5802/5864 5804/5866 
f 5729/5785 5728/5784 5802/5864 5731/5787 
f 5761/5823 5805/5867 5804/5866 5803/5865 
f 5735/5791 5737/5793 5804/5866 5805/5867 
f 5757/5819 5756/5818 5805/5867 5761/5823 
f 5738/5794 5735/5791 5805/5867 5756/5818 
f 5762/5824 5761/5823 5803/5865 5766/5828 
f 5800/5862 5766/5828 5803/5865 5801/5863 
f 5767/5829 5766/5828 5800/5862 5771/5833 
f 5797/5859 5771/5833 5800/5862 5798/5860 
f 5772/5834 5771/5833 5797/5859 5776/5838 
f 5794/5856 5776/5838 5797/5859 5795/5857 
f 5777/5839 5776/5838 5794/5856 5781/5843 
f 5788/5850 5781/5843 5794/5856 5790/5852 
f 5782/5844 5781/5843 5788/5850 5784/5846 
f 5590/5639 5806/5868 5779/5841 5807/5869 
f 5774/5836 5775/5837 5779/5841 5806/5868 
f 197/201 5807/5869 5779/5841 5780/5842 
f 5591/5640 5595/5644 5806/5868 5590/5639 
f 5808/5870 5774/5836 5806/5868 5595/5644 
f 5596/5645 5600/5649 5808/5870 5595/5644 
f 5809/5871 5769/5831 5808/5870 5600/5649 
f 5770/5832 5774/5836 5808/5870 5769/5831 
f 5601/5650 5605/5654 5809/5871 5600/5649 
f 5810/5872 5764/5826 5809/5871 5605/5654 
f 5765/5827 5769/5831 5809/5871 5764/5826 
f 5606/5655 5610/5659 5810/5872 5605/5654 
f 5811/5873 5759/5821 5810/5872 5610/5659 
f 5760/5822 5764/5826 5810/5872 5759/5821 
f 5611/5660 5615/5664 5811/5873 5610/5659 
f 5812/5874 5754/5816 5811/5873 5615/5664 
f 5755/5817 5759/5821 5811/5873 5754/5816 
f 5616/5665 5620/5669 5812/5874 5615/5664 
f 5813/5875 5750/5809 5812/5874 5620/5669 
f 5751/5812 5754/5816 5812/5874 5750/5809 
f 5621/5670 5814/5876 5813/5875 5620/5669 
f 5815/5877 5746/5878 5813/5875 5814/5876 
f 5748/5810 5750/5809 5813/5875 5746/5878 
f 230/234 233/237 5815/5877 5814/5876 
f 5635/5688 5816/5879 5815/5880 233/5881 
f 5747/5806 5746/5805 5815/5880 5816/5879 
f 5636/5689 5640/5693 5816/5879 5635/5688 
f 5678/5734 5747/5806 5816/5879 5640/5693 
f 227/231 230/234 5814/5876 5621/5670 
f 189/193 5586/5635 5807/5869 197/201 
f 5587/5636 5590/5639 5807/5869 5586/5635 
f 5740/5796 5738/5799 5756/5882 5752/5813 
f 3536/3554 3535/3553 5721/5777 3538/3556 
f 3539/3557 3538/3556 5717/5773 3541/3559 
f 5484/5530 5483/5529 5714/5770 5486/5532 
f 5487/5533 5486/5532 5710/5766 5709/5765 
f 5704/5760 5817/5883 5709/5765 5705/5761 
f 5488/5534 5487/5533 5709/5765 5817/5883 
f 5818/5884 5819/5885 5817/5883 5704/5760 
f 5490/5536 5488/5534 5817/5883 5819/5885 
f 5820/5886 5498/5544 5819/5885 5818/5884 
f 5492/5538 5490/5536 5819/5885 5498/5544 
f 5699/5755 5821/5887 5820/5886 5818/5884 
f 5822/5888 5501/5547 5820/5886 5821/5887 
f 5499/5545 5498/5544 5820/5886 5501/5547 
f 5694/5750 5823/5889 5822/5888 5821/5887 
f 5824/5890 5825/5891 5822/5888 5823/5889 
f 5502/5548 5501/5547 5822/5888 5825/5891 
f 5826/5892 5507/5553 5825/5891 5824/5890 
f 5503/5549 5502/5548 5825/5891 5507/5553 
f 78/78 81/81 5826/5892 5824/5890 
f 84/84 5510/5556 5826/5892 81/81 
f 5508/5554 5507/5553 5826/5892 5510/5556 
f 5689/5745 78/78 5824/5890 5823/5889 
f 5690/5746 5689/5745 5823/5889 5694/5750 
f 5695/5751 5694/5750 5821/5887 5699/5755 
f 5700/5756 5699/5755 5818/5884 5704/5760 
f 396/400 5688/5744 5692/5748 397/401 
f 79/79 78/78 5689/5745 5686/5742 
f 396/400 399/403 5684/5740 5685/5741 
f 232/5683 5631/5684 5635/5688 233/5881 
f 5582/5631 5576/5625 5592/5641 5588/5637 
f 192/196 5584/5633 5586/5635 189/193 
f 5531/5577 86/86 5534/5580 5532/5578 
f 85/85 86/86 5531/5577 5827/5893 
f 5528/5574 5827/5893 5531/5577 5529/5575 
f 84/84 85/85 5827/5893 5828/5894 
f 5829/5895 5828/5894 5827/5893 5528/5574 
f 5511/5557 5828/5894 5829/5895 5512/5558 
f 5526/5572 5525/5571 5829/5895 5528/5574 
f 5514/5560 5512/5558 5829/5895 5525/5571 
f 5510/5556 84/84 5828/5894 5511/5557 
f 5516/5562 5514/5560 5525/5571 5523/5569 
f 3545/3563 3544/3562 5481/5527 5479/5525 
f 3546/3564 3545/3563 5479/5525 5477/5523 
f 5255/5301 5256/5302 5260/5306 281/285 
f 284/288 5830/5896 5255/5301 281/285 
f 5252/5298 5253/5299 5255/5301 5830/5896 
f 290/294 5831/5897 5830/5896 284/288 
f 5239/5285 5252/5298 5830/5896 5831/5897 
f 429/433 5235/5281 5831/5897 290/294 
f 5236/5282 5239/5285 5831/5897 5235/5281 
f 5240/5286 5243/5289 5252/5298 5239/5285 
f 4940/4979 4939/4978 5245/5291 4942/4981 
f 4943/4982 4942/4981 5241/5287 4945/4984 
f 4946/4985 4945/4984 5237/5283 4948/4987 
f 432/436 5232/5278 5235/5281 429/433 
f 4949/4988 4948/4987 5233/5279 4951/4990 
f 435/439 77/77 5230/5276 434/438 
f 76/76 5223/5269 5230/5276 77/77 
f 4955/4994 4953/4992 5226/5272 5225/5271 
f 5220/5266 5832/5898 5225/5271 5221/5267 
f 4957/4996 4955/4994 5225/5271 5832/5898 
f 5833/5899 5834/5900 5832/5898 5220/5266 
f 4959/4998 4957/4996 5832/5898 5834/5900 
f 5835/5901 5836/5902 5834/5900 5833/5899 
f 4961/5000 4959/4998 5834/5900 5836/5902 
f 5837/5903 4966/5005 5836/5902 5835/5901 
f 4963/5002 4961/5000 5836/5902 4966/5005 
f 5838/5904 5839/5905 5837/5903 5835/5901 
f 5840/5906 4969/5008 5837/5903 5839/5905 
f 4967/5006 4966/5005 5837/5903 4969/5008 
f 5841/5907 5842/5908 5840/5906 5839/5905 
f 5843/5909 4972/5011 5840/5906 5842/5908 
f 4970/5009 4969/5008 5840/5906 4972/5011 
f 5844/5910 5845/5911 5843/5909 5842/5908 
f 5846/5912 4975/5014 5843/5909 5845/5911 
f 4973/5012 4972/5011 5843/5909 4975/5014 
f 5847/5913 5848/5914 5846/5912 5845/5911 
f 5849/5915 4978/5017 5846/5912 5848/5914 
f 4976/5015 4975/5014 5846/5912 4978/5017 
f 5850/5916 5851/5917 5849/5915 5848/5914 
f 5852/5918 4981/5020 5849/5915 5851/5917 
f 4979/5018 4978/5017 5849/5915 4981/5020 
f 5853/5919 5854/5920 5852/5918 5851/5917 
f 5855/5921 4984/5023 5852/5918 5854/5920 
f 4982/5021 4981/5020 5852/5918 4984/5023 
f 5856/5922 5857/5923 5855/5921 5854/5920 
f 5858/5924 5859/5925 5855/5921 5857/5923 
f 4985/5024 4984/5023 5855/5921 5859/5925 
f 5860/5926 5861/5927 5859/5925 5858/5924 
f 4986/5025 4985/5024 5859/5925 5861/5927 
f 5862/5928 4991/5030 5861/5927 5860/5926 
f 4988/5027 4986/5025 5861/5927 4991/5030 
f 5863/5929 5864/5930 5862/5928 5860/5926 
f 5865/5931 4994/5033 5862/5928 5864/5930 
f 4992/5031 4991/5030 5862/5928 4994/5033 
f 5866/5932 5867/5933 5865/5931 5864/5930 
f 5868/5934 5869/5935 5865/5931 5867/5933 
f 4995/5034 4994/5033 5865/5931 5869/5935 
f 5870/5936 5000/5039 5869/5935 5868/5934 
f 4996/5035 4995/5034 5869/5935 5000/5039 
f 5871/5937 5872/5938 5870/5936 5868/5934 
f 5873/5939 5003/5042 5870/5936 5872/5938 
f 5001/5040 5000/5039 5870/5936 5003/5042 
f 5874/5940 5875/5941 5873/5939 5872/5938 
f 5876/5942 5006/5045 5873/5939 5875/5941 
f 5004/5043 5003/5042 5873/5939 5006/5045 
f 5877/5943 5878/5944 5876/5942 5875/5941 
f 5879/5945 5009/5048 5876/5942 5878/5944 
f 5007/5046 5006/5045 5876/5942 5009/5048 
f 5880/5946 5881/5947 5879/5945 5878/5944 
f 5882/5948 5012/5051 5879/5945 5881/5947 
f 5010/5049 5009/5048 5879/5945 5012/5051 
f 5883/5949 5884/5950 5882/5948 5881/5947 
f 5885/5951 5015/5054 5882/5948 5884/5950 
f 5013/5052 5012/5051 5882/5948 5015/5054 
f 5886/5952 5887/5953 5885/5951 5884/5950 
f 5888/5954 5018/5057 5885/5951 5887/5953 
f 5016/5055 5015/5054 5885/5951 5018/5057 
f 5889/5955 5890/5956 5888/5954 5887/5953 
f 5891/5957 5021/5060 5888/5954 5890/5956 
f 5019/5058 5018/5057 5888/5954 5021/5060 
f 5892/5958 5893/5959 5891/5957 5890/5956 
f 5894/5960 5024/5063 5891/5957 5893/5959 
f 5022/5061 5021/5060 5891/5957 5024/5063 
f 5895/5961 5896/5962 5894/5960 5893/5959 
f 5897/5963 5027/5066 5894/5960 5896/5962 
f 5025/5064 5024/5063 5894/5960 5027/5066 
f 352/356 351/355 5897/5963 5896/5962 
f 5898/5964 5030/5069 5897/5963 351/355 
f 5028/5067 5027/5066 5897/5963 5030/5069 
f 354/358 5899/5965 5898/5964 351/355 
f 350/354 5900/5966 5898/5964 5899/5965 
f 5031/5070 5030/5069 5898/5964 5900/5966 
f 345/349 5901/5967 5900/5966 350/354 
f 5032/5071 5031/5070 5900/5966 5901/5967 
f 344/348 5037/5076 5901/5967 345/349 
f 5034/5073 5032/5071 5901/5967 5037/5076 
f 355/359 5902/5968 5899/5965 354/358 
f 349/353 350/354 5899/5965 5902/5968 
f 5047/5086 5045/5084 5902/5968 355/359 
f 348/352 349/353 5902/5968 5045/5084 
f 357/361 352/356 5896/5962 5895/5961 
f 5903/5969 357/361 5895/5961 5904/5970 
f 5892/5958 5904/5970 5895/5961 5893/5959 
f 5905/5971 5906/5972 5903/5969 5907/5973 
f 358/362 357/361 5903/5969 5906/5972 
f 5908/5974 5907/5973 5903/5969 5904/5970 
f 5909/5975 5907/5973 5908/5974 5910/5976 
f 5892/5958 5911/5977 5908/5974 5904/5970 
f 5912/5978 5910/5976 5908/5974 5911/5977 
f 5913/5979 5910/5976 5912/5978 5914/5980 
f 5889/5955 5915/5981 5912/5978 5911/5977 
f 5916/5982 5914/5980 5912/5978 5915/5981 
f 5917/5983 5914/5980 5916/5982 5918/5984 
f 5886/5952 5919/5985 5916/5982 5915/5981 
f 5920/5986 5918/5984 5916/5982 5919/5985 
f 5921/5987 5918/5984 5920/5986 5922/5988 
f 5883/5949 5923/5989 5920/5986 5919/5985 
f 5924/5990 5922/5988 5920/5986 5923/5989 
f 5925/5991 5922/5988 5924/5990 5926/5992 
f 5880/5946 5927/5993 5924/5990 5923/5989 
f 5928/5994 5926/5992 5924/5990 5927/5993 
f 5929/5995 5926/5992 5928/5994 5930/5996 
f 5877/5943 5931/5997 5928/5994 5927/5993 
f 5932/5998 5930/5996 5928/5994 5931/5997 
f 5933/5999 5930/5996 5932/5998 5934/6000 
f 5874/5940 5935/6001 5932/5998 5931/5997 
f 5936/6002 5934/6000 5932/5998 5935/6001 
f 5937/6003 5934/6000 5936/6002 5938/6004 
f 5871/5937 5939/6005 5936/6002 5935/6001 
f 5940/6006 5938/6004 5936/6002 5939/6005 
f 5941/6007 5938/6004 5940/6006 5942/6008 
f 5867/5933 5866/5932 5940/6006 5939/6005 
f 5943/6009 5942/6008 5940/6006 5866/5932 
f 5944/6010 5942/6008 5943/6009 5945/6011 
f 5864/5930 5863/5929 5943/6009 5866/5932 
f 5946/6012 5945/6011 5943/6009 5863/5929 
f 5947/6013 5945/6011 5946/6012 5948/6014 
f 5860/5926 5858/5924 5946/6012 5863/5929 
f 5857/5923 5948/6014 5946/6012 5858/5924 
f 5949/6015 5950/6016 5947/6013 5951/6017 
f 5944/6010 5945/6011 5947/6013 5950/6016 
f 5952/6018 5951/6017 5947/6013 5948/6014 
f 389/393 5951/6017 5952/6018 390/394 
f 5857/5923 5856/5922 5952/6018 5948/6014 
f 393/397 390/394 5952/6018 5856/5922 
f 5953/6019 5954/6020 5950/6016 5949/6015 
f 5955/6021 5944/6010 5950/6016 5954/6020 
f 5956/6022 5957/6023 5955/6021 5954/6020 
f 5958/6024 5941/6007 5955/6021 5957/6023 
f 5942/6008 5944/6010 5955/6021 5941/6007 
f 5959/6025 5960/6026 5958/6024 5957/6023 
f 5961/6027 5937/6003 5958/6024 5960/6026 
f 5938/6004 5941/6007 5958/6024 5937/6003 
f 5962/6028 5963/6029 5961/6027 5960/6026 
f 5964/6030 5933/5999 5961/6027 5963/6029 
f 5934/6000 5937/6003 5961/6027 5933/5999 
f 5965/6031 5966/6032 5964/6030 5963/6029 
f 5967/6033 5929/5995 5964/6030 5966/6032 
f 5930/5996 5933/5999 5964/6030 5929/5995 
f 5968/6034 5969/6035 5967/6033 5966/6032 
f 5970/6036 5925/5991 5967/6033 5969/6035 
f 5926/5992 5929/5995 5967/6033 5925/5991 
f 5971/6037 5972/6038 5970/6036 5969/6035 
f 5973/6039 5921/5987 5970/6036 5972/6038 
f 5922/5988 5925/5991 5970/6036 5921/5987 
f 5974/6040 5975/6041 5973/6039 5972/6038 
f 5976/6042 5917/5983 5973/6039 5975/6041 
f 5918/5984 5921/5987 5973/6039 5917/5983 
f 5977/6043 5978/6044 5976/6042 5975/6041 
f 5979/6045 5913/5979 5976/6042 5978/6044 
f 5914/5980 5917/5983 5976/6042 5913/5979 
f 5980/6046 5981/6047 5979/6045 5978/6044 
f 5982/6048 5909/5975 5979/6045 5981/6047 
f 5910/5976 5913/5979 5979/6045 5909/5975 
f 5983/6049 5984/6050 5982/6048 5981/6047 
f 5985/6051 5905/5971 5982/6048 5984/6050 
f 5907/5973 5909/5975 5982/6048 5905/5971 
f 5986/6052 5987/6053 5985/6051 5984/6050 
f 5988/6054 5989/6055 5985/6051 5987/6053 
f 5906/5972 5905/5971 5985/6051 5989/6055 
f 5990/6056 359/363 5989/6055 5988/6054 
f 358/362 5906/5972 5989/6055 359/363 
f 5991/6057 5992/6058 5990/6056 5988/6054 
f 5063/5102 5065/5104 5990/6056 5992/6058 
f 360/364 359/363 5990/6056 5065/5104 
f 5993/6059 5994/6060 5992/6058 5991/6057 
f 5066/5105 5063/5102 5992/6058 5994/6060 
f 5118/5161 5995/6061 5994/6060 5993/6059 
f 5068/5107 5066/5105 5994/6060 5995/6061 
f 5114/5164 5113/6062 5995/6061 5118/5161 
f 5070/5109 5068/5107 5995/6061 5113/6062 
f 5119/5162 5118/5161 5993/6059 5123/5169 
f 5996/6063 5123/5169 5993/6059 5991/6057 
f 5124/5170 5123/5169 5996/6063 5128/5174 
f 5988/6054 5987/6053 5996/6063 5991/6057 
f 5986/6052 5128/5174 5996/6063 5987/6053 
f 5129/5175 5128/5174 5986/6052 5133/5179 
f 5983/6049 5133/5179 5986/6052 5984/6050 
f 5134/5180 5133/5179 5983/6049 5138/5184 
f 5980/6046 5138/5184 5983/6049 5981/6047 
f 5139/5185 5138/5184 5980/6046 5143/5189 
f 5977/6043 5143/5189 5980/6046 5978/6044 
f 5144/5190 5143/5189 5977/6043 5148/5194 
f 5974/6040 5148/5194 5977/6043 5975/6041 
f 5149/5195 5148/5194 5974/6040 5153/5199 
f 5971/6037 5153/5199 5974/6040 5972/6038 
f 5154/5200 5153/5199 5971/6037 5158/5204 
f 5968/6034 5158/5204 5971/6037 5969/6035 
f 5159/5205 5158/5204 5968/6034 5163/5209 
f 5965/6031 5163/5209 5968/6034 5966/6032 
f 5164/5210 5163/5209 5965/6031 5168/5214 
f 5962/6028 5168/5214 5965/6031 5963/6029 
f 5169/5215 5168/5214 5962/6028 5173/5219 
f 5959/6025 5173/5219 5962/6028 5960/6026 
f 5174/5220 5173/5219 5959/6025 5178/5224 
f 5956/6022 5178/5224 5959/6025 5957/6023 
f 5179/5225 5178/5224 5956/6022 5183/5229 
f 5953/6019 5183/5229 5956/6022 5954/6020 
f 5184/5230 5183/5229 5953/6019 5188/5234 
f 5997/6064 5188/5234 5953/6019 5949/6015 
f 5189/5235 5188/5234 5997/6064 5193/5239 
f 5951/6017 389/393 5997/6064 5949/6015 
f 392/396 5193/5239 5997/6064 389/393 
f 5868/5934 5867/5933 5939/6005 5871/5937 
f 5872/5938 5871/5937 5935/6001 5874/5940 
f 5875/5941 5874/5940 5931/5997 5877/5943 
f 5878/5944 5877/5943 5927/5993 5880/5946 
f 5881/5947 5880/5946 5923/5989 5883/5949 
f 5884/5950 5883/5949 5919/5985 5886/5952 
f 5887/5953 5886/5952 5915/5981 5889/5955 
f 5890/5956 5889/5955 5911/5977 5892/5958 
f 5853/5919 393/397 5856/5922 5854/5920 
f 394/398 393/397 5853/5919 5998/6065 
f 5850/5916 5998/6065 5853/5919 5851/5917 
f 395/399 394/398 5998/6065 5196/5242 
f 5197/5243 5196/5242 5998/6065 5850/5916 
f 5847/5913 5197/5243 5850/5916 5848/5914 
f 5198/5244 5197/5243 5847/5913 5201/5247 
f 5844/5910 5201/5247 5847/5913 5845/5911 
f 5202/5248 5201/5247 5844/5910 5206/5252 
f 5841/5907 5206/5252 5844/5910 5842/5908 
f 5207/5253 5206/5252 5841/5907 5211/5257 
f 5838/5904 5211/5257 5841/5907 5839/5905 
f 5212/5258 5211/5257 5838/5904 5216/5262 
f 5833/5899 5216/5262 5838/5904 5835/5901 
f 5217/5263 5216/5262 5833/5899 5220/5266 
f 75/75 5219/5265 5223/5269 76/76 
f 75/75 68/68 5214/5260 5215/5261 
f 392/396 395/399 5194/5240 5193/5239 
f 5108/5151 5070/6066 5113/5156 5109/5152 
f 5103/5146 5073/5112 5108/5151 5104/5147 
f 5071/5115 5070/6066 5108/5151 5073/5112 
f 5098/5141 5999/6067 5103/5146 5099/5142 
f 5074/5113 5073/5112 5103/5146 5999/6067 
f 5081/5124 5079/5122 5999/6067 5098/5141 
f 5075/5116 5074/5113 5999/6067 5079/5122 
f 419/423 5097/5140 5101/5144 420/424 
f 5083/5126 5081/5124 5098/5141 5095/5138 
f 419/423 416/420 5093/5136 5094/5137 
f 5037/5076 344/348 5040/5079 5038/5077 
f 625/629 623/627 4932/4971 4931/4970 
f 3653/3671 3652/3670 4905/4944 3655/3673 
f 4891/4930 3683/3701 4896/4935 4892/4931 
f 3681/3699 3680/3698 4896/4935 3683/3701 
f 4886/4925 6000/6068 4891/4930 4887/4926 
f 3684/3702 3683/3701 4891/4930 6000/6068 
f 6001/6069 6002/6070 6000/6068 4886/4925 
f 3685/3703 3684/3702 6000/6068 6002/6070 
f 6003/6071 6004/6072 6002/6070 6001/6069 
f 3687/3705 3685/3703 6002/6070 6004/6072 
f 297/301 298/302 6004/6072 6003/6071 
f 3689/3707 3687/3705 6004/6072 298/302 
f 4881/4920 6005/6073 6003/6071 6001/6069 
f 296/300 297/301 6003/6071 6005/6073 
f 4877/4916 4876/4915 6005/6073 4881/4920 
f 6006/6074 296/300 6005/6073 4876/4915 
f 4872/4911 4871/4910 6006/6074 4876/4915 
f 4688/4727 4690/4729 6006/6074 4871/4910 
f 295/299 296/300 6006/6074 4690/4729 
f 4882/4921 4881/4920 6001/6069 4886/4925 
f 4691/4730 4688/4727 4871/4910 4867/4906 
f 4692/4731 4691/4730 4863/4902 4694/4733 
f 4698/4737 4696/4735 4853/4892 4701/4740 
f 4702/4741 4701/4740 4849/4888 4704/4743 
f 4705/4744 4704/4743 4845/4884 4707/4746 
f 4708/4747 4707/4746 4841/4880 4710/4749 
f 4711/4750 4710/4749 4837/4876 4713/4752 
f 4725/4764 4723/4762 4815/4854 4814/4853 
f 4809/4848 6007/6075 4814/4853 4810/4849 
f 4727/4766 4725/4764 4814/4853 6007/6075 
f 6008/6076 4732/4771 6007/6075 4809/4848 
f 4729/4768 4727/4766 6007/6075 4732/4771 
f 4805/4844 4804/4843 6008/6076 4809/4848 
f 6009/6077 4735/4774 6008/6076 4804/4843 
f 4733/4772 4732/4771 6008/6076 4735/4774 
f 4800/4839 4799/4838 6009/6077 4804/4843 
f 6010/6078 4738/4777 6009/6077 4799/4838 
f 4736/4775 4735/4774 6009/6077 4738/4777 
f 4795/4834 4794/4833 6010/6078 4799/4838 
f 4743/4782 4741/4780 6010/6078 4794/4833 
f 4739/4778 4738/4777 6010/6078 4741/4780 
f 4745/4784 4743/4782 4794/4833 4790/4829 
f 4746/4785 4745/4784 4786/4825 4748/4787 
f 4752/4791 4750/4789 4776/4815 4755/4794 
f 4756/4795 4755/4794 4772/4811 4758/4797 
f 3696/3714 3694/3712 4678/4717 4677/4716 
f 321/325 316/320 4677/4716 4673/4712 
f 315/319 3696/3714 4677/4716 316/320 
f 320/324 321/325 4669/4708 4668/4707 
f 3706/3724 3704/3722 4668/4707 4664/4703 
f 319/323 320/324 4668/4707 3704/3722 
f 3707/3725 3706/3724 4660/4699 3709/3727 
f 3729/3747 3727/3745 4631/4670 3732/3750 
f 3733/3751 3732/3750 4627/4666 4626/4665 
f 4621/4660 6011/6079 4626/4665 4622/4661 
f 3734/3752 3733/3751 4626/4665 6011/6079 
f 6012/6080 6013/6081 6011/6079 4621/4660 
f 3736/3754 3734/3752 6011/6079 6013/6081 
f 6014/6082 6015/6083 6013/6081 6012/6080 
f 3738/3756 3736/3754 6013/6081 6015/6083 
f 6016/6084 6017/6085 6015/6083 6014/6082 
f 3740/3758 3738/3756 6015/6083 6017/6085 
f 6018/6086 3745/3763 6017/6085 6016/6084 
f 3742/3760 3740/3758 6017/6085 3745/3763 
f 6019/6087 234/238 6018/6086 6016/6084 
f 64/64 63/63 6018/6086 234/238 
f 3746/3764 3745/3763 6018/6086 63/63 
f 4611/4650 6020/6088 6019/6087 6021/6089 
f 235/239 234/238 6019/6087 6020/6088 
f 6014/6082 6021/6089 6019/6087 6016/6084 
f 4607/4646 4606/4645 6020/6088 4611/4650 
f 66/66 235/239 6020/6088 4606/4645 
f 4612/4651 4611/4650 6021/6089 4616/4655 
f 6012/6080 4616/4655 6021/6089 6014/6082 
f 4617/4656 4616/4655 6012/6080 4621/4660 
f 62/62 66/66 4606/4645 4603/4642 
f 6022/6090 6023/6091 4601/4640 4596/4635 
f 60/60 59/59 4601/4640 6023/6091 
f 6024/6092 6025/6093 6023/6091 6022/6090 
f 6026/6094 60/60 6023/6091 6025/6093 
f 6027/6095 6028/6096 6026/6094 6025/6093 
f 6029/6097 6030/6098 6026/6094 6028/6096 
f 61/61 60/60 6026/6094 6030/6098 
f 6031/6099 6032/6100 6030/6098 6029/6097 
f 65/65 61/61 6030/6098 6032/6100 
f 3751/3769 3749/3767 6032/6100 6031/6099 
f 3747/3765 65/65 6032/6100 3749/3767 
f 6033/6101 6034/6102 6031/6099 6029/6097 
f 3753/3771 3751/3769 6031/6099 6034/6102 
f 6035/6103 6036/6104 6034/6102 6033/6101 
f 3755/3773 3753/3771 6034/6102 6036/6104 
f 6037/6105 6038/6106 6036/6104 6035/6103 
f 3757/3775 3755/3773 6036/6104 6038/6106 
f 6039/6107 6040/6108 6038/6106 6037/6105 
f 3759/3777 3757/3775 6038/6106 6040/6108 
f 6041/6109 6042/6110 6040/6108 6039/6107 
f 3761/3779 3759/3777 6040/6108 6042/6110 
f 6043/6111 6044/6112 6042/6110 6041/6109 
f 3763/3781 3761/3779 6042/6110 6044/6112 
f 6045/6113 6046/6114 6044/6112 6043/6111 
f 3765/3783 3763/3781 6044/6112 6046/6114 
f 6047/6115 6048/6116 6046/6114 6045/6113 
f 3767/3785 3765/3783 6046/6114 6048/6116 
f 6049/6117 6050/6118 6048/6116 6047/6115 
f 3769/3787 3767/3785 6048/6116 6050/6118 
f 6051/6119 6052/6120 6050/6118 6049/6117 
f 3771/3789 3769/3787 6050/6118 6052/6120 
f 4434/4473 4432/4471 6052/6120 6051/6119 
f 3773/3791 3771/3789 6052/6120 4432/4471 
f 6053/6121 6054/6122 6051/6119 6049/6117 
f 6055/6123 4434/4473 6051/6119 6054/6122 
f 6056/6124 6057/6125 6055/6123 6054/6122 
f 6058/6126 4437/4476 6055/6123 6057/6125 
f 4435/4474 4434/4473 6055/6123 4437/4476 
f 6059/6127 6060/6128 6058/6126 6057/6125 
f 6061/6129 4440/4479 6058/6126 6060/6128 
f 4438/4477 4437/4476 6058/6126 4440/4479 
f 6062/6130 6063/6131 6061/6129 6060/6128 
f 6064/6132 4443/4482 6061/6129 6063/6131 
f 4441/4480 4440/4479 6061/6129 4443/4482 
f 6065/6133 6066/6134 6064/6132 6063/6131 
f 6067/6135 4446/4485 6064/6132 6066/6134 
f 4444/4483 4443/4482 6064/6132 4446/4485 
f 6068/6136 6069/6137 6067/6135 6066/6134 
f 6070/6138 4449/4488 6067/6135 6069/6137 
f 4447/4486 4446/4485 6067/6135 4449/4488 
f 6071/6139 6072/6140 6070/6138 6069/6137 
f 6073/6141 4452/4491 6070/6138 6072/6140 
f 4450/4489 4449/4488 6070/6138 4452/4491 
f 6074/6142 6075/6143 6073/6141 6072/6140 
f 6076/6144 4455/4494 6073/6141 6075/6143 
f 4453/4492 4452/4491 6073/6141 4455/4494 
f 6077/6145 6078/6146 6076/6144 6075/6143 
f 6079/6147 4458/4497 6076/6144 6078/6146 
f 4456/4495 4455/4494 6076/6144 4458/4497 
f 6080/6148 6081/6149 6079/6147 6078/6146 
f 6082/6150 4461/4500 6079/6147 6081/6149 
f 4459/4498 4458/4497 6079/6147 4461/4500 
f 6083/6151 6084/6152 6082/6150 6081/6149 
f 6085/6153 4464/4503 6082/6150 6084/6152 
f 4462/4501 4461/4500 6082/6150 4464/4503 
f 6086/6154 6087/6155 6085/6153 6084/6152 
f 6088/6156 4467/4506 6085/6153 6087/6155 
f 4465/4504 4464/4503 6085/6153 4467/4506 
f 6089/6157 6090/6158 6088/6156 6087/6155 
f 54/54 4470/4509 6088/6156 6090/6158 
f 4468/4507 4467/4506 6088/6156 4470/4509 
f 6091/6159 6092/6160 6090/6158 6089/6157 
f 55/55 54/54 6090/6158 6092/6160 
f 58/58 55/55 6092/6160 6093/6161 
f 6094/6162 6093/6161 6092/6160 6091/6159 
f 6095/6163 6093/6161 6094/6162 6096/6164 
f 6097/6165 6098/6166 6094/6162 6091/6159 
f 6099/6167 6096/6164 6094/6162 6098/6166 
f 6100/6168 6096/6164 6099/6167 6101/6169 
f 6102/6170 6103/6171 6099/6167 6098/6166 
f 6104/6172 6101/6169 6099/6167 6103/6171 
f 6105/6173 6101/6169 6104/6172 6106/6174 
f 6107/6175 6108/6176 6104/6172 6103/6171 
f 6109/6177 6106/6174 6104/6172 6108/6176 
f 6110/6178 6106/6174 6109/6177 6111/6179 
f 6112/6180 6113/6181 6109/6177 6108/6176 
f 6114/6182 6111/6179 6109/6177 6113/6181 
f 6115/6183 6111/6179 6114/6182 6116/6184 
f 6117/6185 6118/6186 6114/6182 6113/6181 
f 6119/6187 6116/6184 6114/6182 6118/6186 
f 6120/6188 6116/6184 6119/6187 6121/6189 
f 6122/6190 6123/6191 6119/6187 6118/6186 
f 6124/6192 6121/6189 6119/6187 6123/6191 
f 4562/4601 6121/6189 6124/6192 4564/4603 
f 6125/6193 6126/6194 6124/6192 6123/6191 
f 6127/6195 4564/4603 6124/6192 6126/6194 
f 4565/4604 4564/4603 6127/6195 4568/4607 
f 6128/6196 6129/6197 6127/6195 6126/6194 
f 6130/6198 4568/4607 6127/6195 6129/6197 
f 4569/4608 4568/4607 6130/6198 4573/4612 
f 6131/6199 6132/6200 6130/6198 6129/6197 
f 6133/6201 4573/4612 6130/6198 6132/6200 
f 4574/4613 4573/4612 6133/6201 4576/4615 
f 6134/6202 6135/6203 6133/6201 6132/6200 
f 6136/6204 4576/4615 6133/6201 6135/6203 
f 217/221 4576/4615 6136/6204 218/222 
f 6137/6205 6138/6206 6136/6204 6135/6203 
f 219/223 218/222 6136/6204 6138/6206 
f 6139/6207 6140/6208 6138/6206 6137/6205 
f 6141/6209 219/223 6138/6206 6140/6208 
f 216/220 219/223 6141/6209 6142/6210 
f 6143/6211 6144/6212 6141/6209 6140/6208 
f 6145/6213 6142/6210 6141/6209 6144/6212 
f 6146/6214 6142/6210 6145/6213 6147/6215 
f 6148/6216 6149/6217 6145/6213 6144/6212 
f 6150/6218 6147/6215 6145/6213 6149/6217 
f 6151/6219 6147/6215 6150/6218 6152/6220 
f 6153/6221 6154/6222 6150/6218 6149/6217 
f 6155/6223 6152/6220 6150/6218 6154/6222 
f 6156/6224 6152/6220 6155/6223 6024/6092 
f 6157/6225 6027/6095 6155/6223 6154/6222 
f 6025/6093 6024/6092 6155/6223 6027/6095 
f 6153/6221 6158/6226 6157/6225 6154/6222 
f 6159/6227 6160/6228 6157/6225 6158/6226 
f 6028/6096 6027/6095 6157/6225 6160/6228 
f 6035/6103 6033/6101 6160/6228 6159/6227 
f 6029/6097 6028/6096 6160/6228 6033/6101 
f 6161/6229 6162/6230 6159/6227 6158/6226 
f 6037/6105 6035/6103 6159/6227 6162/6230 
f 6163/6231 6164/6232 6162/6230 6161/6229 
f 6039/6107 6037/6105 6162/6230 6164/6232 
f 6165/6233 6166/6234 6164/6232 6163/6231 
f 6041/6109 6039/6107 6164/6232 6166/6234 
f 6167/6235 6168/6236 6166/6234 6165/6233 
f 6043/6111 6041/6109 6166/6234 6168/6236 
f 6169/6237 6170/6238 6168/6236 6167/6235 
f 6045/6113 6043/6111 6168/6236 6170/6238 
f 6171/6239 6172/6240 6170/6238 6169/6237 
f 6047/6115 6045/6113 6170/6238 6172/6240 
f 6173/6241 6053/6121 6172/6240 6171/6239 
f 6049/6117 6047/6115 6172/6240 6053/6121 
f 6174/6242 6175/6243 6173/6241 6171/6239 
f 6176/6244 6056/6124 6173/6241 6175/6243 
f 6054/6122 6053/6121 6173/6241 6056/6124 
f 6177/6245 6178/6246 6176/6244 6175/6243 
f 6179/6247 6059/6127 6176/6244 6178/6246 
f 6057/6125 6056/6124 6176/6244 6059/6127 
f 6180/6248 6181/6249 6179/6247 6178/6246 
f 6182/6250 6062/6130 6179/6247 6181/6249 
f 6060/6128 6059/6127 6179/6247 6062/6130 
f 6183/6251 6184/6252 6182/6250 6181/6249 
f 6185/6253 6065/6133 6182/6250 6184/6252 
f 6063/6131 6062/6130 6182/6250 6065/6133 
f 6186/6254 6187/6255 6185/6253 6184/6252 
f 6188/6256 6068/6136 6185/6253 6187/6255 
f 6066/6134 6065/6133 6185/6253 6068/6136 
f 6189/6257 6190/6258 6188/6256 6187/6255 
f 6191/6259 6071/6139 6188/6256 6190/6258 
f 6069/6137 6068/6136 6188/6256 6071/6139 
f 6192/6260 6193/6261 6191/6259 6190/6258 
f 6194/6262 6074/6142 6191/6259 6193/6261 
f 6072/6140 6071/6139 6191/6259 6074/6142 
f 6195/6263 6196/6264 6194/6262 6193/6261 
f 6197/6265 6077/6145 6194/6262 6196/6264 
f 6075/6143 6074/6142 6194/6262 6077/6145 
f 6198/6266 6199/6267 6197/6265 6196/6264 
f 6200/6268 6080/6148 6197/6265 6199/6267 
f 6078/6146 6077/6145 6197/6265 6080/6148 
f 377/381 6201/6269 6200/6268 6199/6267 
f 6202/6270 6083/6151 6200/6268 6201/6269 
f 6081/6149 6080/6148 6200/6268 6083/6151 
f 6203/6271 6204/6272 6202/6270 6201/6269 
f 6205/6273 6086/6154 6202/6270 6204/6272 
f 6084/6152 6083/6151 6202/6270 6086/6154 
f 6206/6274 6097/6165 6205/6273 6204/6272 
f 6091/6159 6089/6157 6205/6273 6097/6165 
f 6087/6155 6086/6154 6205/6273 6089/6157 
f 6098/6166 6097/6165 6206/6274 6102/6170 
f 6203/6271 6207/6275 6206/6274 6204/6272 
f 6208/6276 6102/6170 6206/6274 6207/6275 
f 6103/6171 6102/6170 6208/6276 6107/6175 
f 371/375 6209/6277 6208/6276 6207/6275 
f 6210/6278 6107/6175 6208/6276 6209/6277 
f 6108/6176 6107/6175 6210/6278 6112/6180 
f 6211/6279 6212/6280 6210/6278 6209/6277 
f 6213/6281 6112/6180 6210/6278 6212/6280 
f 6113/6181 6112/6180 6213/6281 6117/6185 
f 6214/6282 6215/6283 6213/6281 6212/6280 
f 6216/6284 6117/6185 6213/6281 6215/6283 
f 6118/6186 6117/6185 6216/6284 6122/6190 
f 6217/6285 6218/6286 6216/6284 6215/6283 
f 6219/6287 6122/6190 6216/6284 6218/6286 
f 6123/6191 6122/6190 6219/6287 6125/6193 
f 6220/6288 6221/6289 6219/6287 6218/6286 
f 6222/6290 6125/6193 6219/6287 6221/6289 
f 6126/6194 6125/6193 6222/6290 6128/6196 
f 6223/6291 6224/6292 6222/6290 6221/6289 
f 6225/6293 6128/6196 6222/6290 6224/6292 
f 6129/6197 6128/6196 6225/6293 6131/6199 
f 6226/6294 6227/6295 6225/6293 6224/6292 
f 6228/6296 6131/6199 6225/6293 6227/6295 
f 6132/6200 6131/6199 6228/6296 6134/6202 
f 6229/6297 6230/6298 6228/6296 6227/6295 
f 6231/6299 6134/6202 6228/6296 6230/6298 
f 6135/6203 6134/6202 6231/6299 6137/6205 
f 6232/6300 6233/6301 6231/6299 6230/6298 
f 6139/6207 6137/6205 6231/6299 6233/6301 
f 6234/6302 6235/6303 6233/6301 6232/6300 
f 6236/6304 6139/6207 6233/6301 6235/6303 
f 6140/6208 6139/6207 6236/6304 6143/6211 
f 6237/6305 6238/6306 6236/6304 6235/6303 
f 6239/6307 6143/6211 6236/6304 6238/6306 
f 6144/6212 6143/6211 6239/6307 6148/6216 
f 6240/6308 6241/6309 6239/6307 6238/6306 
f 6242/6310 6148/6216 6239/6307 6241/6309 
f 6149/6217 6148/6216 6242/6310 6153/6221 
f 6163/6231 6161/6229 6242/6310 6241/6309 
f 6158/6226 6153/6221 6242/6310 6161/6229 
f 6165/6233 6163/6231 6241/6309 6240/6308 
f 6237/6305 6243/6311 6240/6308 6238/6306 
f 6167/6235 6165/6233 6240/6308 6243/6311 
f 6244/6312 6245/6313 6243/6311 6237/6305 
f 6169/6237 6167/6235 6243/6311 6245/6313 
f 6246/6314 6174/6242 6245/6313 6244/6312 
f 6171/6239 6169/6237 6245/6313 6174/6242 
f 6234/6302 6247/6315 6246/6314 6244/6312 
f 6248/6316 6177/6245 6246/6314 6247/6315 
f 6175/6243 6174/6242 6246/6314 6177/6245 
f 6249/6317 6250/6318 6248/6316 6247/6315 
f 6251/6319 6180/6248 6248/6316 6250/6318 
f 6178/6246 6177/6245 6248/6316 6180/6248 
f 6252/6320 6253/6321 6251/6319 6250/6318 
f 6254/6322 6183/6251 6251/6319 6253/6321 
f 6181/6249 6180/6248 6251/6319 6183/6251 
f 6255/6323 6256/6324 6254/6322 6253/6321 
f 6257/6325 6186/6254 6254/6322 6256/6324 
f 6184/6252 6183/6251 6254/6322 6186/6254 
f 6258/6326 6259/6327 6257/6325 6256/6324 
f 6260/6328 6189/6257 6257/6325 6259/6327 
f 6187/6255 6186/6254 6257/6325 6189/6257 
f 6261/6329 6262/6330 6260/6328 6259/6327 
f 6263/6331 6192/6260 6260/6328 6262/6330 
f 6190/6258 6189/6257 6260/6328 6192/6260 
f 6264/6332 6265/6333 6263/6331 6262/6330 
f 6266/6334 6195/6263 6263/6331 6265/6333 
f 6193/6261 6192/6260 6263/6331 6195/6263 
f 6267/6335 375/379 6266/6334 6265/6333 
f 376/380 6198/6266 6266/6334 375/379 
f 6196/6264 6195/6263 6266/6334 6198/6266 
f 6212/6280 6211/6279 6267/6335 6214/6282 
f 374/378 375/379 6267/6335 6211/6279 
f 6264/6332 6214/6282 6267/6335 6265/6333 
f 6215/6283 6214/6282 6264/6332 6217/6285 
f 6261/6329 6217/6285 6264/6332 6262/6330 
f 6218/6286 6217/6285 6261/6329 6220/6288 
f 6258/6326 6220/6288 6261/6329 6259/6327 
f 6221/6289 6220/6288 6258/6326 6223/6291 
f 6255/6323 6223/6291 6258/6326 6256/6324 
f 6224/6292 6223/6291 6255/6323 6226/6294 
f 6252/6320 6226/6294 6255/6323 6253/6321 
f 6227/6295 6226/6294 6252/6320 6229/6297 
f 6249/6317 6229/6297 6252/6320 6250/6318 
f 6230/6298 6229/6297 6249/6317 6232/6300 
f 6234/6302 6232/6300 6249/6317 6247/6315 
f 6235/6303 6234/6302 6244/6312 6237/6305 
f 371/375 374/378 6211/6279 6209/6277 
f 372/376 371/375 6207/6275 6203/6271 
f 377/381 372/376 6203/6271 6201/6269 
f 376/380 377/381 6199/6267 6198/6266 
f 4590/4629 6268/6336 6156/6224 6269/6337 
f 6151/6219 6152/6220 6156/6224 6268/6336 
f 6022/6090 6269/6337 6156/6224 6024/6092 
f 4586/4625 4585/4624 6268/6336 4590/4629 
f 6270/6338 6151/6219 6268/6336 4585/4624 
f 4581/4620 4580/4619 6270/6338 4585/4624 
f 213/217 6146/6214 6270/6338 4580/4619 
f 6147/6215 6151/6219 6270/6338 6146/6214 
f 4591/4630 4590/4629 6269/6337 4594/4633 
f 4596/4635 4594/4633 6269/6337 6022/6090 
f 216/220 6142/6210 6146/6214 213/217 
f 4556/4595 4555/4594 6120/6188 4560/4599 
f 6115/6183 6116/6184 6120/6188 4555/4594 
f 4562/4601 4560/4599 6120/6188 6121/6189 
f 4551/4590 4550/4589 6115/6183 4555/4594 
f 6110/6178 6111/6179 6115/6183 4550/4589 
f 4546/4585 4545/4584 6110/6178 4550/4589 
f 6105/6173 6106/6174 6110/6178 4545/4584 
f 4541/4580 4540/4579 6105/6173 4545/4584 
f 6100/6168 6101/6169 6105/6173 4540/4579 
f 4536/4575 4535/4574 6100/6168 4540/4579 
f 6095/6163 6096/6164 6100/6168 4535/4574 
f 4531/4570 4530/4569 6095/6163 4535/4574 
f 58/58 6093/6161 6095/6163 4530/4569 
f 214/218 213/217 4580/4619 4577/4616 
f 57/57 58/58 4530/4569 4526/4565 
f 4477/4516 4476/4515 4513/4552 4479/4518 
f 4480/4519 4479/4518 4509/4548 4482/4521 
f 4483/4522 4482/4521 4505/4544 4485/4524 
f 4486/4525 4485/4524 4501/4540 4488/4527 
f 51/51 52/52 4476/4515 4474/4513 
f 54/54 49/49 4471/4510 4470/4509 
f 28/28 27/27 3940/3967 3936/3963 
f 3924/3951 25/25 3927/3954 3925/3952 
f 3866/3884 3865/3883 3875/3897 3869/3889 
f 632/636 633/637 3822/3840 3820/3838 
f 63/63 65/65 3747/3765 3746/3764 
f 3669/3687 3668/3686 3674/3692 3671/3689 
f 6271/6339 6272/6340 3638/3656 3194/3202 
f 3633/3651 3634/3652 3638/3656 6272/6340 
f 3195/3203 3194/3202 3638/3656 3639/3657 
f 6273/6341 6274/6342 6272/6340 6271/6339 
f 6275/6343 3633/3651 6272/6340 6274/6342 
f 6276/6344 6277/6345 6275/6343 6274/6342 
f 6278/6346 3628/3646 6275/6343 6277/6345 
f 3629/3647 3633/3651 6275/6343 3628/3646 
f 6279/6347 6280/6348 6278/6346 6277/6345 
f 540/544 3623/3641 6278/6346 6280/6348 
f 3624/3642 3628/3646 6278/6346 3623/3641 
f 3178/3186 6281/6349 6280/6348 6279/6347 
f 539/543 540/544 6280/6348 6281/6349 
f 3176/3184 3175/3183 6281/6349 3178/3186 
f 6282/6350 539/543 6281/6349 3175/3183 
f 3173/3181 3172/3180 6282/6350 3175/3183 
f 526/530 525/529 6282/6350 3172/3180 
f 538/542 539/543 6282/6350 525/529 
f 3179/3187 3178/3186 6279/6347 3181/3189 
f 6276/6344 3181/3189 6279/6347 6277/6345 
f 3182/3190 3181/3189 6276/6344 3184/3192 
f 6273/6341 3184/3192 6276/6344 6274/6342 
f 3185/3193 3184/3192 6273/6341 3187/3195 
f 3189/3197 3187/3195 6273/6341 6271/6339 
f 3191/3199 3189/3197 6271/6339 3194/3202 
f 537/541 3619/3637 3623/3641 540/544 
f 3600/3618 3599/3617 3607/3625 3602/3620 
f 195/199 196/200 3523/3541 3522/3540 
f 186/190 195/199 3522/3540 6283/6351 
f 3519/3537 6283/6351 3522/3540 3520/3538 
f 185/189 186/190 6283/6351 6284/6352 
f 6285/6353 6284/6352 6283/6351 3519/3537 
f 172/176 6284/6352 6285/6353 173/177 
f 3517/3535 3516/3534 6285/6353 3519/3537 
f 174/178 173/177 6285/6353 3516/3534 
f 182/186 185/189 6284/6352 172/176 
f 6286/6354 174/178 3516/3534 3514/3532 
f 3505/3523 6287/6355 6286/6354 3507/3525 
f 171/175 174/178 6286/6354 6287/6355 
f 3509/3527 3507/3525 6286/6354 3514/3532 
f 168/172 171/175 6287/6355 6288/6356 
f 3503/3521 6288/6356 6287/6355 3505/3523 
f 6289/6357 168/172 6288/6356 6290/6358 
f 3501/3519 6290/6358 6288/6356 3503/3521 
f 6291/6359 6292/6360 6289/6357 6293/6361 
f 169/173 168/172 6289/6357 6292/6360 
f 6294/6362 6293/6361 6289/6357 6290/6358 
f 6295/6363 6293/6361 6294/6362 6296/6364 
f 3501/3519 3499/3517 6294/6362 6290/6358 
f 3497/3515 6296/6364 6294/6362 3499/3517 
f 34/34 6297/6365 6295/6363 35/35 
f 6291/6359 6293/6361 6295/6363 6297/6365 
f 38/38 35/35 6295/6363 6296/6364 
f 194/198 188/192 6297/6365 34/34 
f 183/187 6291/6359 6297/6365 188/192 
f 3495/3513 38/38 6296/6364 3497/3515 
f 183/187 182/186 6292/6360 6291/6359 
f 172/176 169/173 6292/6360 182/186 
f 39/39 38/38 3495/3513 3493/3511 
f 40/40 39/39 3493/3511 3491/3509 
f 3488/3506 40/40 3491/3509 3489/3507 
f 369/373 368/372 3475/3491 3473/3489 
f 370/374 369/373 3473/3489 3472/3488 
f 3406/3414 3405/3413 3411/3419 3408/3416 
f 503/507 500/504 3383/3391 2937/2941 
f 643/647 642/646 3339/3347 3336/3344 
f 3290/3298 3289/3297 3295/3303 3292/3300 
f 304/308 303/307 3253/3261 3251/3259 
f 299/303 302/306 3248/3256 310/314 
f 323/327 322/326 3244/3252 3243/3251 
f 331/335 323/327 3243/3251 3242/3250 
f 527/531 526/530 3172/3180 3170/3178 
f 524/528 527/531 3168/3176 3167/3175 
f 505/509 504/508 2935/2939 2934/2938 
f 2907/2911 135/136 2910/2914 2908/2912 
f 2897/2901 2896/2900 2904/2908 2900/2904 
f 2881/2885 2880/2884 2890/2894 2884/2888 
f 202/206 205/209 2883/2887 2364/2368 
f 2845/2849 2844/2848 2862/2866 2860/2864 
f 2846/2850 2845/2849 2860/2864 2858/2862 
f 2848/2852 2846/2850 2858/2862 2854/2858 
f 2735/2739 2734/2738 2800/2804 2737/2741 
f 2738/2742 2737/2741 2796/2800 2795/2799 
f 388/392 383/387 2795/2799 2791/2795 
f 382/386 2738/2742 2795/2799 383/387 
f 2741/2745 386/390 2781/2785 2743/2747 
f 2255/2259 6298/6366 2665/2669 2256/2260 
f 2660/2664 2661/2665 2665/2669 6298/6366 
f 2258/2262 2256/2260 2665/2669 2666/2670 
f 2254/2258 6299/6367 6298/6366 2255/2259 
f 6300/6368 2660/2664 6298/6366 6299/6367 
f 6301/6369 6302/6370 6300/6368 6299/6367 
f 6303/6371 2655/2659 6300/6368 6302/6370 
f 2656/2660 2660/2664 6300/6368 2655/2659 
f 560/564 6304/6372 6303/6371 6302/6370 
f 6305/6373 2650/2654 6303/6371 6304/6372 
f 2651/2655 2655/2659 6303/6371 2650/2654 
f 6306/6374 6307/6375 6305/6373 6304/6372 
f 6308/6376 2645/2649 6305/6373 6307/6375 
f 2646/2650 2650/2654 6305/6373 2645/2649 
f 6309/6377 6310/6378 6308/6376 6307/6375 
f 6311/6379 2640/2644 6308/6376 6310/6378 
f 2641/2645 2645/2649 6308/6376 2640/2644 
f 6312/6380 6313/6381 6311/6379 6310/6378 
f 6314/6382 2635/2639 6311/6379 6313/6381 
f 2636/2640 2640/2644 6311/6379 2635/2639 
f 6315/6383 6316/6384 6314/6382 6313/6381 
f 6317/6385 2630/2634 6314/6382 6316/6384 
f 2631/2635 2635/2639 6314/6382 2630/2634 
f 6318/6386 6319/6387 6317/6385 6316/6384 
f 498/502 2625/2629 6317/6385 6319/6387 
f 2626/2630 2630/2634 6317/6385 2625/2629 
f 6320/6388 6321/6389 6319/6387 6318/6386 
f 495/499 498/502 6319/6387 6321/6389 
f 654/658 655/659 6321/6389 6320/6388 
f 492/496 495/499 6321/6389 655/659 
f 653/657 654/658 6320/6388 6322/6390 
f 6323/6391 6322/6390 6320/6388 6318/6386 
f 6324/6392 6322/6390 6323/6391 6325/6393 
f 6316/6384 6315/6383 6323/6391 6318/6386 
f 6326/6394 6325/6393 6323/6391 6315/6383 
f 6327/6395 6325/6393 6326/6394 6328/6396 
f 6313/6381 6312/6380 6326/6394 6315/6383 
f 6329/6397 6328/6396 6326/6394 6312/6380 
f 6330/6398 6328/6396 6329/6397 6331/6399 
f 6310/6378 6309/6377 6329/6397 6312/6380 
f 6332/6400 6331/6399 6329/6397 6309/6377 
f 6333/6401 6331/6399 6332/6400 564/568 
f 6307/6375 6306/6374 6332/6400 6309/6377 
f 563/567 564/568 6332/6400 6306/6374 
f 2220/2224 2219/2223 6333/6401 2222/2226 
f 6330/6398 6331/6399 6333/6401 2219/2223 
f 565/569 2222/2226 6333/6401 564/568 
f 2217/2221 2216/2220 6330/6398 2219/2223 
f 6327/6395 6328/6396 6330/6398 2216/2220 
f 2214/2218 2213/2217 6327/6395 2216/2220 
f 6324/6392 6325/6393 6327/6395 2213/2217 
f 2211/2215 2210/2214 6324/6392 2213/2217 
f 653/657 6322/6390 6324/6392 2210/2214 
f 560/564 563/567 6306/6374 6304/6372 
f 561/565 560/564 6302/6370 6301/6369 
f 566/570 561/565 6301/6369 6334/6402 
f 2254/2258 6334/6402 6301/6369 6299/6367 
f 6335/6403 566/570 6334/6402 2251/2255 
f 2252/2256 2251/2255 6334/6402 2254/2258 
f 2244/2248 6336/6404 6335/6403 2246/2250 
f 567/571 566/570 6335/6403 6336/6404 
f 2248/2252 2246/2250 6335/6403 2251/2255 
f 2242/2246 6337/6405 6336/6404 2244/2248 
f 570/574 567/571 6336/6404 6337/6405 
f 2240/2244 2239/2243 6337/6405 2242/2246 
f 6338/6406 570/574 6337/6405 2239/2243 
f 2236/2240 2230/2234 6338/6406 2239/2243 
f 2228/2232 2227/2231 6338/6406 2230/2234 
f 569/573 570/574 6338/6406 2227/2231 
f 497/501 2621/2625 2625/2629 498/502 
f 655/659 646/650 2612/2616 492/496 
f 460/464 461/465 2584/2588 2187/2191 
f 447/451 450/454 2547/2551 2545/2549 
f 448/452 447/451 2543/2547 2542/2546 
f 141/142 140/141 2524/2528 2523/2527 
f 100/101 101/102 2477/2481 2476/2480 
f 212/216 203/207 2362/2366 2361/2365 
f 243/247 246/250 2342/2346 2340/2344 
f 381/385 379/383 2327/2331 2325/2329 
f 258/262 381/385 2323/2327 259/263 
f 1759/1763 1758/1762 2238/2242 1761/1765 
f 1756/1760 1755/1759 2235/2239 1758/1762 
f 1753/1757 1752/1756 2233/2237 1755/1759 
f 568/572 569/573 2227/2231 2225/2229 
f 565/569 568/572 2223/2227 2222/2226 
f 652/656 653/657 2210/2214 2208/2212 
f 649/653 650/654 2205/2209 2204/2208 
f 458/462 459/463 2185/2189 2184/2188 
f 485/489 488/492 2039/2043 2037/2041 
f 221/225 220/224 1981/1985 1980/1984 
f 1836/1840 1834/1838 1956/1960 1954/1958 
f 1762/1766 1761/1765 1767/1771 1764/1768 
f 1747/1751 1746/1750 1752/1756 1749/1753 
f 587/591 583/587 1643/1647 1641/1645 
f 586/590 587/591 1639/1643 1638/1642 
f 510/514 513/517 1563/1567 1561/1565 
f 532/536 510/514 1561/1565 1559/1563 
f 531/535 532/536 1559/1563 1557/1561 
f 528/532 531/535 1557/1561 1554/1558 
f 534/538 529/533 1552/1556 1551/1555 
f 1422/1426 1421/1425 1428/1432 1425/1429 
f 6339/6407 6340/6408 1424/1428 809/813 
f 1419/1423 1420/1424 1424/1428 6340/6408 
f 810/814 809/813 1424/1428 812/816 
f 793/797 6341/6409 6340/6408 6339/6407 
f 6342/6410 1419/1423 6340/6408 6341/6409 
f 6343/6411 6344/6412 6342/6410 6341/6409 
f 6345/6413 1414/1418 6342/6410 6344/6412 
f 1415/1419 1419/1423 6342/6410 1414/1418 
f 6346/6414 6347/6415 6345/6413 6344/6412 
f 6348/6416 1409/1413 6345/6413 6347/6415 
f 1410/1414 1414/1418 6345/6413 1409/1413 
f 6349/6417 6350/6418 6348/6416 6347/6415 
f 6351/6419 1404/1408 6348/6416 6350/6418 
f 1405/1409 1409/1413 6348/6416 1404/1408 
f 6352/6420 6353/6421 6351/6419 6350/6418 
f 6354/6422 1399/1403 6351/6419 6353/6421 
f 1400/1404 1404/1408 6351/6419 1399/1403 
f 6355/6423 6356/6424 6354/6422 6353/6421 
f 103/104 1394/1398 6354/6422 6356/6424 
f 1395/1399 1399/1403 6354/6422 1394/1398 
f 768/772 6357/6425 6356/6424 6355/6423 
f 104/105 103/104 6356/6424 6357/6425 
f 764/768 763/767 6357/6425 768/772 
f 107/108 104/105 6357/6425 763/767 
f 769/773 768/772 6355/6423 773/777 
f 6352/6420 773/777 6355/6423 6353/6421 
f 774/778 773/777 6352/6420 778/782 
f 6349/6417 778/782 6352/6420 6350/6418 
f 779/783 778/782 6349/6417 783/787 
f 6346/6414 783/787 6349/6417 6347/6415 
f 784/788 783/787 6346/6414 788/792 
f 6343/6411 788/792 6346/6414 6344/6412 
f 789/793 788/792 6343/6411 791/795 
f 793/797 791/795 6343/6411 6341/6409 
f 794/798 793/797 6339/6407 797/801 
f 807/811 797/801 6339/6407 809/813 
f 106/107 1390/1394 1394/1398 103/104 
f 1384/1388 1383/1387 1391/1395 1386/1390 
f 11/11 16/16 1325/1329 1324/1328 
f 1286/1290 1285/1289 1292/1296 1288/1292 
f 1273/1277 1272/1276 1279/1283 1275/1279 
f 592/596 593/597 1230/1234 1228/1232 
f 598/602 590/594 1225/1229 1224/1228 
f 828/832 827/831 1086/1090 830/834 
f 840/844 839/843 1081/1085 1080/1084 
f 1071/1075 6358/6426 1080/1084 1073/1077 
f 841/845 840/844 1080/1084 6358/6426 
f 1068/1072 1067/1071 6358/6426 1071/1075 
f 843/847 841/845 6358/6426 1067/1071 
f 845/849 843/847 1067/1071 1063/1067 
f 846/850 845/849 1059/1063 848/852 
f 852/856 850/854 1049/1053 1048/1052 
f 1043/1047 857/861 1048/1052 1044/1048 
f 854/858 852/856 1048/1052 857/861 
f 1038/1042 6359/6427 1043/1047 1039/1043 
f 858/862 857/861 1043/1047 6359/6427 
f 6360/6428 6361/6429 6359/6427 1038/1042 
f 859/863 858/862 6359/6427 6361/6429 
f 6362/6430 6363/6431 6361/6429 6360/6428 
f 861/865 859/863 6361/6429 6363/6431 
f 6364/6432 6365/6433 6363/6431 6362/6430 
f 863/867 861/865 6363/6431 6365/6433 
f 6366/6434 6367/6435 6365/6433 6364/6432 
f 865/869 863/867 6365/6433 6367/6435 
f 6368/6436 870/874 6367/6435 6366/6434 
f 867/871 865/869 6367/6435 870/874 
f 6369/6437 6370/6438 6368/6436 6366/6434 
f 6371/6439 873/877 6368/6436 6370/6438 
f 871/875 870/874 6368/6436 873/877 
f 6372/6440 6373/6441 6371/6439 6370/6438 
f 6374/6442 876/880 6371/6439 6373/6441 
f 874/878 873/877 6371/6439 876/880 
f 6375/6443 6376/6444 6374/6442 6373/6441 
f 6377/6445 879/883 6374/6442 6376/6444 
f 877/881 876/880 6374/6442 879/883 
f 6378/6446 6379/6447 6377/6445 6376/6444 
f 6380/6448 882/886 6377/6445 6379/6447 
f 880/884 879/883 6377/6445 882/886 
f 6381/6449 6382/6450 6380/6448 6379/6447 
f 6383/6451 885/889 6380/6448 6382/6450 
f 883/887 882/886 6380/6448 885/889 
f 6384/6452 6385/6453 6383/6451 6382/6450 
f 6386/6454 888/892 6383/6451 6385/6453 
f 886/890 885/889 6383/6451 888/892 
f 6387/6455 6388/6456 6386/6454 6385/6453 
f 6389/6457 891/895 6386/6454 6388/6456 
f 889/893 888/892 6386/6454 891/895 
f 6390/6458 6391/6459 6389/6457 6388/6456 
f 6392/6460 894/898 6389/6457 6391/6459 
f 892/896 891/895 6389/6457 894/898 
f 6393/6461 6394/6462 6392/6460 6391/6459 
f 6395/6463 897/901 6392/6460 6394/6462 
f 895/899 894/898 6392/6460 897/901 
f 6396/6464 6397/6465 6395/6463 6394/6462 
f 6398/6466 900/904 6395/6463 6397/6465 
f 898/902 897/901 6395/6463 900/904 
f 6399/6467 6400/6468 6398/6466 6397/6465 
f 6401/6469 903/907 6398/6466 6400/6468 
f 901/905 900/904 6398/6466 903/907 
f 6402/6470 6403/6471 6401/6469 6400/6468 
f 6404/6472 906/910 6401/6469 6403/6471 
f 904/908 903/907 6401/6469 906/910 
f 6405/6473 6406/6474 6404/6472 6403/6471 
f 6407/6475 909/913 6404/6472 6406/6474 
f 907/911 906/910 6404/6472 909/913 
f 6408/6476 6409/6477 6407/6475 6406/6474 
f 6410/6478 912/916 6407/6475 6409/6477 
f 910/914 909/913 6407/6475 912/916 
f 6411/6479 6412/6480 6410/6478 6409/6477 
f 6413/6481 915/919 6410/6478 6412/6480 
f 913/917 912/916 6410/6478 915/919 
f 6414/6482 6415/6483 6413/6481 6412/6480 
f 6416/6484 918/922 6413/6481 6415/6483 
f 916/920 915/919 6413/6481 918/922 
f 6417/6485 6418/6486 6416/6484 6415/6483 
f 6419/6487 921/925 6416/6484 6418/6486 
f 919/923 918/922 6416/6484 921/925 
f 6420/6488 6421/6489 6419/6487 6418/6486 
f 926/930 924/928 6419/6487 6421/6489 
f 922/926 921/925 6419/6487 924/928 
f 6422/6490 935/939 6421/6489 6420/6488 
f 928/932 926/930 6421/6489 935/939 
f 6423/6491 940/944 6422/6490 6424/6492 
f 936/940 935/939 6422/6490 940/944 
f 6425/6493 6424/6492 6422/6490 6420/6488 
f 576/580 6424/6492 6425/6493 575/579 
f 6418/6486 6417/6485 6425/6493 6420/6488 
f 6426/6494 575/579 6425/6493 6417/6485 
f 574/578 575/579 6426/6494 6427/6495 
f 6415/6483 6414/6482 6426/6494 6417/6485 
f 6428/6496 6427/6495 6426/6494 6414/6482 
f 6429/6497 6427/6495 6428/6496 6430/6498 
f 6412/6480 6411/6479 6428/6496 6414/6482 
f 6431/6499 6430/6498 6428/6496 6411/6479 
f 6432/6500 6430/6498 6431/6499 6433/6501 
f 6409/6477 6408/6476 6431/6499 6411/6479 
f 6434/6502 6433/6501 6431/6499 6408/6476 
f 6435/6503 6433/6501 6434/6502 6436/6504 
f 6406/6474 6405/6473 6434/6502 6408/6476 
f 6437/6505 6436/6504 6434/6502 6405/6473 
f 6438/6506 6436/6504 6437/6505 6439/6507 
f 6403/6471 6402/6470 6437/6505 6405/6473 
f 6440/6508 6439/6507 6437/6505 6402/6470 
f 6441/6509 6439/6507 6440/6508 6442/6510 
f 6400/6468 6399/6467 6440/6508 6402/6470 
f 6443/6511 6442/6510 6440/6508 6399/6467 
f 6444/6512 6442/6510 6443/6511 6445/6513 
f 6397/6465 6396/6464 6443/6511 6399/6467 
f 6446/6514 6445/6513 6443/6511 6396/6464 
f 6447/6515 6445/6513 6446/6514 6448/6516 
f 6394/6462 6393/6461 6446/6514 6396/6464 
f 6449/6517 6448/6516 6446/6514 6393/6461 
f 6450/6518 6448/6516 6449/6517 6451/6519 
f 6391/6459 6390/6458 6449/6517 6393/6461 
f 6452/6520 6451/6519 6449/6517 6390/6458 
f 6453/6521 6451/6519 6452/6520 6454/6522 
f 6388/6456 6387/6455 6452/6520 6390/6458 
f 6455/6523 6454/6522 6452/6520 6387/6455 
f 6456/6524 6454/6522 6455/6523 6457/6525 
f 6385/6453 6384/6452 6455/6523 6387/6455 
f 6458/6526 6457/6525 6455/6523 6384/6452 
f 6459/6527 6457/6525 6458/6526 6460/6528 
f 6382/6450 6381/6449 6458/6526 6384/6452 
f 6461/6529 6460/6528 6458/6526 6381/6449 
f 6462/6530 6460/6528 6461/6529 6463/6531 
f 6379/6447 6378/6446 6461/6529 6381/6449 
f 6464/6532 6463/6531 6461/6529 6378/6446 
f 6465/6533 6463/6531 6464/6532 6466/6534 
f 6376/6444 6375/6443 6464/6532 6378/6446 
f 6467/6535 6466/6534 6464/6532 6375/6443 
f 6468/6536 6466/6534 6467/6535 6469/6537 
f 6373/6441 6372/6440 6467/6535 6375/6443 
f 6470/6538 6469/6537 6467/6535 6372/6440 
f 6471/6539 6469/6537 6470/6538 6472/6540 
f 6370/6438 6369/6437 6470/6538 6372/6440 
f 6473/6541 6472/6540 6470/6538 6369/6437 
f 6474/6542 6472/6540 6473/6541 6475/6543 
f 6366/6434 6364/6432 6473/6541 6369/6437 
f 6362/6430 6475/6543 6473/6541 6364/6432 
f 1030/1034 6476/6544 6474/6542 1032/1036 
f 6471/6539 6472/6540 6474/6542 6476/6544 
f 1034/1038 1032/1036 6474/6542 6475/6543 
f 1028/1032 6477/6545 6476/6544 1030/1034 
f 6478/6546 6471/6539 6476/6544 6477/6545 
f 1024/1028 6479/6547 6478/6546 6477/6545 
f 6480/6548 6468/6536 6478/6546 6479/6547 
f 6469/6537 6471/6539 6478/6546 6468/6536 
f 6481/6549 6482/6550 6480/6548 6479/6547 
f 6483/6551 6465/6533 6480/6548 6482/6550 
f 6466/6534 6468/6536 6480/6548 6465/6533 
f 6484/6552 6485/6553 6483/6551 6482/6550 
f 6486/6554 6462/6530 6483/6551 6485/6553 
f 6463/6531 6465/6533 6483/6551 6462/6530 
f 6487/6555 6488/6556 6486/6554 6485/6553 
f 6489/6557 6459/6527 6486/6554 6488/6556 
f 6460/6528 6462/6530 6486/6554 6459/6527 
f 6490/6558 6491/6559 6489/6557 6488/6556 
f 6492/6560 6456/6524 6489/6557 6491/6559 
f 6457/6525 6459/6527 6489/6557 6456/6524 
f 6493/6561 6494/6562 6492/6560 6491/6559 
f 6495/6563 6453/6521 6492/6560 6494/6562 
f 6454/6522 6456/6524 6492/6560 6453/6521 
f 6496/6564 6497/6565 6495/6563 6494/6562 
f 6498/6566 6450/6518 6495/6563 6497/6565 
f 6451/6519 6453/6521 6495/6563 6450/6518 
f 6499/6567 6500/6568 6498/6566 6497/6565 
f 6501/6569 6447/6515 6498/6566 6500/6568 
f 6448/6516 6450/6518 6498/6566 6447/6515 
f 6502/6570 6503/6571 6501/6569 6500/6568 
f 6504/6572 6444/6512 6501/6569 6503/6571 
f 6445/6513 6447/6515 6501/6569 6444/6512 
f 6505/6573 6506/6574 6504/6572 6503/6571 
f 6507/6575 6441/6509 6504/6572 6506/6574 
f 6442/6510 6444/6512 6504/6572 6441/6509 
f 6508/6576 6509/6577 6507/6575 6506/6574 
f 6510/6578 6438/6506 6507/6575 6509/6577 
f 6439/6507 6441/6509 6507/6575 6438/6506 
f 6511/6579 6512/6580 6510/6578 6509/6577 
f 6513/6581 6435/6503 6510/6578 6512/6580 
f 6436/6504 6438/6506 6510/6578 6435/6503 
f 6514/6582 6515/6583 6513/6581 6512/6580 
f 6516/6584 6432/6500 6513/6581 6515/6583 
f 6433/6501 6435/6503 6513/6581 6432/6500 
f 6517/6585 6518/6586 6516/6584 6515/6583 
f 571/575 6429/6497 6516/6584 6518/6586 
f 6430/6498 6432/6500 6516/6584 6429/6497 
f 6519/6587 6520/6588 6518/6586 6517/6585 
f 572/576 571/575 6518/6586 6520/6588 
f 950/954 6521/6589 6520/6588 6519/6587 
f 577/581 572/576 6520/6588 6521/6589 
f 946/950 945/949 6521/6589 950/954 
f 6423/6491 577/581 6521/6589 945/949 
f 951/955 950/954 6519/6587 955/959 
f 6522/6590 955/959 6519/6587 6517/6585 
f 956/960 955/959 6522/6590 960/964 
f 6515/6583 6514/6582 6522/6590 6517/6585 
f 6523/6591 960/964 6522/6590 6514/6582 
f 961/965 960/964 6523/6591 965/969 
f 6512/6580 6511/6579 6523/6591 6514/6582 
f 6524/6592 965/969 6523/6591 6511/6579 
f 966/970 965/969 6524/6592 970/974 
f 6509/6577 6508/6576 6524/6592 6511/6579 
f 6525/6593 970/974 6524/6592 6508/6576 
f 971/975 970/974 6525/6593 975/979 
f 6506/6574 6505/6573 6525/6593 6508/6576 
f 6526/6594 975/979 6525/6593 6505/6573 
f 976/980 975/979 6526/6594 980/984 
f 6503/6571 6502/6570 6526/6594 6505/6573 
f 6527/6595 980/984 6526/6594 6502/6570 
f 981/985 980/984 6527/6595 985/989 
f 6500/6568 6499/6567 6527/6595 6502/6570 
f 6528/6596 985/989 6527/6595 6499/6567 
f 986/990 985/989 6528/6596 990/994 
f 6497/6565 6496/6564 6528/6596 6499/6567 
f 6529/6597 990/994 6528/6596 6496/6564 
f 991/995 990/994 6529/6597 995/999 
f 6494/6562 6493/6561 6529/6597 6496/6564 
f 6530/6598 995/999 6529/6597 6493/6561 
f 996/1000 995/999 6530/6598 1000/1004 
f 6491/6559 6490/6558 6530/6598 6493/6561 
f 6531/6599 1000/1004 6530/6598 6490/6558 
f 1001/1005 1000/1004 6531/6599 1005/1009 
f 6488/6556 6487/6555 6531/6599 6490/6558 
f 6532/6600 1005/1009 6531/6599 6487/6555 
f 1006/1010 1005/1009 6532/6600 1010/1014 
f 6485/6553 6484/6552 6532/6600 6487/6555 
f 6533/6601 1010/1014 6532/6600 6484/6552 
f 1011/1015 1010/1014 6533/6601 1015/1019 
f 6482/6550 6481/6549 6533/6601 6484/6552 
f 1023/1027 1015/1019 6533/6601 6481/6549 
f 1024/1028 1023/1027 6481/6549 6479/6547 
f 1025/1029 1024/1028 6477/6545 1028/1032 
f 6360/6428 1034/1038 6475/6543 6362/6430 
f 574/578 6427/6495 6429/6497 571/575 
f 941/945 940/944 6423/6491 945/949 
f 576/580 577/581 6423/6491 6424/6492 
f 1035/1039 1034/1038 6360/6428 1038/1042 
f 113/114 1037/1041 1041/1045 110/111 
f 983/987 984/988 988/992 5/5 
f 603/607 604/608 805/809 806/810 
f 616/620 796/800 803/807 615/619 
f 758/762 107/108 763/767 759/763 
f 665/669 687/691 691/695 668/672 
f 481/485 484/488 637/641 482/486 
f 525/529 522/526 535/539 538/542 
f 511/515 533/537 534/538 514/518 
f 511/515 510/514 532/536 533/537 
f 74/74 77/77 435/439 287/291 
f 288/292 287/291 435/439 430/434 
f 290/294 288/292 430/434 429/433 
f 289/293 291/295 412/416 73/73 
f 73/73 74/74 287/291 289/293 
f 34/34 36/36 193/197 194/198 
# 6531 polygons

